# Procedural fictitious carburetor mesh: carb_02_big_bell_racing
# Units: meters; intended for game/mod usage.
mtllib carburetors_fictional.mtl
v -0.102500 0.050000 0.020000
v -0.025000 0.027000 0.020000
v -0.102500 0.036250 0.020000
v -0.025000 0.020000 0.020000
v -0.102500 0.049686 0.025598
v -0.025000 0.026830 0.023023
v -0.102500 0.036022 0.024059
v -0.025000 0.019874 0.022239
v -0.102500 0.048746 0.031126
v -0.025000 0.026323 0.026008
v -0.102500 0.035341 0.028066
v -0.025000 0.019499 0.024450
v -0.102500 0.047194 0.036514
v -0.025000 0.025485 0.028918
v -0.102500 0.034216 0.031973
v -0.025000 0.018878 0.026606
v -0.102500 0.045048 0.041694
v -0.025000 0.024326 0.031715
v -0.102500 0.032660 0.035728
v -0.025000 0.018019 0.028678
v -0.102500 0.042336 0.046602
v -0.025000 0.022862 0.034365
v -0.102500 0.030694 0.039286
v -0.025000 0.016934 0.030641
v -0.102500 0.039092 0.051174
v -0.025000 0.021109 0.036834
v -0.102500 0.028341 0.042602
v -0.025000 0.015637 0.032470
v -0.102500 0.035355 0.055355
v -0.025000 0.019092 0.039092
v -0.102500 0.025633 0.045633
v -0.025000 0.014142 0.034142
v -0.102500 0.031174 0.059092
v -0.025000 0.016834 0.041109
v -0.102500 0.022602 0.048341
v -0.025000 0.012470 0.035637
v -0.102500 0.026602 0.062336
v -0.025000 0.014365 0.042862
v -0.102500 0.019286 0.050694
v -0.025000 0.010641 0.036934
v -0.102500 0.021694 0.065048
v -0.025000 0.011715 0.044326
v -0.102500 0.015728 0.052660
v -0.025000 0.008678 0.038019
v -0.102500 0.016514 0.067194
v -0.025000 0.008918 0.045485
v -0.102500 0.011973 0.054216
v -0.025000 0.006606 0.038878
v -0.102500 0.011126 0.068746
v -0.025000 0.006008 0.046323
v -0.102500 0.008066 0.055341
v -0.025000 0.004450 0.039499
v -0.102500 0.005598 0.069686
v -0.025000 0.003023 0.046830
v -0.102500 0.004059 0.056022
v -0.025000 0.002239 0.039874
v -0.102500 0.000000 0.070000
v -0.025000 0.000000 0.047000
v -0.102500 0.000000 0.056250
v -0.025000 0.000000 0.040000
v -0.102500 -0.005598 0.069686
v -0.025000 -0.003023 0.046830
v -0.102500 -0.004059 0.056022
v -0.025000 -0.002239 0.039874
v -0.102500 -0.011126 0.068746
v -0.025000 -0.006008 0.046323
v -0.102500 -0.008066 0.055341
v -0.025000 -0.004450 0.039499
v -0.102500 -0.016514 0.067194
v -0.025000 -0.008918 0.045485
v -0.102500 -0.011973 0.054216
v -0.025000 -0.006606 0.038878
v -0.102500 -0.021694 0.065048
v -0.025000 -0.011715 0.044326
v -0.102500 -0.015728 0.052660
v -0.025000 -0.008678 0.038019
v -0.102500 -0.026602 0.062336
v -0.025000 -0.014365 0.042862
v -0.102500 -0.019286 0.050694
v -0.025000 -0.010641 0.036934
v -0.102500 -0.031174 0.059092
v -0.025000 -0.016834 0.041109
v -0.102500 -0.022602 0.048341
v -0.025000 -0.012470 0.035637
v -0.102500 -0.035355 0.055355
v -0.025000 -0.019092 0.039092
v -0.102500 -0.025633 0.045633
v -0.025000 -0.014142 0.034142
v -0.102500 -0.039092 0.051174
v -0.025000 -0.021109 0.036834
v -0.102500 -0.028341 0.042602
v -0.025000 -0.015637 0.032470
v -0.102500 -0.042336 0.046602
v -0.025000 -0.022862 0.034365
v -0.102500 -0.030694 0.039286
v -0.025000 -0.016934 0.030641
v -0.102500 -0.045048 0.041694
v -0.025000 -0.024326 0.031715
v -0.102500 -0.032660 0.035728
v -0.025000 -0.018019 0.028678
v -0.102500 -0.047194 0.036514
v -0.025000 -0.025485 0.028918
v -0.102500 -0.034216 0.031973
v -0.025000 -0.018878 0.026606
v -0.102500 -0.048746 0.031126
v -0.025000 -0.026323 0.026008
v -0.102500 -0.035341 0.028066
v -0.025000 -0.019499 0.024450
v -0.102500 -0.049686 0.025598
v -0.025000 -0.026830 0.023023
v -0.102500 -0.036022 0.024059
v -0.025000 -0.019874 0.022239
v -0.102500 -0.050000 0.020000
v -0.025000 -0.027000 0.020000
v -0.102500 -0.036250 0.020000
v -0.025000 -0.020000 0.020000
v -0.102500 -0.049686 0.014402
v -0.025000 -0.026830 0.016977
v -0.102500 -0.036022 0.015941
v -0.025000 -0.019874 0.017761
v -0.102500 -0.048746 0.008874
v -0.025000 -0.026323 0.013992
v -0.102500 -0.035341 0.011934
v -0.025000 -0.019499 0.015550
v -0.102500 -0.047194 0.003486
v -0.025000 -0.025485 0.011082
v -0.102500 -0.034216 0.008027
v -0.025000 -0.018878 0.013394
v -0.102500 -0.045048 -0.001694
v -0.025000 -0.024326 0.008285
v -0.102500 -0.032660 0.004272
v -0.025000 -0.018019 0.011322
v -0.102500 -0.042336 -0.006602
v -0.025000 -0.022862 0.005635
v -0.102500 -0.030694 0.000714
v -0.025000 -0.016934 0.009359
v -0.102500 -0.039092 -0.011174
v -0.025000 -0.021109 0.003166
v -0.102500 -0.028341 -0.002602
v -0.025000 -0.015637 0.007530
v -0.102500 -0.035355 -0.015355
v -0.025000 -0.019092 0.000908
v -0.102500 -0.025633 -0.005633
v -0.025000 -0.014142 0.005858
v -0.102500 -0.031174 -0.019092
v -0.025000 -0.016834 -0.001109
v -0.102500 -0.022602 -0.008341
v -0.025000 -0.012470 0.004363
v -0.102500 -0.026602 -0.022336
v -0.025000 -0.014365 -0.002862
v -0.102500 -0.019286 -0.010694
v -0.025000 -0.010641 0.003066
v -0.102500 -0.021694 -0.025048
v -0.025000 -0.011715 -0.004326
v -0.102500 -0.015728 -0.012660
v -0.025000 -0.008678 0.001981
v -0.102500 -0.016514 -0.027194
v -0.025000 -0.008918 -0.005485
v -0.102500 -0.011973 -0.014216
v -0.025000 -0.006606 0.001122
v -0.102500 -0.011126 -0.028746
v -0.025000 -0.006008 -0.006323
v -0.102500 -0.008066 -0.015341
v -0.025000 -0.004450 0.000501
v -0.102500 -0.005598 -0.029686
v -0.025000 -0.003023 -0.006830
v -0.102500 -0.004059 -0.016022
v -0.025000 -0.002239 0.000126
v -0.102500 -0.000000 -0.030000
v -0.025000 -0.000000 -0.007000
v -0.102500 -0.000000 -0.016250
v -0.025000 -0.000000 0.000000
v -0.102500 0.005598 -0.029686
v -0.025000 0.003023 -0.006830
v -0.102500 0.004059 -0.016022
v -0.025000 0.002239 0.000126
v -0.102500 0.011126 -0.028746
v -0.025000 0.006008 -0.006323
v -0.102500 0.008066 -0.015341
v -0.025000 0.004450 0.000501
v -0.102500 0.016514 -0.027194
v -0.025000 0.008918 -0.005485
v -0.102500 0.011973 -0.014216
v -0.025000 0.006606 0.001122
v -0.102500 0.021694 -0.025048
v -0.025000 0.011715 -0.004326
v -0.102500 0.015728 -0.012660
v -0.025000 0.008678 0.001981
v -0.102500 0.026602 -0.022336
v -0.025000 0.014365 -0.002862
v -0.102500 0.019286 -0.010694
v -0.025000 0.010641 0.003066
v -0.102500 0.031174 -0.019092
v -0.025000 0.016834 -0.001109
v -0.102500 0.022602 -0.008341
v -0.025000 0.012470 0.004363
v -0.102500 0.035355 -0.015355
v -0.025000 0.019092 0.000908
v -0.102500 0.025633 -0.005633
v -0.025000 0.014142 0.005858
v -0.102500 0.039092 -0.011174
v -0.025000 0.021109 0.003166
v -0.102500 0.028341 -0.002602
v -0.025000 0.015637 0.007530
v -0.102500 0.042336 -0.006602
v -0.025000 0.022862 0.005635
v -0.102500 0.030694 0.000714
v -0.025000 0.016934 0.009359
v -0.102500 0.045048 -0.001694
v -0.025000 0.024326 0.008285
v -0.102500 0.032660 0.004272
v -0.025000 0.018019 0.011322
v -0.102500 0.047194 0.003486
v -0.025000 0.025485 0.011082
v -0.102500 0.034216 0.008027
v -0.025000 0.018878 0.013394
v -0.102500 0.048746 0.008874
v -0.025000 0.026323 0.013992
v -0.102500 0.035341 0.011934
v -0.025000 0.019499 0.015550
v -0.102500 0.049686 0.014402
v -0.025000 0.026830 0.016977
v -0.102500 0.036022 0.015941
v -0.025000 0.019874 0.017761
v -0.103750 0.046000 0.020000
v -0.101693 0.045332 0.020000
v -0.100421 0.043582 0.020000
v -0.100421 0.041418 0.020000
v -0.101693 0.039668 0.020000
v -0.103750 0.039000 0.020000
v -0.105807 0.039668 0.020000
v -0.107079 0.041418 0.020000
v -0.107079 0.043582 0.020000
v -0.105807 0.045332 0.020000
v -0.103750 0.045711 0.025150
v -0.101693 0.045047 0.025076
v -0.100421 0.043308 0.024880
v -0.100421 0.041158 0.024637
v -0.101693 0.039419 0.024441
v -0.103750 0.038755 0.024367
v -0.105807 0.039419 0.024441
v -0.107079 0.041158 0.024637
v -0.107079 0.043308 0.024880
v -0.105807 0.045047 0.025076
v -0.103750 0.044847 0.030236
v -0.101693 0.044195 0.030087
v -0.100421 0.042489 0.029698
v -0.100421 0.040380 0.029216
v -0.101693 0.038674 0.028827
v -0.103750 0.038022 0.028678
v -0.105807 0.038674 0.028827
v -0.107079 0.040380 0.029216
v -0.107079 0.042489 0.029698
v -0.105807 0.044195 0.030087
v -0.103750 0.043419 0.035193
v -0.101693 0.042788 0.034972
v -0.100421 0.041136 0.034394
v -0.100421 0.039094 0.033680
v -0.101693 0.037442 0.033102
v -0.103750 0.036811 0.032881
v -0.105807 0.037442 0.033102
v -0.107079 0.039094 0.033680
v -0.107079 0.041136 0.034394
v -0.105807 0.042788 0.034972
v -0.103750 0.041445 0.039959
v -0.101693 0.040842 0.039669
v -0.100421 0.039266 0.038909
v -0.100421 0.037317 0.037971
v -0.101693 0.035740 0.037211
v -0.103750 0.035138 0.036921
v -0.105807 0.035740 0.037211
v -0.107079 0.037317 0.037971
v -0.107079 0.039266 0.038909
v -0.105807 0.040842 0.039669
v -0.103750 0.038949 0.044473
v -0.101693 0.038383 0.044118
v -0.100421 0.036902 0.043187
v -0.100421 0.035070 0.042036
v -0.101693 0.033588 0.041105
v -0.103750 0.033022 0.040749
v -0.105807 0.033588 0.041105
v -0.107079 0.035070 0.042036
v -0.107079 0.036902 0.043187
v -0.105807 0.038383 0.044118
v -0.103750 0.035964 0.048681
v -0.101693 0.035442 0.048264
v -0.100421 0.034073 0.047173
v -0.100421 0.032382 0.045824
v -0.101693 0.031014 0.044733
v -0.103750 0.030491 0.044316
v -0.105807 0.031014 0.044733
v -0.107079 0.032382 0.045824
v -0.107079 0.034073 0.047173
v -0.105807 0.035442 0.048264
v -0.103750 0.032527 0.052527
v -0.101693 0.032054 0.052054
v -0.100421 0.030817 0.050817
v -0.100421 0.029287 0.049287
v -0.101693 0.028050 0.048050
v -0.103750 0.027577 0.047577
v -0.105807 0.028050 0.048050
v -0.107079 0.029287 0.049287
v -0.107079 0.030817 0.050817
v -0.105807 0.032054 0.052054
v -0.103750 0.028681 0.055964
v -0.101693 0.028264 0.055442
v -0.100421 0.027173 0.054073
v -0.100421 0.025824 0.052382
v -0.101693 0.024733 0.051014
v -0.103750 0.024316 0.050491
v -0.105807 0.024733 0.051014
v -0.107079 0.025824 0.052382
v -0.107079 0.027173 0.054073
v -0.105807 0.028264 0.055442
v -0.103750 0.024473 0.058949
v -0.101693 0.024118 0.058383
v -0.100421 0.023187 0.056902
v -0.100421 0.022036 0.055070
v -0.101693 0.021105 0.053588
v -0.103750 0.020749 0.053022
v -0.105807 0.021105 0.053588
v -0.107079 0.022036 0.055070
v -0.107079 0.023187 0.056902
v -0.105807 0.024118 0.058383
v -0.103750 0.019959 0.061445
v -0.101693 0.019669 0.060842
v -0.100421 0.018909 0.059266
v -0.100421 0.017971 0.057317
v -0.101693 0.017211 0.055740
v -0.103750 0.016921 0.055138
v -0.105807 0.017211 0.055740
v -0.107079 0.017971 0.057317
v -0.107079 0.018909 0.059266
v -0.105807 0.019669 0.060842
v -0.103750 0.015193 0.063419
v -0.101693 0.014972 0.062788
v -0.100421 0.014394 0.061136
v -0.100421 0.013680 0.059094
v -0.101693 0.013102 0.057442
v -0.103750 0.012881 0.056811
v -0.105807 0.013102 0.057442
v -0.107079 0.013680 0.059094
v -0.107079 0.014394 0.061136
v -0.105807 0.014972 0.062788
v -0.103750 0.010236 0.064847
v -0.101693 0.010087 0.064195
v -0.100421 0.009698 0.062489
v -0.100421 0.009216 0.060380
v -0.101693 0.008827 0.058674
v -0.103750 0.008678 0.058022
v -0.105807 0.008827 0.058674
v -0.107079 0.009216 0.060380
v -0.107079 0.009698 0.062489
v -0.105807 0.010087 0.064195
v -0.103750 0.005150 0.065711
v -0.101693 0.005076 0.065047
v -0.100421 0.004880 0.063308
v -0.100421 0.004637 0.061158
v -0.101693 0.004441 0.059419
v -0.103750 0.004367 0.058755
v -0.105807 0.004441 0.059419
v -0.107079 0.004637 0.061158
v -0.107079 0.004880 0.063308
v -0.105807 0.005076 0.065047
v -0.103750 0.000000 0.066000
v -0.101693 0.000000 0.065332
v -0.100421 0.000000 0.063582
v -0.100421 0.000000 0.061418
v -0.101693 0.000000 0.059668
v -0.103750 0.000000 0.059000
v -0.105807 0.000000 0.059668
v -0.107079 0.000000 0.061418
v -0.107079 0.000000 0.063582
v -0.105807 0.000000 0.065332
v -0.103750 -0.005150 0.065711
v -0.101693 -0.005076 0.065047
v -0.100421 -0.004880 0.063308
v -0.100421 -0.004637 0.061158
v -0.101693 -0.004441 0.059419
v -0.103750 -0.004367 0.058755
v -0.105807 -0.004441 0.059419
v -0.107079 -0.004637 0.061158
v -0.107079 -0.004880 0.063308
v -0.105807 -0.005076 0.065047
v -0.103750 -0.010236 0.064847
v -0.101693 -0.010087 0.064195
v -0.100421 -0.009698 0.062489
v -0.100421 -0.009216 0.060380
v -0.101693 -0.008827 0.058674
v -0.103750 -0.008678 0.058022
v -0.105807 -0.008827 0.058674
v -0.107079 -0.009216 0.060380
v -0.107079 -0.009698 0.062489
v -0.105807 -0.010087 0.064195
v -0.103750 -0.015193 0.063419
v -0.101693 -0.014972 0.062788
v -0.100421 -0.014394 0.061136
v -0.100421 -0.013680 0.059094
v -0.101693 -0.013102 0.057442
v -0.103750 -0.012881 0.056811
v -0.105807 -0.013102 0.057442
v -0.107079 -0.013680 0.059094
v -0.107079 -0.014394 0.061136
v -0.105807 -0.014972 0.062788
v -0.103750 -0.019959 0.061445
v -0.101693 -0.019669 0.060842
v -0.100421 -0.018909 0.059266
v -0.100421 -0.017971 0.057317
v -0.101693 -0.017211 0.055740
v -0.103750 -0.016921 0.055138
v -0.105807 -0.017211 0.055740
v -0.107079 -0.017971 0.057317
v -0.107079 -0.018909 0.059266
v -0.105807 -0.019669 0.060842
v -0.103750 -0.024473 0.058949
v -0.101693 -0.024118 0.058383
v -0.100421 -0.023187 0.056902
v -0.100421 -0.022036 0.055070
v -0.101693 -0.021105 0.053588
v -0.103750 -0.020749 0.053022
v -0.105807 -0.021105 0.053588
v -0.107079 -0.022036 0.055070
v -0.107079 -0.023187 0.056902
v -0.105807 -0.024118 0.058383
v -0.103750 -0.028681 0.055964
v -0.101693 -0.028264 0.055442
v -0.100421 -0.027173 0.054073
v -0.100421 -0.025824 0.052382
v -0.101693 -0.024733 0.051014
v -0.103750 -0.024316 0.050491
v -0.105807 -0.024733 0.051014
v -0.107079 -0.025824 0.052382
v -0.107079 -0.027173 0.054073
v -0.105807 -0.028264 0.055442
v -0.103750 -0.032527 0.052527
v -0.101693 -0.032054 0.052054
v -0.100421 -0.030817 0.050817
v -0.100421 -0.029287 0.049287
v -0.101693 -0.028050 0.048050
v -0.103750 -0.027577 0.047577
v -0.105807 -0.028050 0.048050
v -0.107079 -0.029287 0.049287
v -0.107079 -0.030817 0.050817
v -0.105807 -0.032054 0.052054
v -0.103750 -0.035964 0.048681
v -0.101693 -0.035442 0.048264
v -0.100421 -0.034073 0.047173
v -0.100421 -0.032382 0.045824
v -0.101693 -0.031014 0.044733
v -0.103750 -0.030491 0.044316
v -0.105807 -0.031014 0.044733
v -0.107079 -0.032382 0.045824
v -0.107079 -0.034073 0.047173
v -0.105807 -0.035442 0.048264
v -0.103750 -0.038949 0.044473
v -0.101693 -0.038383 0.044118
v -0.100421 -0.036902 0.043187
v -0.100421 -0.035070 0.042036
v -0.101693 -0.033588 0.041105
v -0.103750 -0.033022 0.040749
v -0.105807 -0.033588 0.041105
v -0.107079 -0.035070 0.042036
v -0.107079 -0.036902 0.043187
v -0.105807 -0.038383 0.044118
v -0.103750 -0.041445 0.039959
v -0.101693 -0.040842 0.039669
v -0.100421 -0.039266 0.038909
v -0.100421 -0.037317 0.037971
v -0.101693 -0.035740 0.037211
v -0.103750 -0.035138 0.036921
v -0.105807 -0.035740 0.037211
v -0.107079 -0.037317 0.037971
v -0.107079 -0.039266 0.038909
v -0.105807 -0.040842 0.039669
v -0.103750 -0.043419 0.035193
v -0.101693 -0.042788 0.034972
v -0.100421 -0.041136 0.034394
v -0.100421 -0.039094 0.033680
v -0.101693 -0.037442 0.033102
v -0.103750 -0.036811 0.032881
v -0.105807 -0.037442 0.033102
v -0.107079 -0.039094 0.033680
v -0.107079 -0.041136 0.034394
v -0.105807 -0.042788 0.034972
v -0.103750 -0.044847 0.030236
v -0.101693 -0.044195 0.030087
v -0.100421 -0.042489 0.029698
v -0.100421 -0.040380 0.029216
v -0.101693 -0.038674 0.028827
v -0.103750 -0.038022 0.028678
v -0.105807 -0.038674 0.028827
v -0.107079 -0.040380 0.029216
v -0.107079 -0.042489 0.029698
v -0.105807 -0.044195 0.030087
v -0.103750 -0.045711 0.025150
v -0.101693 -0.045047 0.025076
v -0.100421 -0.043308 0.024880
v -0.100421 -0.041158 0.024637
v -0.101693 -0.039419 0.024441
v -0.103750 -0.038755 0.024367
v -0.105807 -0.039419 0.024441
v -0.107079 -0.041158 0.024637
v -0.107079 -0.043308 0.024880
v -0.105807 -0.045047 0.025076
v -0.103750 -0.046000 0.020000
v -0.101693 -0.045332 0.020000
v -0.100421 -0.043582 0.020000
v -0.100421 -0.041418 0.020000
v -0.101693 -0.039668 0.020000
v -0.103750 -0.039000 0.020000
v -0.105807 -0.039668 0.020000
v -0.107079 -0.041418 0.020000
v -0.107079 -0.043582 0.020000
v -0.105807 -0.045332 0.020000
v -0.103750 -0.045711 0.014850
v -0.101693 -0.045047 0.014924
v -0.100421 -0.043308 0.015120
v -0.100421 -0.041158 0.015363
v -0.101693 -0.039419 0.015559
v -0.103750 -0.038755 0.015633
v -0.105807 -0.039419 0.015559
v -0.107079 -0.041158 0.015363
v -0.107079 -0.043308 0.015120
v -0.105807 -0.045047 0.014924
v -0.103750 -0.044847 0.009764
v -0.101693 -0.044195 0.009913
v -0.100421 -0.042489 0.010302
v -0.100421 -0.040380 0.010784
v -0.101693 -0.038674 0.011173
v -0.103750 -0.038022 0.011322
v -0.105807 -0.038674 0.011173
v -0.107079 -0.040380 0.010784
v -0.107079 -0.042489 0.010302
v -0.105807 -0.044195 0.009913
v -0.103750 -0.043419 0.004807
v -0.101693 -0.042788 0.005028
v -0.100421 -0.041136 0.005606
v -0.100421 -0.039094 0.006320
v -0.101693 -0.037442 0.006898
v -0.103750 -0.036811 0.007119
v -0.105807 -0.037442 0.006898
v -0.107079 -0.039094 0.006320
v -0.107079 -0.041136 0.005606
v -0.105807 -0.042788 0.005028
v -0.103750 -0.041445 0.000041
v -0.101693 -0.040842 0.000331
v -0.100421 -0.039266 0.001091
v -0.100421 -0.037317 0.002029
v -0.101693 -0.035740 0.002789
v -0.103750 -0.035138 0.003079
v -0.105807 -0.035740 0.002789
v -0.107079 -0.037317 0.002029
v -0.107079 -0.039266 0.001091
v -0.105807 -0.040842 0.000331
v -0.103750 -0.038949 -0.004473
v -0.101693 -0.038383 -0.004118
v -0.100421 -0.036902 -0.003187
v -0.100421 -0.035070 -0.002036
v -0.101693 -0.033588 -0.001105
v -0.103750 -0.033022 -0.000749
v -0.105807 -0.033588 -0.001105
v -0.107079 -0.035070 -0.002036
v -0.107079 -0.036902 -0.003187
v -0.105807 -0.038383 -0.004118
v -0.103750 -0.035964 -0.008681
v -0.101693 -0.035442 -0.008264
v -0.100421 -0.034073 -0.007173
v -0.100421 -0.032382 -0.005824
v -0.101693 -0.031014 -0.004733
v -0.103750 -0.030491 -0.004316
v -0.105807 -0.031014 -0.004733
v -0.107079 -0.032382 -0.005824
v -0.107079 -0.034073 -0.007173
v -0.105807 -0.035442 -0.008264
v -0.103750 -0.032527 -0.012527
v -0.101693 -0.032054 -0.012054
v -0.100421 -0.030817 -0.010817
v -0.100421 -0.029287 -0.009287
v -0.101693 -0.028050 -0.008050
v -0.103750 -0.027577 -0.007577
v -0.105807 -0.028050 -0.008050
v -0.107079 -0.029287 -0.009287
v -0.107079 -0.030817 -0.010817
v -0.105807 -0.032054 -0.012054
v -0.103750 -0.028681 -0.015964
v -0.101693 -0.028264 -0.015442
v -0.100421 -0.027173 -0.014073
v -0.100421 -0.025824 -0.012382
v -0.101693 -0.024733 -0.011014
v -0.103750 -0.024316 -0.010491
v -0.105807 -0.024733 -0.011014
v -0.107079 -0.025824 -0.012382
v -0.107079 -0.027173 -0.014073
v -0.105807 -0.028264 -0.015442
v -0.103750 -0.024473 -0.018949
v -0.101693 -0.024118 -0.018383
v -0.100421 -0.023187 -0.016902
v -0.100421 -0.022036 -0.015070
v -0.101693 -0.021105 -0.013588
v -0.103750 -0.020749 -0.013022
v -0.105807 -0.021105 -0.013588
v -0.107079 -0.022036 -0.015070
v -0.107079 -0.023187 -0.016902
v -0.105807 -0.024118 -0.018383
v -0.103750 -0.019959 -0.021445
v -0.101693 -0.019669 -0.020842
v -0.100421 -0.018909 -0.019266
v -0.100421 -0.017971 -0.017317
v -0.101693 -0.017211 -0.015740
v -0.103750 -0.016921 -0.015138
v -0.105807 -0.017211 -0.015740
v -0.107079 -0.017971 -0.017317
v -0.107079 -0.018909 -0.019266
v -0.105807 -0.019669 -0.020842
v -0.103750 -0.015193 -0.023419
v -0.101693 -0.014972 -0.022788
v -0.100421 -0.014394 -0.021136
v -0.100421 -0.013680 -0.019094
v -0.101693 -0.013102 -0.017442
v -0.103750 -0.012881 -0.016811
v -0.105807 -0.013102 -0.017442
v -0.107079 -0.013680 -0.019094
v -0.107079 -0.014394 -0.021136
v -0.105807 -0.014972 -0.022788
v -0.103750 -0.010236 -0.024847
v -0.101693 -0.010087 -0.024195
v -0.100421 -0.009698 -0.022489
v -0.100421 -0.009216 -0.020380
v -0.101693 -0.008827 -0.018674
v -0.103750 -0.008678 -0.018022
v -0.105807 -0.008827 -0.018674
v -0.107079 -0.009216 -0.020380
v -0.107079 -0.009698 -0.022489
v -0.105807 -0.010087 -0.024195
v -0.103750 -0.005150 -0.025711
v -0.101693 -0.005076 -0.025047
v -0.100421 -0.004880 -0.023308
v -0.100421 -0.004637 -0.021158
v -0.101693 -0.004441 -0.019419
v -0.103750 -0.004367 -0.018755
v -0.105807 -0.004441 -0.019419
v -0.107079 -0.004637 -0.021158
v -0.107079 -0.004880 -0.023308
v -0.105807 -0.005076 -0.025047
v -0.103750 -0.000000 -0.026000
v -0.101693 -0.000000 -0.025332
v -0.100421 -0.000000 -0.023582
v -0.100421 -0.000000 -0.021418
v -0.101693 -0.000000 -0.019668
v -0.103750 -0.000000 -0.019000
v -0.105807 -0.000000 -0.019668
v -0.107079 -0.000000 -0.021418
v -0.107079 -0.000000 -0.023582
v -0.105807 -0.000000 -0.025332
v -0.103750 0.005150 -0.025711
v -0.101693 0.005076 -0.025047
v -0.100421 0.004880 -0.023308
v -0.100421 0.004637 -0.021158
v -0.101693 0.004441 -0.019419
v -0.103750 0.004367 -0.018755
v -0.105807 0.004441 -0.019419
v -0.107079 0.004637 -0.021158
v -0.107079 0.004880 -0.023308
v -0.105807 0.005076 -0.025047
v -0.103750 0.010236 -0.024847
v -0.101693 0.010087 -0.024195
v -0.100421 0.009698 -0.022489
v -0.100421 0.009216 -0.020380
v -0.101693 0.008827 -0.018674
v -0.103750 0.008678 -0.018022
v -0.105807 0.008827 -0.018674
v -0.107079 0.009216 -0.020380
v -0.107079 0.009698 -0.022489
v -0.105807 0.010087 -0.024195
v -0.103750 0.015193 -0.023419
v -0.101693 0.014972 -0.022788
v -0.100421 0.014394 -0.021136
v -0.100421 0.013680 -0.019094
v -0.101693 0.013102 -0.017442
v -0.103750 0.012881 -0.016811
v -0.105807 0.013102 -0.017442
v -0.107079 0.013680 -0.019094
v -0.107079 0.014394 -0.021136
v -0.105807 0.014972 -0.022788
v -0.103750 0.019959 -0.021445
v -0.101693 0.019669 -0.020842
v -0.100421 0.018909 -0.019266
v -0.100421 0.017971 -0.017317
v -0.101693 0.017211 -0.015740
v -0.103750 0.016921 -0.015138
v -0.105807 0.017211 -0.015740
v -0.107079 0.017971 -0.017317
v -0.107079 0.018909 -0.019266
v -0.105807 0.019669 -0.020842
v -0.103750 0.024473 -0.018949
v -0.101693 0.024118 -0.018383
v -0.100421 0.023187 -0.016902
v -0.100421 0.022036 -0.015070
v -0.101693 0.021105 -0.013588
v -0.103750 0.020749 -0.013022
v -0.105807 0.021105 -0.013588
v -0.107079 0.022036 -0.015070
v -0.107079 0.023187 -0.016902
v -0.105807 0.024118 -0.018383
v -0.103750 0.028681 -0.015964
v -0.101693 0.028264 -0.015442
v -0.100421 0.027173 -0.014073
v -0.100421 0.025824 -0.012382
v -0.101693 0.024733 -0.011014
v -0.103750 0.024316 -0.010491
v -0.105807 0.024733 -0.011014
v -0.107079 0.025824 -0.012382
v -0.107079 0.027173 -0.014073
v -0.105807 0.028264 -0.015442
v -0.103750 0.032527 -0.012527
v -0.101693 0.032054 -0.012054
v -0.100421 0.030817 -0.010817
v -0.100421 0.029287 -0.009287
v -0.101693 0.028050 -0.008050
v -0.103750 0.027577 -0.007577
v -0.105807 0.028050 -0.008050
v -0.107079 0.029287 -0.009287
v -0.107079 0.030817 -0.010817
v -0.105807 0.032054 -0.012054
v -0.103750 0.035964 -0.008681
v -0.101693 0.035442 -0.008264
v -0.100421 0.034073 -0.007173
v -0.100421 0.032382 -0.005824
v -0.101693 0.031014 -0.004733
v -0.103750 0.030491 -0.004316
v -0.105807 0.031014 -0.004733
v -0.107079 0.032382 -0.005824
v -0.107079 0.034073 -0.007173
v -0.105807 0.035442 -0.008264
v -0.103750 0.038949 -0.004473
v -0.101693 0.038383 -0.004118
v -0.100421 0.036902 -0.003187
v -0.100421 0.035070 -0.002036
v -0.101693 0.033588 -0.001105
v -0.103750 0.033022 -0.000749
v -0.105807 0.033588 -0.001105
v -0.107079 0.035070 -0.002036
v -0.107079 0.036902 -0.003187
v -0.105807 0.038383 -0.004118
v -0.103750 0.041445 0.000041
v -0.101693 0.040842 0.000331
v -0.100421 0.039266 0.001091
v -0.100421 0.037317 0.002029
v -0.101693 0.035740 0.002789
v -0.103750 0.035138 0.003079
v -0.105807 0.035740 0.002789
v -0.107079 0.037317 0.002029
v -0.107079 0.039266 0.001091
v -0.105807 0.040842 0.000331
v -0.103750 0.043419 0.004807
v -0.101693 0.042788 0.005028
v -0.100421 0.041136 0.005606
v -0.100421 0.039094 0.006320
v -0.101693 0.037442 0.006898
v -0.103750 0.036811 0.007119
v -0.105807 0.037442 0.006898
v -0.107079 0.039094 0.006320
v -0.107079 0.041136 0.005606
v -0.105807 0.042788 0.005028
v -0.103750 0.044847 0.009764
v -0.101693 0.044195 0.009913
v -0.100421 0.042489 0.010302
v -0.100421 0.040380 0.010784
v -0.101693 0.038674 0.011173
v -0.103750 0.038022 0.011322
v -0.105807 0.038674 0.011173
v -0.107079 0.040380 0.010784
v -0.107079 0.042489 0.010302
v -0.105807 0.044195 0.009913
v -0.103750 0.045711 0.014850
v -0.101693 0.045047 0.014924
v -0.100421 0.043308 0.015120
v -0.100421 0.041158 0.015363
v -0.101693 0.039419 0.015559
v -0.103750 0.038755 0.015633
v -0.105807 0.039419 0.015559
v -0.107079 0.041158 0.015363
v -0.107079 0.043308 0.015120
v -0.105807 0.045047 0.014924
v -0.025000 0.027000 0.020000
v 0.056000 0.028000 0.020000
v -0.025000 0.020000 0.020000
v 0.056000 0.020500 0.020000
v -0.025000 0.026769 0.023524
v 0.056000 0.027760 0.023655
v -0.025000 0.019829 0.022611
v 0.056000 0.020325 0.022676
v -0.025000 0.026080 0.026988
v 0.056000 0.027046 0.027247
v -0.025000 0.019319 0.025176
v 0.056000 0.019801 0.025306
v -0.025000 0.024945 0.030332
v 0.056000 0.025869 0.030715
v -0.025000 0.018478 0.027654
v 0.056000 0.018940 0.027845
v -0.025000 0.023383 0.033500
v 0.056000 0.024249 0.034000
v -0.025000 0.017321 0.030000
v 0.056000 0.017754 0.030250
v -0.025000 0.021421 0.036437
v 0.056000 0.022214 0.037045
v -0.025000 0.015867 0.032175
v 0.056000 0.016264 0.032480
v -0.025000 0.019092 0.039092
v 0.056000 0.019799 0.039799
v -0.025000 0.014142 0.034142
v 0.056000 0.014496 0.034496
v -0.025000 0.016437 0.041421
v 0.056000 0.017045 0.042214
v -0.025000 0.012175 0.035867
v 0.056000 0.012480 0.036264
v -0.025000 0.013500 0.043383
v 0.056000 0.014000 0.044249
v -0.025000 0.010000 0.037321
v 0.056000 0.010250 0.037754
v -0.025000 0.010332 0.044945
v 0.056000 0.010715 0.045869
v -0.025000 0.007654 0.038478
v 0.056000 0.007845 0.038940
v -0.025000 0.006988 0.046080
v 0.056000 0.007247 0.047046
v -0.025000 0.005176 0.039319
v 0.056000 0.005306 0.039801
v -0.025000 0.003524 0.046769
v 0.056000 0.003655 0.047760
v -0.025000 0.002611 0.039829
v 0.056000 0.002676 0.040325
v -0.025000 0.000000 0.047000
v 0.056000 0.000000 0.048000
v -0.025000 0.000000 0.040000
v 0.056000 0.000000 0.040500
v -0.025000 -0.003524 0.046769
v 0.056000 -0.003655 0.047760
v -0.025000 -0.002611 0.039829
v 0.056000 -0.002676 0.040325
v -0.025000 -0.006988 0.046080
v 0.056000 -0.007247 0.047046
v -0.025000 -0.005176 0.039319
v 0.056000 -0.005306 0.039801
v -0.025000 -0.010332 0.044945
v 0.056000 -0.010715 0.045869
v -0.025000 -0.007654 0.038478
v 0.056000 -0.007845 0.038940
v -0.025000 -0.013500 0.043383
v 0.056000 -0.014000 0.044249
v -0.025000 -0.010000 0.037321
v 0.056000 -0.010250 0.037754
v -0.025000 -0.016437 0.041421
v 0.056000 -0.017045 0.042214
v -0.025000 -0.012175 0.035867
v 0.056000 -0.012480 0.036264
v -0.025000 -0.019092 0.039092
v 0.056000 -0.019799 0.039799
v -0.025000 -0.014142 0.034142
v 0.056000 -0.014496 0.034496
v -0.025000 -0.021421 0.036437
v 0.056000 -0.022214 0.037045
v -0.025000 -0.015867 0.032175
v 0.056000 -0.016264 0.032480
v -0.025000 -0.023383 0.033500
v 0.056000 -0.024249 0.034000
v -0.025000 -0.017321 0.030000
v 0.056000 -0.017754 0.030250
v -0.025000 -0.024945 0.030332
v 0.056000 -0.025869 0.030715
v -0.025000 -0.018478 0.027654
v 0.056000 -0.018940 0.027845
v -0.025000 -0.026080 0.026988
v 0.056000 -0.027046 0.027247
v -0.025000 -0.019319 0.025176
v 0.056000 -0.019801 0.025306
v -0.025000 -0.026769 0.023524
v 0.056000 -0.027760 0.023655
v -0.025000 -0.019829 0.022611
v 0.056000 -0.020325 0.022676
v -0.025000 -0.027000 0.020000
v 0.056000 -0.028000 0.020000
v -0.025000 -0.020000 0.020000
v 0.056000 -0.020500 0.020000
v -0.025000 -0.026769 0.016476
v 0.056000 -0.027760 0.016345
v -0.025000 -0.019829 0.017389
v 0.056000 -0.020325 0.017324
v -0.025000 -0.026080 0.013012
v 0.056000 -0.027046 0.012753
v -0.025000 -0.019319 0.014824
v 0.056000 -0.019801 0.014694
v -0.025000 -0.024945 0.009668
v 0.056000 -0.025869 0.009285
v -0.025000 -0.018478 0.012346
v 0.056000 -0.018940 0.012155
v -0.025000 -0.023383 0.006500
v 0.056000 -0.024249 0.006000
v -0.025000 -0.017321 0.010000
v 0.056000 -0.017754 0.009750
v -0.025000 -0.021421 0.003563
v 0.056000 -0.022214 0.002955
v -0.025000 -0.015867 0.007825
v 0.056000 -0.016264 0.007520
v -0.025000 -0.019092 0.000908
v 0.056000 -0.019799 0.000201
v -0.025000 -0.014142 0.005858
v 0.056000 -0.014496 0.005504
v -0.025000 -0.016437 -0.001421
v 0.056000 -0.017045 -0.002214
v -0.025000 -0.012175 0.004133
v 0.056000 -0.012480 0.003736
v -0.025000 -0.013500 -0.003383
v 0.056000 -0.014000 -0.004249
v -0.025000 -0.010000 0.002679
v 0.056000 -0.010250 0.002246
v -0.025000 -0.010332 -0.004945
v 0.056000 -0.010715 -0.005869
v -0.025000 -0.007654 0.001522
v 0.056000 -0.007845 0.001060
v -0.025000 -0.006988 -0.006080
v 0.056000 -0.007247 -0.007046
v -0.025000 -0.005176 0.000681
v 0.056000 -0.005306 0.000199
v -0.025000 -0.003524 -0.006769
v 0.056000 -0.003655 -0.007760
v -0.025000 -0.002611 0.000171
v 0.056000 -0.002676 -0.000325
v -0.025000 -0.000000 -0.007000
v 0.056000 -0.000000 -0.008000
v -0.025000 -0.000000 0.000000
v 0.056000 -0.000000 -0.000500
v -0.025000 0.003524 -0.006769
v 0.056000 0.003655 -0.007760
v -0.025000 0.002611 0.000171
v 0.056000 0.002676 -0.000325
v -0.025000 0.006988 -0.006080
v 0.056000 0.007247 -0.007046
v -0.025000 0.005176 0.000681
v 0.056000 0.005306 0.000199
v -0.025000 0.010332 -0.004945
v 0.056000 0.010715 -0.005869
v -0.025000 0.007654 0.001522
v 0.056000 0.007845 0.001060
v -0.025000 0.013500 -0.003383
v 0.056000 0.014000 -0.004249
v -0.025000 0.010000 0.002679
v 0.056000 0.010250 0.002246
v -0.025000 0.016437 -0.001421
v 0.056000 0.017045 -0.002214
v -0.025000 0.012175 0.004133
v 0.056000 0.012480 0.003736
v -0.025000 0.019092 0.000908
v 0.056000 0.019799 0.000201
v -0.025000 0.014142 0.005858
v 0.056000 0.014496 0.005504
v -0.025000 0.021421 0.003563
v 0.056000 0.022214 0.002955
v -0.025000 0.015867 0.007825
v 0.056000 0.016264 0.007520
v -0.025000 0.023383 0.006500
v 0.056000 0.024249 0.006000
v -0.025000 0.017321 0.010000
v 0.056000 0.017754 0.009750
v -0.025000 0.024945 0.009668
v 0.056000 0.025869 0.009285
v -0.025000 0.018478 0.012346
v 0.056000 0.018940 0.012155
v -0.025000 0.026080 0.013012
v 0.056000 0.027046 0.012753
v -0.025000 0.019319 0.014824
v 0.056000 0.019801 0.014694
v -0.025000 0.026769 0.016476
v 0.056000 0.027760 0.016345
v -0.025000 0.019829 0.017389
v 0.056000 0.020325 0.017324
v 0.056000 0.030000 0.020000
v 0.080000 0.030000 0.020000
v 0.056000 0.029743 0.023916
v 0.080000 0.029743 0.023916
v 0.056000 0.028978 0.027765
v 0.080000 0.028978 0.027765
v 0.056000 0.027716 0.031481
v 0.080000 0.027716 0.031481
v 0.056000 0.025981 0.035000
v 0.080000 0.025981 0.035000
v 0.056000 0.023801 0.038263
v 0.080000 0.023801 0.038263
v 0.056000 0.021213 0.041213
v 0.080000 0.021213 0.041213
v 0.056000 0.018263 0.043801
v 0.080000 0.018263 0.043801
v 0.056000 0.015000 0.045981
v 0.080000 0.015000 0.045981
v 0.056000 0.011481 0.047716
v 0.080000 0.011481 0.047716
v 0.056000 0.007765 0.048978
v 0.080000 0.007765 0.048978
v 0.056000 0.003916 0.049743
v 0.080000 0.003916 0.049743
v 0.056000 0.000000 0.050000
v 0.080000 0.000000 0.050000
v 0.056000 -0.003916 0.049743
v 0.080000 -0.003916 0.049743
v 0.056000 -0.007765 0.048978
v 0.080000 -0.007765 0.048978
v 0.056000 -0.011481 0.047716
v 0.080000 -0.011481 0.047716
v 0.056000 -0.015000 0.045981
v 0.080000 -0.015000 0.045981
v 0.056000 -0.018263 0.043801
v 0.080000 -0.018263 0.043801
v 0.056000 -0.021213 0.041213
v 0.080000 -0.021213 0.041213
v 0.056000 -0.023801 0.038263
v 0.080000 -0.023801 0.038263
v 0.056000 -0.025981 0.035000
v 0.080000 -0.025981 0.035000
v 0.056000 -0.027716 0.031481
v 0.080000 -0.027716 0.031481
v 0.056000 -0.028978 0.027765
v 0.080000 -0.028978 0.027765
v 0.056000 -0.029743 0.023916
v 0.080000 -0.029743 0.023916
v 0.056000 -0.030000 0.020000
v 0.080000 -0.030000 0.020000
v 0.056000 -0.029743 0.016084
v 0.080000 -0.029743 0.016084
v 0.056000 -0.028978 0.012235
v 0.080000 -0.028978 0.012235
v 0.056000 -0.027716 0.008519
v 0.080000 -0.027716 0.008519
v 0.056000 -0.025981 0.005000
v 0.080000 -0.025981 0.005000
v 0.056000 -0.023801 0.001737
v 0.080000 -0.023801 0.001737
v 0.056000 -0.021213 -0.001213
v 0.080000 -0.021213 -0.001213
v 0.056000 -0.018263 -0.003801
v 0.080000 -0.018263 -0.003801
v 0.056000 -0.015000 -0.005981
v 0.080000 -0.015000 -0.005981
v 0.056000 -0.011481 -0.007716
v 0.080000 -0.011481 -0.007716
v 0.056000 -0.007765 -0.008978
v 0.080000 -0.007765 -0.008978
v 0.056000 -0.003916 -0.009743
v 0.080000 -0.003916 -0.009743
v 0.056000 -0.000000 -0.010000
v 0.080000 -0.000000 -0.010000
v 0.056000 0.003916 -0.009743
v 0.080000 0.003916 -0.009743
v 0.056000 0.007765 -0.008978
v 0.080000 0.007765 -0.008978
v 0.056000 0.011481 -0.007716
v 0.080000 0.011481 -0.007716
v 0.056000 0.015000 -0.005981
v 0.080000 0.015000 -0.005981
v 0.056000 0.018263 -0.003801
v 0.080000 0.018263 -0.003801
v 0.056000 0.021213 -0.001213
v 0.080000 0.021213 -0.001213
v 0.056000 0.023801 0.001737
v 0.080000 0.023801 0.001737
v 0.056000 0.025981 0.005000
v 0.080000 0.025981 0.005000
v 0.056000 0.027716 0.008519
v 0.080000 0.027716 0.008519
v 0.056000 0.028978 0.012235
v 0.080000 0.028978 0.012235
v 0.056000 0.029743 0.016084
v 0.080000 0.029743 0.016084
v 0.056000 0.000000 0.020000
v 0.080000 0.000000 0.020000
v 0.081000 0.032500 0.020000
v 0.082768 0.031768 0.020000
v 0.083500 0.030000 0.020000
v 0.082768 0.028232 0.020000
v 0.081000 0.027500 0.020000
v 0.079232 0.028232 0.020000
v 0.078500 0.030000 0.020000
v 0.079232 0.031768 0.020000
v 0.081000 0.032222 0.024242
v 0.082768 0.031496 0.024147
v 0.083500 0.029743 0.023916
v 0.082768 0.027991 0.023685
v 0.081000 0.027265 0.023589
v 0.079232 0.027991 0.023685
v 0.078500 0.029743 0.023916
v 0.079232 0.031496 0.024147
v 0.081000 0.031393 0.028412
v 0.082768 0.030685 0.028222
v 0.083500 0.028978 0.027765
v 0.082768 0.027270 0.027307
v 0.081000 0.026563 0.027118
v 0.079232 0.027270 0.027307
v 0.078500 0.028978 0.027765
v 0.079232 0.030685 0.028222
v 0.081000 0.030026 0.032437
v 0.082768 0.029350 0.032157
v 0.083500 0.027716 0.031481
v 0.082768 0.026083 0.030804
v 0.081000 0.025407 0.030524
v 0.079232 0.026083 0.030804
v 0.078500 0.027716 0.031481
v 0.079232 0.029350 0.032157
v 0.081000 0.028146 0.036250
v 0.082768 0.027512 0.035884
v 0.083500 0.025981 0.035000
v 0.082768 0.024450 0.034116
v 0.081000 0.023816 0.033750
v 0.079232 0.024450 0.034116
v 0.078500 0.025981 0.035000
v 0.079232 0.027512 0.035884
v 0.081000 0.025784 0.039785
v 0.082768 0.025203 0.039339
v 0.083500 0.023801 0.038263
v 0.082768 0.022398 0.037187
v 0.081000 0.021817 0.036741
v 0.079232 0.022398 0.037187
v 0.078500 0.023801 0.038263
v 0.079232 0.025203 0.039339
v 0.081000 0.022981 0.042981
v 0.082768 0.022463 0.042463
v 0.083500 0.021213 0.041213
v 0.082768 0.019963 0.039963
v 0.081000 0.019445 0.039445
v 0.079232 0.019963 0.039963
v 0.078500 0.021213 0.041213
v 0.079232 0.022463 0.042463
v 0.081000 0.019785 0.045784
v 0.082768 0.019339 0.045203
v 0.083500 0.018263 0.043801
v 0.082768 0.017187 0.042398
v 0.081000 0.016741 0.041817
v 0.079232 0.017187 0.042398
v 0.078500 0.018263 0.043801
v 0.079232 0.019339 0.045203
v 0.081000 0.016250 0.048146
v 0.082768 0.015884 0.047512
v 0.083500 0.015000 0.045981
v 0.082768 0.014116 0.044450
v 0.081000 0.013750 0.043816
v 0.079232 0.014116 0.044450
v 0.078500 0.015000 0.045981
v 0.079232 0.015884 0.047512
v 0.081000 0.012437 0.050026
v 0.082768 0.012157 0.049350
v 0.083500 0.011481 0.047716
v 0.082768 0.010804 0.046083
v 0.081000 0.010524 0.045407
v 0.079232 0.010804 0.046083
v 0.078500 0.011481 0.047716
v 0.079232 0.012157 0.049350
v 0.081000 0.008412 0.051393
v 0.082768 0.008222 0.050685
v 0.083500 0.007765 0.048978
v 0.082768 0.007307 0.047270
v 0.081000 0.007118 0.046563
v 0.079232 0.007307 0.047270
v 0.078500 0.007765 0.048978
v 0.079232 0.008222 0.050685
v 0.081000 0.004242 0.052222
v 0.082768 0.004147 0.051496
v 0.083500 0.003916 0.049743
v 0.082768 0.003685 0.047991
v 0.081000 0.003589 0.047265
v 0.079232 0.003685 0.047991
v 0.078500 0.003916 0.049743
v 0.079232 0.004147 0.051496
v 0.081000 0.000000 0.052500
v 0.082768 0.000000 0.051768
v 0.083500 0.000000 0.050000
v 0.082768 0.000000 0.048232
v 0.081000 0.000000 0.047500
v 0.079232 0.000000 0.048232
v 0.078500 0.000000 0.050000
v 0.079232 0.000000 0.051768
v 0.081000 -0.004242 0.052222
v 0.082768 -0.004147 0.051496
v 0.083500 -0.003916 0.049743
v 0.082768 -0.003685 0.047991
v 0.081000 -0.003589 0.047265
v 0.079232 -0.003685 0.047991
v 0.078500 -0.003916 0.049743
v 0.079232 -0.004147 0.051496
v 0.081000 -0.008412 0.051393
v 0.082768 -0.008222 0.050685
v 0.083500 -0.007765 0.048978
v 0.082768 -0.007307 0.047270
v 0.081000 -0.007118 0.046563
v 0.079232 -0.007307 0.047270
v 0.078500 -0.007765 0.048978
v 0.079232 -0.008222 0.050685
v 0.081000 -0.012437 0.050026
v 0.082768 -0.012157 0.049350
v 0.083500 -0.011481 0.047716
v 0.082768 -0.010804 0.046083
v 0.081000 -0.010524 0.045407
v 0.079232 -0.010804 0.046083
v 0.078500 -0.011481 0.047716
v 0.079232 -0.012157 0.049350
v 0.081000 -0.016250 0.048146
v 0.082768 -0.015884 0.047512
v 0.083500 -0.015000 0.045981
v 0.082768 -0.014116 0.044450
v 0.081000 -0.013750 0.043816
v 0.079232 -0.014116 0.044450
v 0.078500 -0.015000 0.045981
v 0.079232 -0.015884 0.047512
v 0.081000 -0.019785 0.045784
v 0.082768 -0.019339 0.045203
v 0.083500 -0.018263 0.043801
v 0.082768 -0.017187 0.042398
v 0.081000 -0.016741 0.041817
v 0.079232 -0.017187 0.042398
v 0.078500 -0.018263 0.043801
v 0.079232 -0.019339 0.045203
v 0.081000 -0.022981 0.042981
v 0.082768 -0.022463 0.042463
v 0.083500 -0.021213 0.041213
v 0.082768 -0.019963 0.039963
v 0.081000 -0.019445 0.039445
v 0.079232 -0.019963 0.039963
v 0.078500 -0.021213 0.041213
v 0.079232 -0.022463 0.042463
v 0.081000 -0.025784 0.039785
v 0.082768 -0.025203 0.039339
v 0.083500 -0.023801 0.038263
v 0.082768 -0.022398 0.037187
v 0.081000 -0.021817 0.036741
v 0.079232 -0.022398 0.037187
v 0.078500 -0.023801 0.038263
v 0.079232 -0.025203 0.039339
v 0.081000 -0.028146 0.036250
v 0.082768 -0.027512 0.035884
v 0.083500 -0.025981 0.035000
v 0.082768 -0.024450 0.034116
v 0.081000 -0.023816 0.033750
v 0.079232 -0.024450 0.034116
v 0.078500 -0.025981 0.035000
v 0.079232 -0.027512 0.035884
v 0.081000 -0.030026 0.032437
v 0.082768 -0.029350 0.032157
v 0.083500 -0.027716 0.031481
v 0.082768 -0.026083 0.030804
v 0.081000 -0.025407 0.030524
v 0.079232 -0.026083 0.030804
v 0.078500 -0.027716 0.031481
v 0.079232 -0.029350 0.032157
v 0.081000 -0.031393 0.028412
v 0.082768 -0.030685 0.028222
v 0.083500 -0.028978 0.027765
v 0.082768 -0.027270 0.027307
v 0.081000 -0.026563 0.027118
v 0.079232 -0.027270 0.027307
v 0.078500 -0.028978 0.027765
v 0.079232 -0.030685 0.028222
v 0.081000 -0.032222 0.024242
v 0.082768 -0.031496 0.024147
v 0.083500 -0.029743 0.023916
v 0.082768 -0.027991 0.023685
v 0.081000 -0.027265 0.023589
v 0.079232 -0.027991 0.023685
v 0.078500 -0.029743 0.023916
v 0.079232 -0.031496 0.024147
v 0.081000 -0.032500 0.020000
v 0.082768 -0.031768 0.020000
v 0.083500 -0.030000 0.020000
v 0.082768 -0.028232 0.020000
v 0.081000 -0.027500 0.020000
v 0.079232 -0.028232 0.020000
v 0.078500 -0.030000 0.020000
v 0.079232 -0.031768 0.020000
v 0.081000 -0.032222 0.015758
v 0.082768 -0.031496 0.015853
v 0.083500 -0.029743 0.016084
v 0.082768 -0.027991 0.016315
v 0.081000 -0.027265 0.016411
v 0.079232 -0.027991 0.016315
v 0.078500 -0.029743 0.016084
v 0.079232 -0.031496 0.015853
v 0.081000 -0.031393 0.011588
v 0.082768 -0.030685 0.011778
v 0.083500 -0.028978 0.012235
v 0.082768 -0.027270 0.012693
v 0.081000 -0.026563 0.012882
v 0.079232 -0.027270 0.012693
v 0.078500 -0.028978 0.012235
v 0.079232 -0.030685 0.011778
v 0.081000 -0.030026 0.007563
v 0.082768 -0.029350 0.007843
v 0.083500 -0.027716 0.008519
v 0.082768 -0.026083 0.009196
v 0.081000 -0.025407 0.009476
v 0.079232 -0.026083 0.009196
v 0.078500 -0.027716 0.008519
v 0.079232 -0.029350 0.007843
v 0.081000 -0.028146 0.003750
v 0.082768 -0.027512 0.004116
v 0.083500 -0.025981 0.005000
v 0.082768 -0.024450 0.005884
v 0.081000 -0.023816 0.006250
v 0.079232 -0.024450 0.005884
v 0.078500 -0.025981 0.005000
v 0.079232 -0.027512 0.004116
v 0.081000 -0.025784 0.000215
v 0.082768 -0.025203 0.000661
v 0.083500 -0.023801 0.001737
v 0.082768 -0.022398 0.002813
v 0.081000 -0.021817 0.003259
v 0.079232 -0.022398 0.002813
v 0.078500 -0.023801 0.001737
v 0.079232 -0.025203 0.000661
v 0.081000 -0.022981 -0.002981
v 0.082768 -0.022463 -0.002463
v 0.083500 -0.021213 -0.001213
v 0.082768 -0.019963 0.000037
v 0.081000 -0.019445 0.000555
v 0.079232 -0.019963 0.000037
v 0.078500 -0.021213 -0.001213
v 0.079232 -0.022463 -0.002463
v 0.081000 -0.019785 -0.005784
v 0.082768 -0.019339 -0.005203
v 0.083500 -0.018263 -0.003801
v 0.082768 -0.017187 -0.002398
v 0.081000 -0.016741 -0.001817
v 0.079232 -0.017187 -0.002398
v 0.078500 -0.018263 -0.003801
v 0.079232 -0.019339 -0.005203
v 0.081000 -0.016250 -0.008146
v 0.082768 -0.015884 -0.007512
v 0.083500 -0.015000 -0.005981
v 0.082768 -0.014116 -0.004450
v 0.081000 -0.013750 -0.003816
v 0.079232 -0.014116 -0.004450
v 0.078500 -0.015000 -0.005981
v 0.079232 -0.015884 -0.007512
v 0.081000 -0.012437 -0.010026
v 0.082768 -0.012157 -0.009350
v 0.083500 -0.011481 -0.007716
v 0.082768 -0.010804 -0.006083
v 0.081000 -0.010524 -0.005407
v 0.079232 -0.010804 -0.006083
v 0.078500 -0.011481 -0.007716
v 0.079232 -0.012157 -0.009350
v 0.081000 -0.008412 -0.011393
v 0.082768 -0.008222 -0.010685
v 0.083500 -0.007765 -0.008978
v 0.082768 -0.007307 -0.007270
v 0.081000 -0.007118 -0.006563
v 0.079232 -0.007307 -0.007270
v 0.078500 -0.007765 -0.008978
v 0.079232 -0.008222 -0.010685
v 0.081000 -0.004242 -0.012222
v 0.082768 -0.004147 -0.011496
v 0.083500 -0.003916 -0.009743
v 0.082768 -0.003685 -0.007991
v 0.081000 -0.003589 -0.007265
v 0.079232 -0.003685 -0.007991
v 0.078500 -0.003916 -0.009743
v 0.079232 -0.004147 -0.011496
v 0.081000 -0.000000 -0.012500
v 0.082768 -0.000000 -0.011768
v 0.083500 -0.000000 -0.010000
v 0.082768 -0.000000 -0.008232
v 0.081000 -0.000000 -0.007500
v 0.079232 -0.000000 -0.008232
v 0.078500 -0.000000 -0.010000
v 0.079232 -0.000000 -0.011768
v 0.081000 0.004242 -0.012222
v 0.082768 0.004147 -0.011496
v 0.083500 0.003916 -0.009743
v 0.082768 0.003685 -0.007991
v 0.081000 0.003589 -0.007265
v 0.079232 0.003685 -0.007991
v 0.078500 0.003916 -0.009743
v 0.079232 0.004147 -0.011496
v 0.081000 0.008412 -0.011393
v 0.082768 0.008222 -0.010685
v 0.083500 0.007765 -0.008978
v 0.082768 0.007307 -0.007270
v 0.081000 0.007118 -0.006563
v 0.079232 0.007307 -0.007270
v 0.078500 0.007765 -0.008978
v 0.079232 0.008222 -0.010685
v 0.081000 0.012437 -0.010026
v 0.082768 0.012157 -0.009350
v 0.083500 0.011481 -0.007716
v 0.082768 0.010804 -0.006083
v 0.081000 0.010524 -0.005407
v 0.079232 0.010804 -0.006083
v 0.078500 0.011481 -0.007716
v 0.079232 0.012157 -0.009350
v 0.081000 0.016250 -0.008146
v 0.082768 0.015884 -0.007512
v 0.083500 0.015000 -0.005981
v 0.082768 0.014116 -0.004450
v 0.081000 0.013750 -0.003816
v 0.079232 0.014116 -0.004450
v 0.078500 0.015000 -0.005981
v 0.079232 0.015884 -0.007512
v 0.081000 0.019785 -0.005784
v 0.082768 0.019339 -0.005203
v 0.083500 0.018263 -0.003801
v 0.082768 0.017187 -0.002398
v 0.081000 0.016741 -0.001817
v 0.079232 0.017187 -0.002398
v 0.078500 0.018263 -0.003801
v 0.079232 0.019339 -0.005203
v 0.081000 0.022981 -0.002981
v 0.082768 0.022463 -0.002463
v 0.083500 0.021213 -0.001213
v 0.082768 0.019963 0.000037
v 0.081000 0.019445 0.000555
v 0.079232 0.019963 0.000037
v 0.078500 0.021213 -0.001213
v 0.079232 0.022463 -0.002463
v 0.081000 0.025784 0.000215
v 0.082768 0.025203 0.000661
v 0.083500 0.023801 0.001737
v 0.082768 0.022398 0.002813
v 0.081000 0.021817 0.003259
v 0.079232 0.022398 0.002813
v 0.078500 0.023801 0.001737
v 0.079232 0.025203 0.000661
v 0.081000 0.028146 0.003750
v 0.082768 0.027512 0.004116
v 0.083500 0.025981 0.005000
v 0.082768 0.024450 0.005884
v 0.081000 0.023816 0.006250
v 0.079232 0.024450 0.005884
v 0.078500 0.025981 0.005000
v 0.079232 0.027512 0.004116
v 0.081000 0.030026 0.007563
v 0.082768 0.029350 0.007843
v 0.083500 0.027716 0.008519
v 0.082768 0.026083 0.009196
v 0.081000 0.025407 0.009476
v 0.079232 0.026083 0.009196
v 0.078500 0.027716 0.008519
v 0.079232 0.029350 0.007843
v 0.081000 0.031393 0.011588
v 0.082768 0.030685 0.011778
v 0.083500 0.028978 0.012235
v 0.082768 0.027270 0.012693
v 0.081000 0.026563 0.012882
v 0.079232 0.027270 0.012693
v 0.078500 0.028978 0.012235
v 0.079232 0.030685 0.011778
v 0.081000 0.032222 0.015758
v 0.082768 0.031496 0.015853
v 0.083500 0.029743 0.016084
v 0.082768 0.027991 0.016315
v 0.081000 0.027265 0.016411
v 0.079232 0.027991 0.016315
v 0.078500 0.029743 0.016084
v 0.079232 0.031496 0.015853
v 0.029000 0.000000 0.020000
v 0.029000 0.000000 0.095000
v 0.028735 0.004046 0.020000
v 0.028735 0.004046 0.095000
v 0.027944 0.008023 0.020000
v 0.027944 0.008023 0.095000
v 0.026640 0.011863 0.020000
v 0.026640 0.011863 0.095000
v 0.024847 0.015500 0.020000
v 0.024847 0.015500 0.095000
v 0.022594 0.018872 0.020000
v 0.022594 0.018872 0.095000
v 0.019920 0.021920 0.020000
v 0.019920 0.021920 0.095000
v 0.016872 0.024594 0.020000
v 0.016872 0.024594 0.095000
v 0.013500 0.026847 0.020000
v 0.013500 0.026847 0.095000
v 0.009863 0.028640 0.020000
v 0.009863 0.028640 0.095000
v 0.006023 0.029944 0.020000
v 0.006023 0.029944 0.095000
v 0.002046 0.030735 0.020000
v 0.002046 0.030735 0.095000
v -0.002000 0.031000 0.020000
v -0.002000 0.031000 0.095000
v -0.006046 0.030735 0.020000
v -0.006046 0.030735 0.095000
v -0.010023 0.029944 0.020000
v -0.010023 0.029944 0.095000
v -0.013863 0.028640 0.020000
v -0.013863 0.028640 0.095000
v -0.017500 0.026847 0.020000
v -0.017500 0.026847 0.095000
v -0.020872 0.024594 0.020000
v -0.020872 0.024594 0.095000
v -0.023920 0.021920 0.020000
v -0.023920 0.021920 0.095000
v -0.026594 0.018872 0.020000
v -0.026594 0.018872 0.095000
v -0.028847 0.015500 0.020000
v -0.028847 0.015500 0.095000
v -0.030640 0.011863 0.020000
v -0.030640 0.011863 0.095000
v -0.031944 0.008023 0.020000
v -0.031944 0.008023 0.095000
v -0.032735 0.004046 0.020000
v -0.032735 0.004046 0.095000
v -0.033000 0.000000 0.020000
v -0.033000 0.000000 0.095000
v -0.032735 -0.004046 0.020000
v -0.032735 -0.004046 0.095000
v -0.031944 -0.008023 0.020000
v -0.031944 -0.008023 0.095000
v -0.030640 -0.011863 0.020000
v -0.030640 -0.011863 0.095000
v -0.028847 -0.015500 0.020000
v -0.028847 -0.015500 0.095000
v -0.026594 -0.018872 0.020000
v -0.026594 -0.018872 0.095000
v -0.023920 -0.021920 0.020000
v -0.023920 -0.021920 0.095000
v -0.020872 -0.024594 0.020000
v -0.020872 -0.024594 0.095000
v -0.017500 -0.026847 0.020000
v -0.017500 -0.026847 0.095000
v -0.013863 -0.028640 0.020000
v -0.013863 -0.028640 0.095000
v -0.010023 -0.029944 0.020000
v -0.010023 -0.029944 0.095000
v -0.006046 -0.030735 0.020000
v -0.006046 -0.030735 0.095000
v -0.002000 -0.031000 0.020000
v -0.002000 -0.031000 0.095000
v 0.002046 -0.030735 0.020000
v 0.002046 -0.030735 0.095000
v 0.006023 -0.029944 0.020000
v 0.006023 -0.029944 0.095000
v 0.009863 -0.028640 0.020000
v 0.009863 -0.028640 0.095000
v 0.013500 -0.026847 0.020000
v 0.013500 -0.026847 0.095000
v 0.016872 -0.024594 0.020000
v 0.016872 -0.024594 0.095000
v 0.019920 -0.021920 0.020000
v 0.019920 -0.021920 0.095000
v 0.022594 -0.018872 0.020000
v 0.022594 -0.018872 0.095000
v 0.024847 -0.015500 0.020000
v 0.024847 -0.015500 0.095000
v 0.026640 -0.011863 0.020000
v 0.026640 -0.011863 0.095000
v 0.027944 -0.008023 0.020000
v 0.027944 -0.008023 0.095000
v 0.028735 -0.004046 0.020000
v 0.028735 -0.004046 0.095000
v -0.002000 0.000000 0.020000
v -0.002000 0.000000 0.095000
v 0.032100 0.000000 0.094000
v 0.032100 0.000000 0.107000
v 0.031808 0.004451 0.094000
v 0.031808 0.004451 0.107000
v 0.030938 0.008826 0.094000
v 0.030938 0.008826 0.107000
v 0.029504 0.013050 0.094000
v 0.029504 0.013050 0.107000
v 0.027531 0.017050 0.094000
v 0.027531 0.017050 0.107000
v 0.025053 0.020759 0.094000
v 0.025053 0.020759 0.107000
v 0.022112 0.024112 0.094000
v 0.022112 0.024112 0.107000
v 0.018759 0.027053 0.094000
v 0.018759 0.027053 0.107000
v 0.015050 0.029531 0.094000
v 0.015050 0.029531 0.107000
v 0.011050 0.031504 0.094000
v 0.011050 0.031504 0.107000
v 0.006826 0.032938 0.094000
v 0.006826 0.032938 0.107000
v 0.002451 0.033808 0.094000
v 0.002451 0.033808 0.107000
v -0.002000 0.034100 0.094000
v -0.002000 0.034100 0.107000
v -0.006451 0.033808 0.094000
v -0.006451 0.033808 0.107000
v -0.010826 0.032938 0.094000
v -0.010826 0.032938 0.107000
v -0.015050 0.031504 0.094000
v -0.015050 0.031504 0.107000
v -0.019050 0.029531 0.094000
v -0.019050 0.029531 0.107000
v -0.022759 0.027053 0.094000
v -0.022759 0.027053 0.107000
v -0.026112 0.024112 0.094000
v -0.026112 0.024112 0.107000
v -0.029053 0.020759 0.094000
v -0.029053 0.020759 0.107000
v -0.031531 0.017050 0.094000
v -0.031531 0.017050 0.107000
v -0.033504 0.013050 0.094000
v -0.033504 0.013050 0.107000
v -0.034938 0.008826 0.094000
v -0.034938 0.008826 0.107000
v -0.035808 0.004451 0.094000
v -0.035808 0.004451 0.107000
v -0.036100 0.000000 0.094000
v -0.036100 0.000000 0.107000
v -0.035808 -0.004451 0.094000
v -0.035808 -0.004451 0.107000
v -0.034938 -0.008826 0.094000
v -0.034938 -0.008826 0.107000
v -0.033504 -0.013050 0.094000
v -0.033504 -0.013050 0.107000
v -0.031531 -0.017050 0.094000
v -0.031531 -0.017050 0.107000
v -0.029053 -0.020759 0.094000
v -0.029053 -0.020759 0.107000
v -0.026112 -0.024112 0.094000
v -0.026112 -0.024112 0.107000
v -0.022759 -0.027053 0.094000
v -0.022759 -0.027053 0.107000
v -0.019050 -0.029531 0.094000
v -0.019050 -0.029531 0.107000
v -0.015050 -0.031504 0.094000
v -0.015050 -0.031504 0.107000
v -0.010826 -0.032938 0.094000
v -0.010826 -0.032938 0.107000
v -0.006451 -0.033808 0.094000
v -0.006451 -0.033808 0.107000
v -0.002000 -0.034100 0.094000
v -0.002000 -0.034100 0.107000
v 0.002451 -0.033808 0.094000
v 0.002451 -0.033808 0.107000
v 0.006826 -0.032938 0.094000
v 0.006826 -0.032938 0.107000
v 0.011050 -0.031504 0.094000
v 0.011050 -0.031504 0.107000
v 0.015050 -0.029531 0.094000
v 0.015050 -0.029531 0.107000
v 0.018759 -0.027053 0.094000
v 0.018759 -0.027053 0.107000
v 0.022112 -0.024112 0.094000
v 0.022112 -0.024112 0.107000
v 0.025053 -0.020759 0.094000
v 0.025053 -0.020759 0.107000
v 0.027531 -0.017050 0.094000
v 0.027531 -0.017050 0.107000
v 0.029504 -0.013050 0.094000
v 0.029504 -0.013050 0.107000
v 0.030938 -0.008826 0.094000
v 0.030938 -0.008826 0.107000
v 0.031808 -0.004451 0.094000
v 0.031808 -0.004451 0.107000
v -0.002000 0.000000 0.094000
v -0.002000 0.000000 0.107000
v 0.033750 0.000000 0.101000
v 0.032813 0.000000 0.103263
v 0.030550 0.000000 0.104200
v 0.028287 0.000000 0.103263
v 0.027350 0.000000 0.101000
v 0.028287 0.000000 0.098737
v 0.030550 0.000000 0.097800
v 0.032813 0.000000 0.098737
v 0.033444 0.004666 0.101000
v 0.032515 0.004544 0.103263
v 0.030272 0.004249 0.104200
v 0.028028 0.003953 0.103263
v 0.027099 0.003831 0.101000
v 0.028028 0.003953 0.098737
v 0.030272 0.004249 0.097800
v 0.032515 0.004544 0.098737
v 0.032532 0.009253 0.101000
v 0.031627 0.009010 0.103263
v 0.029441 0.008425 0.104200
v 0.027255 0.007839 0.103263
v 0.026350 0.007596 0.101000
v 0.027255 0.007839 0.098737
v 0.029441 0.008425 0.097800
v 0.031627 0.009010 0.098737
v 0.031029 0.013681 0.101000
v 0.030163 0.013322 0.103263
v 0.028072 0.012456 0.104200
v 0.025982 0.011590 0.103263
v 0.025116 0.011232 0.101000
v 0.025982 0.011590 0.098737
v 0.028072 0.012456 0.097800
v 0.030163 0.013322 0.098737
v 0.028960 0.017875 0.101000
v 0.028149 0.017406 0.103263
v 0.026189 0.016275 0.104200
v 0.024230 0.015144 0.103263
v 0.023418 0.014675 0.101000
v 0.024230 0.015144 0.098737
v 0.026189 0.016275 0.097800
v 0.028149 0.017406 0.098737
v 0.026362 0.021763 0.101000
v 0.025619 0.021193 0.103263
v 0.023824 0.019815 0.104200
v 0.022028 0.018438 0.103263
v 0.021285 0.017867 0.101000
v 0.022028 0.018438 0.098737
v 0.023824 0.019815 0.097800
v 0.025619 0.021193 0.098737
v 0.023279 0.025279 0.101000
v 0.022616 0.024616 0.103263
v 0.021016 0.023016 0.104200
v 0.019416 0.021416 0.103263
v 0.018754 0.020754 0.101000
v 0.019416 0.021416 0.098737
v 0.021016 0.023016 0.097800
v 0.022616 0.024616 0.098737
v 0.019763 0.028362 0.101000
v 0.019193 0.027619 0.103263
v 0.017815 0.025824 0.104200
v 0.016438 0.024028 0.103263
v 0.015867 0.023285 0.101000
v 0.016438 0.024028 0.098737
v 0.017815 0.025824 0.097800
v 0.019193 0.027619 0.098737
v 0.015875 0.030960 0.101000
v 0.015406 0.030149 0.103263
v 0.014275 0.028189 0.104200
v 0.013144 0.026230 0.103263
v 0.012675 0.025418 0.101000
v 0.013144 0.026230 0.098737
v 0.014275 0.028189 0.097800
v 0.015406 0.030149 0.098737
v 0.011681 0.033029 0.101000
v 0.011322 0.032163 0.103263
v 0.010456 0.030072 0.104200
v 0.009590 0.027982 0.103263
v 0.009232 0.027116 0.101000
v 0.009590 0.027982 0.098737
v 0.010456 0.030072 0.097800
v 0.011322 0.032163 0.098737
v 0.007253 0.034532 0.101000
v 0.007010 0.033627 0.103263
v 0.006425 0.031441 0.104200
v 0.005839 0.029255 0.103263
v 0.005596 0.028350 0.101000
v 0.005839 0.029255 0.098737
v 0.006425 0.031441 0.097800
v 0.007010 0.033627 0.098737
v 0.002666 0.035444 0.101000
v 0.002544 0.034515 0.103263
v 0.002249 0.032272 0.104200
v 0.001953 0.030028 0.103263
v 0.001831 0.029099 0.101000
v 0.001953 0.030028 0.098737
v 0.002249 0.032272 0.097800
v 0.002544 0.034515 0.098737
v -0.002000 0.035750 0.101000
v -0.002000 0.034813 0.103263
v -0.002000 0.032550 0.104200
v -0.002000 0.030287 0.103263
v -0.002000 0.029350 0.101000
v -0.002000 0.030287 0.098737
v -0.002000 0.032550 0.097800
v -0.002000 0.034813 0.098737
v -0.006666 0.035444 0.101000
v -0.006544 0.034515 0.103263
v -0.006249 0.032272 0.104200
v -0.005953 0.030028 0.103263
v -0.005831 0.029099 0.101000
v -0.005953 0.030028 0.098737
v -0.006249 0.032272 0.097800
v -0.006544 0.034515 0.098737
v -0.011253 0.034532 0.101000
v -0.011010 0.033627 0.103263
v -0.010425 0.031441 0.104200
v -0.009839 0.029255 0.103263
v -0.009596 0.028350 0.101000
v -0.009839 0.029255 0.098737
v -0.010425 0.031441 0.097800
v -0.011010 0.033627 0.098737
v -0.015681 0.033029 0.101000
v -0.015322 0.032163 0.103263
v -0.014456 0.030072 0.104200
v -0.013590 0.027982 0.103263
v -0.013232 0.027116 0.101000
v -0.013590 0.027982 0.098737
v -0.014456 0.030072 0.097800
v -0.015322 0.032163 0.098737
v -0.019875 0.030960 0.101000
v -0.019406 0.030149 0.103263
v -0.018275 0.028189 0.104200
v -0.017144 0.026230 0.103263
v -0.016675 0.025418 0.101000
v -0.017144 0.026230 0.098737
v -0.018275 0.028189 0.097800
v -0.019406 0.030149 0.098737
v -0.023763 0.028362 0.101000
v -0.023193 0.027619 0.103263
v -0.021815 0.025824 0.104200
v -0.020438 0.024028 0.103263
v -0.019867 0.023285 0.101000
v -0.020438 0.024028 0.098737
v -0.021815 0.025824 0.097800
v -0.023193 0.027619 0.098737
v -0.027279 0.025279 0.101000
v -0.026616 0.024616 0.103263
v -0.025016 0.023016 0.104200
v -0.023416 0.021416 0.103263
v -0.022754 0.020754 0.101000
v -0.023416 0.021416 0.098737
v -0.025016 0.023016 0.097800
v -0.026616 0.024616 0.098737
v -0.030362 0.021763 0.101000
v -0.029619 0.021193 0.103263
v -0.027824 0.019815 0.104200
v -0.026028 0.018438 0.103263
v -0.025285 0.017867 0.101000
v -0.026028 0.018438 0.098737
v -0.027824 0.019815 0.097800
v -0.029619 0.021193 0.098737
v -0.032960 0.017875 0.101000
v -0.032149 0.017406 0.103263
v -0.030189 0.016275 0.104200
v -0.028230 0.015144 0.103263
v -0.027418 0.014675 0.101000
v -0.028230 0.015144 0.098737
v -0.030189 0.016275 0.097800
v -0.032149 0.017406 0.098737
v -0.035029 0.013681 0.101000
v -0.034163 0.013322 0.103263
v -0.032072 0.012456 0.104200
v -0.029982 0.011590 0.103263
v -0.029116 0.011232 0.101000
v -0.029982 0.011590 0.098737
v -0.032072 0.012456 0.097800
v -0.034163 0.013322 0.098737
v -0.036532 0.009253 0.101000
v -0.035627 0.009010 0.103263
v -0.033441 0.008425 0.104200
v -0.031255 0.007839 0.103263
v -0.030350 0.007596 0.101000
v -0.031255 0.007839 0.098737
v -0.033441 0.008425 0.097800
v -0.035627 0.009010 0.098737
v -0.037444 0.004666 0.101000
v -0.036515 0.004544 0.103263
v -0.034272 0.004249 0.104200
v -0.032028 0.003953 0.103263
v -0.031099 0.003831 0.101000
v -0.032028 0.003953 0.098737
v -0.034272 0.004249 0.097800
v -0.036515 0.004544 0.098737
v -0.037750 0.000000 0.101000
v -0.036813 0.000000 0.103263
v -0.034550 0.000000 0.104200
v -0.032287 0.000000 0.103263
v -0.031350 0.000000 0.101000
v -0.032287 0.000000 0.098737
v -0.034550 0.000000 0.097800
v -0.036813 0.000000 0.098737
v -0.037444 -0.004666 0.101000
v -0.036515 -0.004544 0.103263
v -0.034272 -0.004249 0.104200
v -0.032028 -0.003953 0.103263
v -0.031099 -0.003831 0.101000
v -0.032028 -0.003953 0.098737
v -0.034272 -0.004249 0.097800
v -0.036515 -0.004544 0.098737
v -0.036532 -0.009253 0.101000
v -0.035627 -0.009010 0.103263
v -0.033441 -0.008425 0.104200
v -0.031255 -0.007839 0.103263
v -0.030350 -0.007596 0.101000
v -0.031255 -0.007839 0.098737
v -0.033441 -0.008425 0.097800
v -0.035627 -0.009010 0.098737
v -0.035029 -0.013681 0.101000
v -0.034163 -0.013322 0.103263
v -0.032072 -0.012456 0.104200
v -0.029982 -0.011590 0.103263
v -0.029116 -0.011232 0.101000
v -0.029982 -0.011590 0.098737
v -0.032072 -0.012456 0.097800
v -0.034163 -0.013322 0.098737
v -0.032960 -0.017875 0.101000
v -0.032149 -0.017406 0.103263
v -0.030189 -0.016275 0.104200
v -0.028230 -0.015144 0.103263
v -0.027418 -0.014675 0.101000
v -0.028230 -0.015144 0.098737
v -0.030189 -0.016275 0.097800
v -0.032149 -0.017406 0.098737
v -0.030362 -0.021763 0.101000
v -0.029619 -0.021193 0.103263
v -0.027824 -0.019815 0.104200
v -0.026028 -0.018438 0.103263
v -0.025285 -0.017867 0.101000
v -0.026028 -0.018438 0.098737
v -0.027824 -0.019815 0.097800
v -0.029619 -0.021193 0.098737
v -0.027279 -0.025279 0.101000
v -0.026616 -0.024616 0.103263
v -0.025016 -0.023016 0.104200
v -0.023416 -0.021416 0.103263
v -0.022754 -0.020754 0.101000
v -0.023416 -0.021416 0.098737
v -0.025016 -0.023016 0.097800
v -0.026616 -0.024616 0.098737
v -0.023763 -0.028362 0.101000
v -0.023193 -0.027619 0.103263
v -0.021815 -0.025824 0.104200
v -0.020438 -0.024028 0.103263
v -0.019867 -0.023285 0.101000
v -0.020438 -0.024028 0.098737
v -0.021815 -0.025824 0.097800
v -0.023193 -0.027619 0.098737
v -0.019875 -0.030960 0.101000
v -0.019406 -0.030149 0.103263
v -0.018275 -0.028189 0.104200
v -0.017144 -0.026230 0.103263
v -0.016675 -0.025418 0.101000
v -0.017144 -0.026230 0.098737
v -0.018275 -0.028189 0.097800
v -0.019406 -0.030149 0.098737
v -0.015681 -0.033029 0.101000
v -0.015322 -0.032163 0.103263
v -0.014456 -0.030072 0.104200
v -0.013590 -0.027982 0.103263
v -0.013232 -0.027116 0.101000
v -0.013590 -0.027982 0.098737
v -0.014456 -0.030072 0.097800
v -0.015322 -0.032163 0.098737
v -0.011253 -0.034532 0.101000
v -0.011010 -0.033627 0.103263
v -0.010425 -0.031441 0.104200
v -0.009839 -0.029255 0.103263
v -0.009596 -0.028350 0.101000
v -0.009839 -0.029255 0.098737
v -0.010425 -0.031441 0.097800
v -0.011010 -0.033627 0.098737
v -0.006666 -0.035444 0.101000
v -0.006544 -0.034515 0.103263
v -0.006249 -0.032272 0.104200
v -0.005953 -0.030028 0.103263
v -0.005831 -0.029099 0.101000
v -0.005953 -0.030028 0.098737
v -0.006249 -0.032272 0.097800
v -0.006544 -0.034515 0.098737
v -0.002000 -0.035750 0.101000
v -0.002000 -0.034813 0.103263
v -0.002000 -0.032550 0.104200
v -0.002000 -0.030287 0.103263
v -0.002000 -0.029350 0.101000
v -0.002000 -0.030287 0.098737
v -0.002000 -0.032550 0.097800
v -0.002000 -0.034813 0.098737
v 0.002666 -0.035444 0.101000
v 0.002544 -0.034515 0.103263
v 0.002249 -0.032272 0.104200
v 0.001953 -0.030028 0.103263
v 0.001831 -0.029099 0.101000
v 0.001953 -0.030028 0.098737
v 0.002249 -0.032272 0.097800
v 0.002544 -0.034515 0.098737
v 0.007253 -0.034532 0.101000
v 0.007010 -0.033627 0.103263
v 0.006425 -0.031441 0.104200
v 0.005839 -0.029255 0.103263
v 0.005596 -0.028350 0.101000
v 0.005839 -0.029255 0.098737
v 0.006425 -0.031441 0.097800
v 0.007010 -0.033627 0.098737
v 0.011681 -0.033029 0.101000
v 0.011322 -0.032163 0.103263
v 0.010456 -0.030072 0.104200
v 0.009590 -0.027982 0.103263
v 0.009232 -0.027116 0.101000
v 0.009590 -0.027982 0.098737
v 0.010456 -0.030072 0.097800
v 0.011322 -0.032163 0.098737
v 0.015875 -0.030960 0.101000
v 0.015406 -0.030149 0.103263
v 0.014275 -0.028189 0.104200
v 0.013144 -0.026230 0.103263
v 0.012675 -0.025418 0.101000
v 0.013144 -0.026230 0.098737
v 0.014275 -0.028189 0.097800
v 0.015406 -0.030149 0.098737
v 0.019763 -0.028362 0.101000
v 0.019193 -0.027619 0.103263
v 0.017815 -0.025824 0.104200
v 0.016438 -0.024028 0.103263
v 0.015867 -0.023285 0.101000
v 0.016438 -0.024028 0.098737
v 0.017815 -0.025824 0.097800
v 0.019193 -0.027619 0.098737
v 0.023279 -0.025279 0.101000
v 0.022616 -0.024616 0.103263
v 0.021016 -0.023016 0.104200
v 0.019416 -0.021416 0.103263
v 0.018754 -0.020754 0.101000
v 0.019416 -0.021416 0.098737
v 0.021016 -0.023016 0.097800
v 0.022616 -0.024616 0.098737
v 0.026362 -0.021763 0.101000
v 0.025619 -0.021193 0.103263
v 0.023824 -0.019815 0.104200
v 0.022028 -0.018438 0.103263
v 0.021285 -0.017867 0.101000
v 0.022028 -0.018438 0.098737
v 0.023824 -0.019815 0.097800
v 0.025619 -0.021193 0.098737
v 0.028960 -0.017875 0.101000
v 0.028149 -0.017406 0.103263
v 0.026189 -0.016275 0.104200
v 0.024230 -0.015144 0.103263
v 0.023418 -0.014675 0.101000
v 0.024230 -0.015144 0.098737
v 0.026189 -0.016275 0.097800
v 0.028149 -0.017406 0.098737
v 0.031029 -0.013681 0.101000
v 0.030163 -0.013322 0.103263
v 0.028072 -0.012456 0.104200
v 0.025982 -0.011590 0.103263
v 0.025116 -0.011232 0.101000
v 0.025982 -0.011590 0.098737
v 0.028072 -0.012456 0.097800
v 0.030163 -0.013322 0.098737
v 0.032532 -0.009253 0.101000
v 0.031627 -0.009010 0.103263
v 0.029441 -0.008425 0.104200
v 0.027255 -0.007839 0.103263
v 0.026350 -0.007596 0.101000
v 0.027255 -0.007839 0.098737
v 0.029441 -0.008425 0.097800
v 0.031627 -0.009010 0.098737
v 0.033444 -0.004666 0.101000
v 0.032515 -0.004544 0.103263
v 0.030272 -0.004249 0.104200
v 0.028028 -0.003953 0.103263
v 0.027099 -0.003831 0.101000
v 0.028028 -0.003953 0.098737
v 0.030272 -0.004249 0.097800
v 0.032515 -0.004544 0.098737
v 0.021250 0.000000 0.106000
v 0.021250 0.000000 0.114000
v 0.020897 0.004037 0.106000
v 0.020897 0.004037 0.114000
v 0.019848 0.007952 0.106000
v 0.019848 0.007952 0.114000
v 0.018135 0.011625 0.106000
v 0.018135 0.011625 0.114000
v 0.015811 0.014945 0.106000
v 0.015811 0.014945 0.114000
v 0.012945 0.017811 0.106000
v 0.012945 0.017811 0.114000
v 0.009625 0.020135 0.106000
v 0.009625 0.020135 0.114000
v 0.005952 0.021848 0.106000
v 0.005952 0.021848 0.114000
v 0.002037 0.022897 0.106000
v 0.002037 0.022897 0.114000
v -0.002000 0.023250 0.106000
v -0.002000 0.023250 0.114000
v -0.006037 0.022897 0.106000
v -0.006037 0.022897 0.114000
v -0.009952 0.021848 0.106000
v -0.009952 0.021848 0.114000
v -0.013625 0.020135 0.106000
v -0.013625 0.020135 0.114000
v -0.016945 0.017811 0.106000
v -0.016945 0.017811 0.114000
v -0.019811 0.014945 0.106000
v -0.019811 0.014945 0.114000
v -0.022135 0.011625 0.106000
v -0.022135 0.011625 0.114000
v -0.023848 0.007952 0.106000
v -0.023848 0.007952 0.114000
v -0.024897 0.004037 0.106000
v -0.024897 0.004037 0.114000
v -0.025250 0.000000 0.106000
v -0.025250 0.000000 0.114000
v -0.024897 -0.004037 0.106000
v -0.024897 -0.004037 0.114000
v -0.023848 -0.007952 0.106000
v -0.023848 -0.007952 0.114000
v -0.022135 -0.011625 0.106000
v -0.022135 -0.011625 0.114000
v -0.019811 -0.014945 0.106000
v -0.019811 -0.014945 0.114000
v -0.016945 -0.017811 0.106000
v -0.016945 -0.017811 0.114000
v -0.013625 -0.020135 0.106000
v -0.013625 -0.020135 0.114000
v -0.009952 -0.021848 0.106000
v -0.009952 -0.021848 0.114000
v -0.006037 -0.022897 0.106000
v -0.006037 -0.022897 0.114000
v -0.002000 -0.023250 0.106000
v -0.002000 -0.023250 0.114000
v 0.002037 -0.022897 0.106000
v 0.002037 -0.022897 0.114000
v 0.005952 -0.021848 0.106000
v 0.005952 -0.021848 0.114000
v 0.009625 -0.020135 0.106000
v 0.009625 -0.020135 0.114000
v 0.012945 -0.017811 0.106000
v 0.012945 -0.017811 0.114000
v 0.015811 -0.014945 0.106000
v 0.015811 -0.014945 0.114000
v 0.018135 -0.011625 0.106000
v 0.018135 -0.011625 0.114000
v 0.019848 -0.007952 0.106000
v 0.019848 -0.007952 0.114000
v 0.020897 -0.004037 0.106000
v 0.020897 -0.004037 0.114000
v -0.002000 0.000000 0.106000
v -0.002000 0.000000 0.114000
v 0.006000 0.000000 0.114000
v 0.003000 0.000000 0.121000
v 0.002000 0.000000 0.114000
v 0.000500 0.000000 0.121000
v 0.005727 0.002071 0.114000
v 0.002830 0.001294 0.121000
v 0.001864 0.001035 0.114000
v 0.000415 0.000647 0.121000
v 0.004928 0.004000 0.114000
v 0.002330 0.002500 0.121000
v 0.001464 0.002000 0.114000
v 0.000165 0.001250 0.121000
v 0.003657 0.005657 0.114000
v 0.001536 0.003536 0.121000
v 0.000828 0.002828 0.114000
v -0.000232 0.001768 0.121000
v 0.002000 0.006928 0.114000
v 0.000500 0.004330 0.121000
v 0.000000 0.003464 0.114000
v -0.000750 0.002165 0.121000
v 0.000071 0.007727 0.114000
v -0.000706 0.004830 0.121000
v -0.000965 0.003864 0.114000
v -0.001353 0.002415 0.121000
v -0.002000 0.008000 0.114000
v -0.002000 0.005000 0.121000
v -0.002000 0.004000 0.114000
v -0.002000 0.002500 0.121000
v -0.004071 0.007727 0.114000
v -0.003294 0.004830 0.121000
v -0.003035 0.003864 0.114000
v -0.002647 0.002415 0.121000
v -0.006000 0.006928 0.114000
v -0.004500 0.004330 0.121000
v -0.004000 0.003464 0.114000
v -0.003250 0.002165 0.121000
v -0.007657 0.005657 0.114000
v -0.005536 0.003536 0.121000
v -0.004828 0.002828 0.114000
v -0.003768 0.001768 0.121000
v -0.008928 0.004000 0.114000
v -0.006330 0.002500 0.121000
v -0.005464 0.002000 0.114000
v -0.004165 0.001250 0.121000
v -0.009727 0.002071 0.114000
v -0.006830 0.001294 0.121000
v -0.005864 0.001035 0.114000
v -0.004415 0.000647 0.121000
v -0.010000 0.000000 0.114000
v -0.007000 0.000000 0.121000
v -0.006000 0.000000 0.114000
v -0.004500 0.000000 0.121000
v -0.009727 -0.002071 0.114000
v -0.006830 -0.001294 0.121000
v -0.005864 -0.001035 0.114000
v -0.004415 -0.000647 0.121000
v -0.008928 -0.004000 0.114000
v -0.006330 -0.002500 0.121000
v -0.005464 -0.002000 0.114000
v -0.004165 -0.001250 0.121000
v -0.007657 -0.005657 0.114000
v -0.005536 -0.003536 0.121000
v -0.004828 -0.002828 0.114000
v -0.003768 -0.001768 0.121000
v -0.006000 -0.006928 0.114000
v -0.004500 -0.004330 0.121000
v -0.004000 -0.003464 0.114000
v -0.003250 -0.002165 0.121000
v -0.004071 -0.007727 0.114000
v -0.003294 -0.004830 0.121000
v -0.003035 -0.003864 0.114000
v -0.002647 -0.002415 0.121000
v -0.002000 -0.008000 0.114000
v -0.002000 -0.005000 0.121000
v -0.002000 -0.004000 0.114000
v -0.002000 -0.002500 0.121000
v 0.000071 -0.007727 0.114000
v -0.000706 -0.004830 0.121000
v -0.000965 -0.003864 0.114000
v -0.001353 -0.002415 0.121000
v 0.002000 -0.006928 0.114000
v 0.000500 -0.004330 0.121000
v 0.000000 -0.003464 0.114000
v -0.000750 -0.002165 0.121000
v 0.003657 -0.005657 0.114000
v 0.001536 -0.003536 0.121000
v 0.000828 -0.002828 0.114000
v -0.000232 -0.001768 0.121000
v 0.004928 -0.004000 0.114000
v 0.002330 -0.002500 0.121000
v 0.001464 -0.002000 0.114000
v 0.000165 -0.001250 0.121000
v 0.005727 -0.002071 0.114000
v 0.002830 -0.001294 0.121000
v 0.001864 -0.001035 0.114000
v 0.000415 -0.000647 0.121000
v 0.034100 -0.002000 0.096000
v 0.037100 -0.002000 0.096000
v 0.037100 0.002000 0.096000
v 0.034100 0.002000 0.096000
v 0.034100 -0.002000 0.106000
v 0.037100 -0.002000 0.106000
v 0.037100 0.002000 0.106000
v 0.034100 0.002000 0.106000
v 0.033282 0.007688 0.096000
v 0.036161 0.008533 0.096000
v 0.035034 0.012371 0.096000
v 0.032155 0.011526 0.096000
v 0.033282 0.007688 0.106000
v 0.036161 0.008533 0.106000
v 0.035034 0.012371 0.106000
v 0.032155 0.011526 0.106000
v 0.029768 0.016753 0.096000
v 0.032292 0.018375 0.096000
v 0.030129 0.021740 0.096000
v 0.027605 0.020118 0.096000
v 0.029768 0.016753 0.106000
v 0.032292 0.018375 0.106000
v 0.030129 0.021740 0.106000
v 0.027605 0.020118 0.106000
v 0.023842 0.024461 0.096000
v 0.025807 0.026729 0.096000
v 0.022784 0.029348 0.096000
v 0.020819 0.027081 0.096000
v 0.023842 0.024461 0.106000
v 0.025807 0.026729 0.106000
v 0.022784 0.029348 0.106000
v 0.020819 0.027081 0.106000
v 0.015985 0.030188 0.096000
v 0.017231 0.032917 0.096000
v 0.013593 0.034578 0.096000
v 0.012346 0.031849 0.096000
v 0.015985 0.030188 0.106000
v 0.017231 0.032917 0.106000
v 0.013593 0.034578 0.106000
v 0.012346 0.031849 0.106000
v 0.006833 0.033468 0.096000
v 0.007260 0.036438 0.096000
v 0.003300 0.037007 0.096000
v 0.002873 0.034038 0.096000
v 0.006833 0.033468 0.106000
v 0.007260 0.036438 0.106000
v 0.003300 0.037007 0.106000
v 0.002873 0.034038 0.106000
v -0.002873 0.034038 0.096000
v -0.003300 0.037007 0.096000
v -0.007260 0.036438 0.096000
v -0.006833 0.033468 0.096000
v -0.002873 0.034038 0.106000
v -0.003300 0.037007 0.106000
v -0.007260 0.036438 0.106000
v -0.006833 0.033468 0.106000
v -0.012346 0.031849 0.096000
v -0.013593 0.034578 0.096000
v -0.017231 0.032917 0.096000
v -0.015985 0.030188 0.096000
v -0.012346 0.031849 0.106000
v -0.013593 0.034578 0.106000
v -0.017231 0.032917 0.106000
v -0.015985 0.030188 0.106000
v -0.020819 0.027081 0.096000
v -0.022784 0.029348 0.096000
v -0.025807 0.026729 0.096000
v -0.023842 0.024461 0.096000
v -0.020819 0.027081 0.106000
v -0.022784 0.029348 0.106000
v -0.025807 0.026729 0.106000
v -0.023842 0.024461 0.106000
v -0.027605 0.020118 0.096000
v -0.030129 0.021740 0.096000
v -0.032292 0.018375 0.096000
v -0.029768 0.016753 0.096000
v -0.027605 0.020118 0.106000
v -0.030129 0.021740 0.106000
v -0.032292 0.018375 0.106000
v -0.029768 0.016753 0.106000
v -0.032155 0.011526 0.096000
v -0.035034 0.012371 0.096000
v -0.036161 0.008533 0.096000
v -0.033282 0.007688 0.096000
v -0.032155 0.011526 0.106000
v -0.035034 0.012371 0.106000
v -0.036161 0.008533 0.106000
v -0.033282 0.007688 0.106000
v -0.034100 0.002000 0.096000
v -0.037100 0.002000 0.096000
v -0.037100 -0.002000 0.096000
v -0.034100 -0.002000 0.096000
v -0.034100 0.002000 0.106000
v -0.037100 0.002000 0.106000
v -0.037100 -0.002000 0.106000
v -0.034100 -0.002000 0.106000
v -0.033282 -0.007688 0.096000
v -0.036161 -0.008533 0.096000
v -0.035034 -0.012371 0.096000
v -0.032155 -0.011526 0.096000
v -0.033282 -0.007688 0.106000
v -0.036161 -0.008533 0.106000
v -0.035034 -0.012371 0.106000
v -0.032155 -0.011526 0.106000
v -0.029768 -0.016753 0.096000
v -0.032292 -0.018375 0.096000
v -0.030129 -0.021740 0.096000
v -0.027605 -0.020118 0.096000
v -0.029768 -0.016753 0.106000
v -0.032292 -0.018375 0.106000
v -0.030129 -0.021740 0.106000
v -0.027605 -0.020118 0.106000
v -0.023842 -0.024461 0.096000
v -0.025807 -0.026729 0.096000
v -0.022784 -0.029348 0.096000
v -0.020819 -0.027081 0.096000
v -0.023842 -0.024461 0.106000
v -0.025807 -0.026729 0.106000
v -0.022784 -0.029348 0.106000
v -0.020819 -0.027081 0.106000
v -0.015985 -0.030188 0.096000
v -0.017231 -0.032917 0.096000
v -0.013593 -0.034578 0.096000
v -0.012346 -0.031849 0.096000
v -0.015985 -0.030188 0.106000
v -0.017231 -0.032917 0.106000
v -0.013593 -0.034578 0.106000
v -0.012346 -0.031849 0.106000
v -0.006833 -0.033468 0.096000
v -0.007260 -0.036438 0.096000
v -0.003300 -0.037007 0.096000
v -0.002873 -0.034038 0.096000
v -0.006833 -0.033468 0.106000
v -0.007260 -0.036438 0.106000
v -0.003300 -0.037007 0.106000
v -0.002873 -0.034038 0.106000
v 0.002873 -0.034038 0.096000
v 0.003300 -0.037007 0.096000
v 0.007260 -0.036438 0.096000
v 0.006833 -0.033468 0.096000
v 0.002873 -0.034038 0.106000
v 0.003300 -0.037007 0.106000
v 0.007260 -0.036438 0.106000
v 0.006833 -0.033468 0.106000
v 0.012346 -0.031849 0.096000
v 0.013593 -0.034578 0.096000
v 0.017231 -0.032917 0.096000
v 0.015985 -0.030188 0.096000
v 0.012346 -0.031849 0.106000
v 0.013593 -0.034578 0.106000
v 0.017231 -0.032917 0.106000
v 0.015985 -0.030188 0.106000
v 0.020819 -0.027081 0.096000
v 0.022784 -0.029348 0.096000
v 0.025807 -0.026729 0.096000
v 0.023842 -0.024461 0.096000
v 0.020819 -0.027081 0.106000
v 0.022784 -0.029348 0.106000
v 0.025807 -0.026729 0.106000
v 0.023842 -0.024461 0.106000
v 0.027605 -0.020118 0.096000
v 0.030129 -0.021740 0.096000
v 0.032292 -0.018375 0.096000
v 0.029768 -0.016753 0.096000
v 0.027605 -0.020118 0.106000
v 0.030129 -0.021740 0.106000
v 0.032292 -0.018375 0.106000
v 0.029768 -0.016753 0.106000
v 0.032155 -0.011526 0.096000
v 0.035034 -0.012371 0.096000
v 0.036161 -0.008533 0.096000
v 0.033282 -0.007688 0.096000
v 0.032155 -0.011526 0.106000
v 0.035034 -0.012371 0.106000
v 0.036161 -0.008533 0.106000
v 0.033282 -0.007688 0.106000
v -0.035000 -0.035000 -0.012000
v 0.055000 -0.035000 -0.012000
v 0.055000 0.035000 -0.012000
v -0.035000 0.035000 -0.012000
v -0.035000 -0.035000 0.000000
v 0.055000 -0.035000 0.000000
v 0.055000 0.035000 0.000000
v -0.035000 0.035000 0.000000
v 0.055000 0.000000 0.000000
v 0.054414 0.000000 0.001414
v 0.053000 0.000000 0.002000
v 0.051586 0.000000 0.001414
v 0.051000 0.000000 0.000000
v 0.051586 0.000000 -0.001414
v 0.053000 0.000000 -0.002000
v 0.054414 0.000000 -0.001414
v 0.054615 0.005874 0.000000
v 0.054034 0.005797 0.001414
v 0.052632 0.005613 0.002000
v 0.051230 0.005428 0.001414
v 0.050649 0.005352 0.000000
v 0.051230 0.005428 -0.001414
v 0.052632 0.005613 -0.002000
v 0.054034 0.005797 -0.001414
v 0.053467 0.011647 0.000000
v 0.052901 0.011495 0.001414
v 0.051535 0.011129 0.002000
v 0.050169 0.010763 0.001414
v 0.049603 0.010612 0.000000
v 0.050169 0.010763 -0.001414
v 0.051535 0.011129 -0.002000
v 0.052901 0.011495 -0.001414
v 0.051575 0.017221 0.000000
v 0.051033 0.016997 0.001414
v 0.049727 0.016455 0.002000
v 0.048420 0.015914 0.001414
v 0.047879 0.015690 0.000000
v 0.048420 0.015914 -0.001414
v 0.049727 0.016455 -0.002000
v 0.051033 0.016997 -0.001414
v 0.048971 0.022500 0.000000
v 0.048464 0.022207 0.001414
v 0.047239 0.021500 0.002000
v 0.046014 0.020793 0.001414
v 0.045507 0.020500 0.000000
v 0.046014 0.020793 -0.001414
v 0.047239 0.021500 -0.002000
v 0.048464 0.022207 -0.001414
v 0.045701 0.027394 0.000000
v 0.045236 0.027038 0.001414
v 0.044114 0.026177 0.002000
v 0.042992 0.025316 0.001414
v 0.042527 0.024959 0.000000
v 0.042992 0.025316 -0.001414
v 0.044114 0.026177 -0.002000
v 0.045236 0.027038 -0.001414
v 0.041820 0.031820 0.000000
v 0.041406 0.031406 0.001414
v 0.040406 0.030406 0.002000
v 0.039406 0.029406 0.001414
v 0.038991 0.028991 0.000000
v 0.039406 0.029406 -0.001414
v 0.040406 0.030406 -0.002000
v 0.041406 0.031406 -0.001414
v 0.037394 0.035701 0.000000
v 0.037038 0.035236 0.001414
v 0.036177 0.034114 0.002000
v 0.035316 0.032992 0.001414
v 0.034959 0.032527 0.000000
v 0.035316 0.032992 -0.001414
v 0.036177 0.034114 -0.002000
v 0.037038 0.035236 -0.001414
v 0.032500 0.038971 0.000000
v 0.032207 0.038464 0.001414
v 0.031500 0.037239 0.002000
v 0.030793 0.036014 0.001414
v 0.030500 0.035507 0.000000
v 0.030793 0.036014 -0.001414
v 0.031500 0.037239 -0.002000
v 0.032207 0.038464 -0.001414
v 0.027221 0.041575 0.000000
v 0.026997 0.041033 0.001414
v 0.026455 0.039727 0.002000
v 0.025914 0.038420 0.001414
v 0.025690 0.037879 0.000000
v 0.025914 0.038420 -0.001414
v 0.026455 0.039727 -0.002000
v 0.026997 0.041033 -0.001414
v 0.021647 0.043467 0.000000
v 0.021495 0.042901 0.001414
v 0.021129 0.041535 0.002000
v 0.020763 0.040169 0.001414
v 0.020612 0.039603 0.000000
v 0.020763 0.040169 -0.001414
v 0.021129 0.041535 -0.002000
v 0.021495 0.042901 -0.001414
v 0.015874 0.044615 0.000000
v 0.015797 0.044034 0.001414
v 0.015613 0.042632 0.002000
v 0.015428 0.041230 0.001414
v 0.015352 0.040649 0.000000
v 0.015428 0.041230 -0.001414
v 0.015613 0.042632 -0.002000
v 0.015797 0.044034 -0.001414
v 0.010000 0.045000 0.000000
v 0.010000 0.044414 0.001414
v 0.010000 0.043000 0.002000
v 0.010000 0.041586 0.001414
v 0.010000 0.041000 0.000000
v 0.010000 0.041586 -0.001414
v 0.010000 0.043000 -0.002000
v 0.010000 0.044414 -0.001414
v 0.004126 0.044615 0.000000
v 0.004203 0.044034 0.001414
v 0.004387 0.042632 0.002000
v 0.004572 0.041230 0.001414
v 0.004648 0.040649 0.000000
v 0.004572 0.041230 -0.001414
v 0.004387 0.042632 -0.002000
v 0.004203 0.044034 -0.001414
v -0.001647 0.043467 0.000000
v -0.001495 0.042901 0.001414
v -0.001129 0.041535 0.002000
v -0.000763 0.040169 0.001414
v -0.000612 0.039603 0.000000
v -0.000763 0.040169 -0.001414
v -0.001129 0.041535 -0.002000
v -0.001495 0.042901 -0.001414
v -0.007221 0.041575 0.000000
v -0.006997 0.041033 0.001414
v -0.006455 0.039727 0.002000
v -0.005914 0.038420 0.001414
v -0.005690 0.037879 0.000000
v -0.005914 0.038420 -0.001414
v -0.006455 0.039727 -0.002000
v -0.006997 0.041033 -0.001414
v -0.012500 0.038971 0.000000
v -0.012207 0.038464 0.001414
v -0.011500 0.037239 0.002000
v -0.010793 0.036014 0.001414
v -0.010500 0.035507 0.000000
v -0.010793 0.036014 -0.001414
v -0.011500 0.037239 -0.002000
v -0.012207 0.038464 -0.001414
v -0.017394 0.035701 0.000000
v -0.017038 0.035236 0.001414
v -0.016177 0.034114 0.002000
v -0.015316 0.032992 0.001414
v -0.014959 0.032527 0.000000
v -0.015316 0.032992 -0.001414
v -0.016177 0.034114 -0.002000
v -0.017038 0.035236 -0.001414
v -0.021820 0.031820 0.000000
v -0.021406 0.031406 0.001414
v -0.020406 0.030406 0.002000
v -0.019406 0.029406 0.001414
v -0.018991 0.028991 0.000000
v -0.019406 0.029406 -0.001414
v -0.020406 0.030406 -0.002000
v -0.021406 0.031406 -0.001414
v -0.025701 0.027394 0.000000
v -0.025236 0.027038 0.001414
v -0.024114 0.026177 0.002000
v -0.022992 0.025316 0.001414
v -0.022527 0.024959 0.000000
v -0.022992 0.025316 -0.001414
v -0.024114 0.026177 -0.002000
v -0.025236 0.027038 -0.001414
v -0.028971 0.022500 0.000000
v -0.028464 0.022207 0.001414
v -0.027239 0.021500 0.002000
v -0.026014 0.020793 0.001414
v -0.025507 0.020500 0.000000
v -0.026014 0.020793 -0.001414
v -0.027239 0.021500 -0.002000
v -0.028464 0.022207 -0.001414
v -0.031575 0.017221 0.000000
v -0.031033 0.016997 0.001414
v -0.029727 0.016455 0.002000
v -0.028420 0.015914 0.001414
v -0.027879 0.015690 0.000000
v -0.028420 0.015914 -0.001414
v -0.029727 0.016455 -0.002000
v -0.031033 0.016997 -0.001414
v -0.033467 0.011647 0.000000
v -0.032901 0.011495 0.001414
v -0.031535 0.011129 0.002000
v -0.030169 0.010763 0.001414
v -0.029603 0.010612 0.000000
v -0.030169 0.010763 -0.001414
v -0.031535 0.011129 -0.002000
v -0.032901 0.011495 -0.001414
v -0.034615 0.005874 0.000000
v -0.034034 0.005797 0.001414
v -0.032632 0.005613 0.002000
v -0.031230 0.005428 0.001414
v -0.030649 0.005352 0.000000
v -0.031230 0.005428 -0.001414
v -0.032632 0.005613 -0.002000
v -0.034034 0.005797 -0.001414
v -0.035000 0.000000 0.000000
v -0.034414 0.000000 0.001414
v -0.033000 0.000000 0.002000
v -0.031586 0.000000 0.001414
v -0.031000 0.000000 0.000000
v -0.031586 0.000000 -0.001414
v -0.033000 0.000000 -0.002000
v -0.034414 0.000000 -0.001414
v -0.034615 -0.005874 0.000000
v -0.034034 -0.005797 0.001414
v -0.032632 -0.005613 0.002000
v -0.031230 -0.005428 0.001414
v -0.030649 -0.005352 0.000000
v -0.031230 -0.005428 -0.001414
v -0.032632 -0.005613 -0.002000
v -0.034034 -0.005797 -0.001414
v -0.033467 -0.011647 0.000000
v -0.032901 -0.011495 0.001414
v -0.031535 -0.011129 0.002000
v -0.030169 -0.010763 0.001414
v -0.029603 -0.010612 0.000000
v -0.030169 -0.010763 -0.001414
v -0.031535 -0.011129 -0.002000
v -0.032901 -0.011495 -0.001414
v -0.031575 -0.017221 0.000000
v -0.031033 -0.016997 0.001414
v -0.029727 -0.016455 0.002000
v -0.028420 -0.015914 0.001414
v -0.027879 -0.015690 0.000000
v -0.028420 -0.015914 -0.001414
v -0.029727 -0.016455 -0.002000
v -0.031033 -0.016997 -0.001414
v -0.028971 -0.022500 0.000000
v -0.028464 -0.022207 0.001414
v -0.027239 -0.021500 0.002000
v -0.026014 -0.020793 0.001414
v -0.025507 -0.020500 0.000000
v -0.026014 -0.020793 -0.001414
v -0.027239 -0.021500 -0.002000
v -0.028464 -0.022207 -0.001414
v -0.025701 -0.027394 0.000000
v -0.025236 -0.027038 0.001414
v -0.024114 -0.026177 0.002000
v -0.022992 -0.025316 0.001414
v -0.022527 -0.024959 0.000000
v -0.022992 -0.025316 -0.001414
v -0.024114 -0.026177 -0.002000
v -0.025236 -0.027038 -0.001414
v -0.021820 -0.031820 0.000000
v -0.021406 -0.031406 0.001414
v -0.020406 -0.030406 0.002000
v -0.019406 -0.029406 0.001414
v -0.018991 -0.028991 0.000000
v -0.019406 -0.029406 -0.001414
v -0.020406 -0.030406 -0.002000
v -0.021406 -0.031406 -0.001414
v -0.017394 -0.035701 0.000000
v -0.017038 -0.035236 0.001414
v -0.016177 -0.034114 0.002000
v -0.015316 -0.032992 0.001414
v -0.014959 -0.032527 0.000000
v -0.015316 -0.032992 -0.001414
v -0.016177 -0.034114 -0.002000
v -0.017038 -0.035236 -0.001414
v -0.012500 -0.038971 0.000000
v -0.012207 -0.038464 0.001414
v -0.011500 -0.037239 0.002000
v -0.010793 -0.036014 0.001414
v -0.010500 -0.035507 0.000000
v -0.010793 -0.036014 -0.001414
v -0.011500 -0.037239 -0.002000
v -0.012207 -0.038464 -0.001414
v -0.007221 -0.041575 0.000000
v -0.006997 -0.041033 0.001414
v -0.006455 -0.039727 0.002000
v -0.005914 -0.038420 0.001414
v -0.005690 -0.037879 0.000000
v -0.005914 -0.038420 -0.001414
v -0.006455 -0.039727 -0.002000
v -0.006997 -0.041033 -0.001414
v -0.001647 -0.043467 0.000000
v -0.001495 -0.042901 0.001414
v -0.001129 -0.041535 0.002000
v -0.000763 -0.040169 0.001414
v -0.000612 -0.039603 0.000000
v -0.000763 -0.040169 -0.001414
v -0.001129 -0.041535 -0.002000
v -0.001495 -0.042901 -0.001414
v 0.004126 -0.044615 0.000000
v 0.004203 -0.044034 0.001414
v 0.004387 -0.042632 0.002000
v 0.004572 -0.041230 0.001414
v 0.004648 -0.040649 0.000000
v 0.004572 -0.041230 -0.001414
v 0.004387 -0.042632 -0.002000
v 0.004203 -0.044034 -0.001414
v 0.010000 -0.045000 0.000000
v 0.010000 -0.044414 0.001414
v 0.010000 -0.043000 0.002000
v 0.010000 -0.041586 0.001414
v 0.010000 -0.041000 0.000000
v 0.010000 -0.041586 -0.001414
v 0.010000 -0.043000 -0.002000
v 0.010000 -0.044414 -0.001414
v 0.015874 -0.044615 0.000000
v 0.015797 -0.044034 0.001414
v 0.015613 -0.042632 0.002000
v 0.015428 -0.041230 0.001414
v 0.015352 -0.040649 0.000000
v 0.015428 -0.041230 -0.001414
v 0.015613 -0.042632 -0.002000
v 0.015797 -0.044034 -0.001414
v 0.021647 -0.043467 0.000000
v 0.021495 -0.042901 0.001414
v 0.021129 -0.041535 0.002000
v 0.020763 -0.040169 0.001414
v 0.020612 -0.039603 0.000000
v 0.020763 -0.040169 -0.001414
v 0.021129 -0.041535 -0.002000
v 0.021495 -0.042901 -0.001414
v 0.027221 -0.041575 0.000000
v 0.026997 -0.041033 0.001414
v 0.026455 -0.039727 0.002000
v 0.025914 -0.038420 0.001414
v 0.025690 -0.037879 0.000000
v 0.025914 -0.038420 -0.001414
v 0.026455 -0.039727 -0.002000
v 0.026997 -0.041033 -0.001414
v 0.032500 -0.038971 0.000000
v 0.032207 -0.038464 0.001414
v 0.031500 -0.037239 0.002000
v 0.030793 -0.036014 0.001414
v 0.030500 -0.035507 0.000000
v 0.030793 -0.036014 -0.001414
v 0.031500 -0.037239 -0.002000
v 0.032207 -0.038464 -0.001414
v 0.037394 -0.035701 0.000000
v 0.037038 -0.035236 0.001414
v 0.036177 -0.034114 0.002000
v 0.035316 -0.032992 0.001414
v 0.034959 -0.032527 0.000000
v 0.035316 -0.032992 -0.001414
v 0.036177 -0.034114 -0.002000
v 0.037038 -0.035236 -0.001414
v 0.041820 -0.031820 0.000000
v 0.041406 -0.031406 0.001414
v 0.040406 -0.030406 0.002000
v 0.039406 -0.029406 0.001414
v 0.038991 -0.028991 0.000000
v 0.039406 -0.029406 -0.001414
v 0.040406 -0.030406 -0.002000
v 0.041406 -0.031406 -0.001414
v 0.045701 -0.027394 0.000000
v 0.045236 -0.027038 0.001414
v 0.044114 -0.026177 0.002000
v 0.042992 -0.025316 0.001414
v 0.042527 -0.024959 0.000000
v 0.042992 -0.025316 -0.001414
v 0.044114 -0.026177 -0.002000
v 0.045236 -0.027038 -0.001414
v 0.048971 -0.022500 0.000000
v 0.048464 -0.022207 0.001414
v 0.047239 -0.021500 0.002000
v 0.046014 -0.020793 0.001414
v 0.045507 -0.020500 0.000000
v 0.046014 -0.020793 -0.001414
v 0.047239 -0.021500 -0.002000
v 0.048464 -0.022207 -0.001414
v 0.051575 -0.017221 0.000000
v 0.051033 -0.016997 0.001414
v 0.049727 -0.016455 0.002000
v 0.048420 -0.015914 0.001414
v 0.047879 -0.015690 0.000000
v 0.048420 -0.015914 -0.001414
v 0.049727 -0.016455 -0.002000
v 0.051033 -0.016997 -0.001414
v 0.053467 -0.011647 0.000000
v 0.052901 -0.011495 0.001414
v 0.051535 -0.011129 0.002000
v 0.050169 -0.010763 0.001414
v 0.049603 -0.010612 0.000000
v 0.050169 -0.010763 -0.001414
v 0.051535 -0.011129 -0.002000
v 0.052901 -0.011495 -0.001414
v 0.054615 -0.005874 0.000000
v 0.054034 -0.005797 0.001414
v 0.052632 -0.005613 0.002000
v 0.051230 -0.005428 0.001414
v 0.050649 -0.005352 0.000000
v 0.051230 -0.005428 -0.001414
v 0.052632 -0.005613 -0.002000
v 0.054034 -0.005797 -0.001414
v -0.023000 -0.030000 -0.058000
v 0.047000 -0.030000 -0.058000
v 0.047000 0.030000 -0.058000
v -0.023000 0.030000 -0.058000
v -0.023000 -0.030000 -0.014000
v 0.047000 -0.030000 -0.014000
v 0.047000 0.030000 -0.014000
v -0.023000 0.030000 -0.014000
v 0.012000 0.000000 -0.046000
v 0.012000 0.000000 -0.046000
v 0.012000 0.000000 -0.046000
v 0.012000 0.000000 -0.046000
v 0.012000 0.000000 -0.046000
v 0.012000 0.000000 -0.046000
v 0.012000 0.000000 -0.046000
v 0.012000 0.000000 -0.046000
v 0.012000 0.000000 -0.046000
v 0.012000 0.000000 -0.046000
v 0.012000 0.000000 -0.046000
v 0.012000 0.000000 -0.046000
v 0.012000 0.000000 -0.046000
v 0.012000 0.000000 -0.046000
v 0.012000 0.000000 -0.046000
v 0.012000 0.000000 -0.046000
v 0.012000 0.000000 -0.046000
v 0.012000 0.000000 -0.046000
v 0.012000 0.000000 -0.046000
v 0.012000 0.000000 -0.046000
v 0.012000 0.000000 -0.046000
v 0.012000 0.000000 -0.046000
v 0.012000 0.000000 -0.046000
v 0.012000 0.000000 -0.046000
v 0.012000 0.000000 -0.046000
v 0.012000 0.000000 -0.046000
v 0.012000 0.000000 -0.046000
v 0.012000 0.000000 -0.046000
v 0.012000 0.000000 -0.046000
v 0.012000 0.000000 -0.046000
v 0.012000 0.000000 -0.046000
v 0.012000 0.000000 -0.046000
v 0.025011 0.000000 -0.046913
v 0.024761 0.002240 -0.046913
v 0.024021 0.004393 -0.046913
v 0.022818 0.006378 -0.046913
v 0.021200 0.008118 -0.046913
v 0.019229 0.009546 -0.046913
v 0.016979 0.010607 -0.046913
v 0.014538 0.011260 -0.046913
v 0.012000 0.011481 -0.046913
v 0.009462 0.011260 -0.046913
v 0.007021 0.010607 -0.046913
v 0.004771 0.009546 -0.046913
v 0.002800 0.008118 -0.046913
v 0.001182 0.006378 -0.046913
v -0.000021 0.004393 -0.046913
v -0.000761 0.002240 -0.046913
v -0.001011 0.000000 -0.046913
v -0.000761 -0.002240 -0.046913
v -0.000021 -0.004393 -0.046913
v 0.001182 -0.006378 -0.046913
v 0.002800 -0.008118 -0.046913
v 0.004771 -0.009546 -0.046913
v 0.007021 -0.010607 -0.046913
v 0.009462 -0.011260 -0.046913
v 0.012000 -0.011481 -0.046913
v 0.014538 -0.011260 -0.046913
v 0.016979 -0.010607 -0.046913
v 0.019229 -0.009546 -0.046913
v 0.021200 -0.008118 -0.046913
v 0.022818 -0.006378 -0.046913
v 0.024021 -0.004393 -0.046913
v 0.024761 -0.002240 -0.046913
v 0.036042 0.000000 -0.049515
v 0.035580 0.004138 -0.049515
v 0.034212 0.008118 -0.049515
v 0.031990 0.011785 -0.049515
v 0.029000 0.015000 -0.049515
v 0.025357 0.017638 -0.049515
v 0.021200 0.019598 -0.049515
v 0.016690 0.020806 -0.049515
v 0.012000 0.021213 -0.049515
v 0.007310 0.020806 -0.049515
v 0.002800 0.019598 -0.049515
v -0.001357 0.017638 -0.049515
v -0.005000 0.015000 -0.049515
v -0.007990 0.011785 -0.049515
v -0.010212 0.008118 -0.049515
v -0.011580 0.004138 -0.049515
v -0.012042 0.000000 -0.049515
v -0.011580 -0.004138 -0.049515
v -0.010212 -0.008118 -0.049515
v -0.007990 -0.011785 -0.049515
v -0.005000 -0.015000 -0.049515
v -0.001357 -0.017638 -0.049515
v 0.002800 -0.019598 -0.049515
v 0.007310 -0.020806 -0.049515
v 0.012000 -0.021213 -0.049515
v 0.016690 -0.020806 -0.049515
v 0.021200 -0.019598 -0.049515
v 0.025357 -0.017638 -0.049515
v 0.029000 -0.015000 -0.049515
v 0.031990 -0.011785 -0.049515
v 0.034212 -0.008118 -0.049515
v 0.035580 -0.004138 -0.049515
v 0.043412 0.000000 -0.053408
v 0.042808 0.005407 -0.053408
v 0.041021 0.010607 -0.053408
v 0.038118 0.015398 -0.053408
v 0.034212 0.019598 -0.053408
v 0.029452 0.023045 -0.053408
v 0.024021 0.025607 -0.053408
v 0.018128 0.027184 -0.053408
v 0.012000 0.027716 -0.053408
v 0.005872 0.027184 -0.053408
v -0.000021 0.025607 -0.053408
v -0.005452 0.023045 -0.053408
v -0.010212 0.019598 -0.053408
v -0.014118 0.015398 -0.053408
v -0.017021 0.010607 -0.053408
v -0.018808 0.005407 -0.053408
v -0.019412 0.000000 -0.053408
v -0.018808 -0.005407 -0.053408
v -0.017021 -0.010607 -0.053408
v -0.014118 -0.015398 -0.053408
v -0.010212 -0.019598 -0.053408
v -0.005452 -0.023045 -0.053408
v -0.000021 -0.025607 -0.053408
v 0.005872 -0.027184 -0.053408
v 0.012000 -0.027716 -0.053408
v 0.018128 -0.027184 -0.053408
v 0.024021 -0.025607 -0.053408
v 0.029452 -0.023045 -0.053408
v 0.034212 -0.019598 -0.053408
v 0.038118 -0.015398 -0.053408
v 0.041021 -0.010607 -0.053408
v 0.042808 -0.005407 -0.053408
v 0.046000 0.000000 -0.058000
v 0.045347 0.005853 -0.058000
v 0.043412 0.011481 -0.058000
v 0.040270 0.016667 -0.058000
v 0.036042 0.021213 -0.058000
v 0.030889 0.024944 -0.058000
v 0.025011 0.027716 -0.058000
v 0.018633 0.029424 -0.058000
v 0.012000 0.030000 -0.058000
v 0.005367 0.029424 -0.058000
v -0.001011 0.027716 -0.058000
v -0.006889 0.024944 -0.058000
v -0.012042 0.021213 -0.058000
v -0.016270 0.016667 -0.058000
v -0.019412 0.011481 -0.058000
v -0.021347 0.005853 -0.058000
v -0.022000 0.000000 -0.058000
v -0.021347 -0.005853 -0.058000
v -0.019412 -0.011481 -0.058000
v -0.016270 -0.016667 -0.058000
v -0.012042 -0.021213 -0.058000
v -0.006889 -0.024944 -0.058000
v -0.001011 -0.027716 -0.058000
v 0.005367 -0.029424 -0.058000
v 0.012000 -0.030000 -0.058000
v 0.018633 -0.029424 -0.058000
v 0.025011 -0.027716 -0.058000
v 0.030889 -0.024944 -0.058000
v 0.036042 -0.021213 -0.058000
v 0.040270 -0.016667 -0.058000
v 0.043412 -0.011481 -0.058000
v 0.045347 -0.005853 -0.058000
v 0.043412 0.000000 -0.062592
v 0.042808 0.005407 -0.062592
v 0.041021 0.010607 -0.062592
v 0.038118 0.015398 -0.062592
v 0.034212 0.019598 -0.062592
v 0.029452 0.023045 -0.062592
v 0.024021 0.025607 -0.062592
v 0.018128 0.027184 -0.062592
v 0.012000 0.027716 -0.062592
v 0.005872 0.027184 -0.062592
v -0.000021 0.025607 -0.062592
v -0.005452 0.023045 -0.062592
v -0.010212 0.019598 -0.062592
v -0.014118 0.015398 -0.062592
v -0.017021 0.010607 -0.062592
v -0.018808 0.005407 -0.062592
v -0.019412 0.000000 -0.062592
v -0.018808 -0.005407 -0.062592
v -0.017021 -0.010607 -0.062592
v -0.014118 -0.015398 -0.062592
v -0.010212 -0.019598 -0.062592
v -0.005452 -0.023045 -0.062592
v -0.000021 -0.025607 -0.062592
v 0.005872 -0.027184 -0.062592
v 0.012000 -0.027716 -0.062592
v 0.018128 -0.027184 -0.062592
v 0.024021 -0.025607 -0.062592
v 0.029452 -0.023045 -0.062592
v 0.034212 -0.019598 -0.062592
v 0.038118 -0.015398 -0.062592
v 0.041021 -0.010607 -0.062592
v 0.042808 -0.005407 -0.062592
v 0.036042 0.000000 -0.066485
v 0.035580 0.004138 -0.066485
v 0.034212 0.008118 -0.066485
v 0.031990 0.011785 -0.066485
v 0.029000 0.015000 -0.066485
v 0.025357 0.017638 -0.066485
v 0.021200 0.019598 -0.066485
v 0.016690 0.020806 -0.066485
v 0.012000 0.021213 -0.066485
v 0.007310 0.020806 -0.066485
v 0.002800 0.019598 -0.066485
v -0.001357 0.017638 -0.066485
v -0.005000 0.015000 -0.066485
v -0.007990 0.011785 -0.066485
v -0.010212 0.008118 -0.066485
v -0.011580 0.004138 -0.066485
v -0.012042 0.000000 -0.066485
v -0.011580 -0.004138 -0.066485
v -0.010212 -0.008118 -0.066485
v -0.007990 -0.011785 -0.066485
v -0.005000 -0.015000 -0.066485
v -0.001357 -0.017638 -0.066485
v 0.002800 -0.019598 -0.066485
v 0.007310 -0.020806 -0.066485
v 0.012000 -0.021213 -0.066485
v 0.016690 -0.020806 -0.066485
v 0.021200 -0.019598 -0.066485
v 0.025357 -0.017638 -0.066485
v 0.029000 -0.015000 -0.066485
v 0.031990 -0.011785 -0.066485
v 0.034212 -0.008118 -0.066485
v 0.035580 -0.004138 -0.066485
v 0.025011 0.000000 -0.069087
v 0.024761 0.002240 -0.069087
v 0.024021 0.004393 -0.069087
v 0.022818 0.006378 -0.069087
v 0.021200 0.008118 -0.069087
v 0.019229 0.009546 -0.069087
v 0.016979 0.010607 -0.069087
v 0.014538 0.011260 -0.069087
v 0.012000 0.011481 -0.069087
v 0.009462 0.011260 -0.069087
v 0.007021 0.010607 -0.069087
v 0.004771 0.009546 -0.069087
v 0.002800 0.008118 -0.069087
v 0.001182 0.006378 -0.069087
v -0.000021 0.004393 -0.069087
v -0.000761 0.002240 -0.069087
v -0.001011 0.000000 -0.069087
v -0.000761 -0.002240 -0.069087
v -0.000021 -0.004393 -0.069087
v 0.001182 -0.006378 -0.069087
v 0.002800 -0.008118 -0.069087
v 0.004771 -0.009546 -0.069087
v 0.007021 -0.010607 -0.069087
v 0.009462 -0.011260 -0.069087
v 0.012000 -0.011481 -0.069087
v 0.014538 -0.011260 -0.069087
v 0.016979 -0.010607 -0.069087
v 0.019229 -0.009546 -0.069087
v 0.021200 -0.008118 -0.069087
v 0.022818 -0.006378 -0.069087
v 0.024021 -0.004393 -0.069087
v 0.024761 -0.002240 -0.069087
v 0.012000 0.000000 -0.070000
v 0.012000 0.000000 -0.070000
v 0.012000 0.000000 -0.070000
v 0.012000 0.000000 -0.070000
v 0.012000 0.000000 -0.070000
v 0.012000 0.000000 -0.070000
v 0.012000 0.000000 -0.070000
v 0.012000 0.000000 -0.070000
v 0.012000 0.000000 -0.070000
v 0.012000 0.000000 -0.070000
v 0.012000 0.000000 -0.070000
v 0.012000 0.000000 -0.070000
v 0.012000 0.000000 -0.070000
v 0.012000 0.000000 -0.070000
v 0.012000 0.000000 -0.070000
v 0.012000 0.000000 -0.070000
v 0.012000 0.000000 -0.070000
v 0.012000 -0.000000 -0.070000
v 0.012000 -0.000000 -0.070000
v 0.012000 -0.000000 -0.070000
v 0.012000 -0.000000 -0.070000
v 0.012000 -0.000000 -0.070000
v 0.012000 -0.000000 -0.070000
v 0.012000 -0.000000 -0.070000
v 0.012000 -0.000000 -0.070000
v 0.012000 -0.000000 -0.070000
v 0.012000 -0.000000 -0.070000
v 0.012000 -0.000000 -0.070000
v 0.012000 -0.000000 -0.070000
v 0.012000 -0.000000 -0.070000
v 0.012000 -0.000000 -0.070000
v 0.012000 -0.000000 -0.070000
v -0.020000 -0.026560 -0.005750
v -0.020000 -0.026560 -0.002250
v -0.021600 -0.023789 -0.005750
v -0.021600 -0.023789 -0.002250
v -0.024800 -0.023789 -0.005750
v -0.024800 -0.023789 -0.002250
v -0.026400 -0.026560 -0.005750
v -0.026400 -0.026560 -0.002250
v -0.024800 -0.029331 -0.005750
v -0.024800 -0.029331 -0.002250
v -0.021600 -0.029331 -0.005750
v -0.021600 -0.029331 -0.002250
v -0.023200 -0.026560 -0.005750
v -0.023200 -0.026560 -0.002250
v -0.019360 -0.026560 -0.006625
v -0.019360 -0.026560 -0.005750
v -0.019592 -0.025247 -0.006625
v -0.019592 -0.025247 -0.005750
v -0.020258 -0.024092 -0.006625
v -0.020258 -0.024092 -0.005750
v -0.021280 -0.023234 -0.006625
v -0.021280 -0.023234 -0.005750
v -0.022533 -0.022778 -0.006625
v -0.022533 -0.022778 -0.005750
v -0.023867 -0.022778 -0.006625
v -0.023867 -0.022778 -0.005750
v -0.025120 -0.023234 -0.006625
v -0.025120 -0.023234 -0.005750
v -0.026142 -0.024092 -0.006625
v -0.026142 -0.024092 -0.005750
v -0.026808 -0.025247 -0.006625
v -0.026808 -0.025247 -0.005750
v -0.027040 -0.026560 -0.006625
v -0.027040 -0.026560 -0.005750
v -0.026808 -0.027873 -0.006625
v -0.026808 -0.027873 -0.005750
v -0.026142 -0.029028 -0.006625
v -0.026142 -0.029028 -0.005750
v -0.025120 -0.029886 -0.006625
v -0.025120 -0.029886 -0.005750
v -0.023867 -0.030342 -0.006625
v -0.023867 -0.030342 -0.005750
v -0.022533 -0.030342 -0.006625
v -0.022533 -0.030342 -0.005750
v -0.021280 -0.029886 -0.006625
v -0.021280 -0.029886 -0.005750
v -0.020258 -0.029028 -0.006625
v -0.020258 -0.029028 -0.005750
v -0.019592 -0.027873 -0.006625
v -0.019592 -0.027873 -0.005750
v -0.023200 -0.026560 -0.006625
v -0.023200 -0.026560 -0.005750
v -0.020000 0.026560 -0.005750
v -0.020000 0.026560 -0.002250
v -0.021600 0.029331 -0.005750
v -0.021600 0.029331 -0.002250
v -0.024800 0.029331 -0.005750
v -0.024800 0.029331 -0.002250
v -0.026400 0.026560 -0.005750
v -0.026400 0.026560 -0.002250
v -0.024800 0.023789 -0.005750
v -0.024800 0.023789 -0.002250
v -0.021600 0.023789 -0.005750
v -0.021600 0.023789 -0.002250
v -0.023200 0.026560 -0.005750
v -0.023200 0.026560 -0.002250
v -0.019360 0.026560 -0.006625
v -0.019360 0.026560 -0.005750
v -0.019592 0.027873 -0.006625
v -0.019592 0.027873 -0.005750
v -0.020258 0.029028 -0.006625
v -0.020258 0.029028 -0.005750
v -0.021280 0.029886 -0.006625
v -0.021280 0.029886 -0.005750
v -0.022533 0.030342 -0.006625
v -0.022533 0.030342 -0.005750
v -0.023867 0.030342 -0.006625
v -0.023867 0.030342 -0.005750
v -0.025120 0.029886 -0.006625
v -0.025120 0.029886 -0.005750
v -0.026142 0.029028 -0.006625
v -0.026142 0.029028 -0.005750
v -0.026808 0.027873 -0.006625
v -0.026808 0.027873 -0.005750
v -0.027040 0.026560 -0.006625
v -0.027040 0.026560 -0.005750
v -0.026808 0.025247 -0.006625
v -0.026808 0.025247 -0.005750
v -0.026142 0.024092 -0.006625
v -0.026142 0.024092 -0.005750
v -0.025120 0.023234 -0.006625
v -0.025120 0.023234 -0.005750
v -0.023867 0.022778 -0.006625
v -0.023867 0.022778 -0.005750
v -0.022533 0.022778 -0.006625
v -0.022533 0.022778 -0.005750
v -0.021280 0.023234 -0.006625
v -0.021280 0.023234 -0.005750
v -0.020258 0.024092 -0.006625
v -0.020258 0.024092 -0.005750
v -0.019592 0.025247 -0.006625
v -0.019592 0.025247 -0.005750
v -0.023200 0.026560 -0.006625
v -0.023200 0.026560 -0.005750
v 0.046400 -0.026560 -0.005750
v 0.046400 -0.026560 -0.002250
v 0.044800 -0.023789 -0.005750
v 0.044800 -0.023789 -0.002250
v 0.041600 -0.023789 -0.005750
v 0.041600 -0.023789 -0.002250
v 0.040000 -0.026560 -0.005750
v 0.040000 -0.026560 -0.002250
v 0.041600 -0.029331 -0.005750
v 0.041600 -0.029331 -0.002250
v 0.044800 -0.029331 -0.005750
v 0.044800 -0.029331 -0.002250
v 0.043200 -0.026560 -0.005750
v 0.043200 -0.026560 -0.002250
v 0.047040 -0.026560 -0.006625
v 0.047040 -0.026560 -0.005750
v 0.046808 -0.025247 -0.006625
v 0.046808 -0.025247 -0.005750
v 0.046142 -0.024092 -0.006625
v 0.046142 -0.024092 -0.005750
v 0.045120 -0.023234 -0.006625
v 0.045120 -0.023234 -0.005750
v 0.043867 -0.022778 -0.006625
v 0.043867 -0.022778 -0.005750
v 0.042533 -0.022778 -0.006625
v 0.042533 -0.022778 -0.005750
v 0.041280 -0.023234 -0.006625
v 0.041280 -0.023234 -0.005750
v 0.040258 -0.024092 -0.006625
v 0.040258 -0.024092 -0.005750
v 0.039592 -0.025247 -0.006625
v 0.039592 -0.025247 -0.005750
v 0.039360 -0.026560 -0.006625
v 0.039360 -0.026560 -0.005750
v 0.039592 -0.027873 -0.006625
v 0.039592 -0.027873 -0.005750
v 0.040258 -0.029028 -0.006625
v 0.040258 -0.029028 -0.005750
v 0.041280 -0.029886 -0.006625
v 0.041280 -0.029886 -0.005750
v 0.042533 -0.030342 -0.006625
v 0.042533 -0.030342 -0.005750
v 0.043867 -0.030342 -0.006625
v 0.043867 -0.030342 -0.005750
v 0.045120 -0.029886 -0.006625
v 0.045120 -0.029886 -0.005750
v 0.046142 -0.029028 -0.006625
v 0.046142 -0.029028 -0.005750
v 0.046808 -0.027873 -0.006625
v 0.046808 -0.027873 -0.005750
v 0.043200 -0.026560 -0.006625
v 0.043200 -0.026560 -0.005750
v 0.046400 0.026560 -0.005750
v 0.046400 0.026560 -0.002250
v 0.044800 0.029331 -0.005750
v 0.044800 0.029331 -0.002250
v 0.041600 0.029331 -0.005750
v 0.041600 0.029331 -0.002250
v 0.040000 0.026560 -0.005750
v 0.040000 0.026560 -0.002250
v 0.041600 0.023789 -0.005750
v 0.041600 0.023789 -0.002250
v 0.044800 0.023789 -0.005750
v 0.044800 0.023789 -0.002250
v 0.043200 0.026560 -0.005750
v 0.043200 0.026560 -0.002250
v 0.047040 0.026560 -0.006625
v 0.047040 0.026560 -0.005750
v 0.046808 0.027873 -0.006625
v 0.046808 0.027873 -0.005750
v 0.046142 0.029028 -0.006625
v 0.046142 0.029028 -0.005750
v 0.045120 0.029886 -0.006625
v 0.045120 0.029886 -0.005750
v 0.043867 0.030342 -0.006625
v 0.043867 0.030342 -0.005750
v 0.042533 0.030342 -0.006625
v 0.042533 0.030342 -0.005750
v 0.041280 0.029886 -0.006625
v 0.041280 0.029886 -0.005750
v 0.040258 0.029028 -0.006625
v 0.040258 0.029028 -0.005750
v 0.039592 0.027873 -0.006625
v 0.039592 0.027873 -0.005750
v 0.039360 0.026560 -0.006625
v 0.039360 0.026560 -0.005750
v 0.039592 0.025247 -0.006625
v 0.039592 0.025247 -0.005750
v 0.040258 0.024092 -0.006625
v 0.040258 0.024092 -0.005750
v 0.041280 0.023234 -0.006625
v 0.041280 0.023234 -0.005750
v 0.042533 0.022778 -0.006625
v 0.042533 0.022778 -0.005750
v 0.043867 0.022778 -0.006625
v 0.043867 0.022778 -0.005750
v 0.045120 0.023234 -0.006625
v 0.045120 0.023234 -0.005750
v 0.046142 0.024092 -0.006625
v 0.046142 0.024092 -0.005750
v 0.046808 0.025247 -0.006625
v 0.046808 0.025247 -0.005750
v 0.043200 0.026560 -0.006625
v 0.043200 0.026560 -0.005750
v 0.036000 -0.041000 0.015000
v 0.036000 -0.067000 0.015000
v 0.035638 -0.041000 0.017052
v 0.035638 -0.067000 0.017052
v 0.034596 -0.041000 0.018857
v 0.034596 -0.067000 0.018857
v 0.033000 -0.041000 0.020196
v 0.033000 -0.067000 0.020196
v 0.031042 -0.041000 0.020909
v 0.031042 -0.067000 0.020909
v 0.028958 -0.041000 0.020909
v 0.028958 -0.067000 0.020909
v 0.027000 -0.041000 0.020196
v 0.027000 -0.067000 0.020196
v 0.025404 -0.041000 0.018857
v 0.025404 -0.067000 0.018857
v 0.024362 -0.041000 0.017052
v 0.024362 -0.067000 0.017052
v 0.024000 -0.041000 0.015000
v 0.024000 -0.067000 0.015000
v 0.024362 -0.041000 0.012948
v 0.024362 -0.067000 0.012948
v 0.025404 -0.041000 0.011143
v 0.025404 -0.067000 0.011143
v 0.027000 -0.041000 0.009804
v 0.027000 -0.067000 0.009804
v 0.028958 -0.041000 0.009091
v 0.028958 -0.067000 0.009091
v 0.031042 -0.041000 0.009091
v 0.031042 -0.067000 0.009091
v 0.033000 -0.041000 0.009804
v 0.033000 -0.067000 0.009804
v 0.034596 -0.041000 0.011143
v 0.034596 -0.067000 0.011143
v 0.035638 -0.041000 0.012948
v 0.035638 -0.067000 0.012948
v 0.030000 -0.041000 0.015000
v 0.030000 -0.067000 0.015000
v 0.023100 -0.053000 0.015000
v 0.023550 -0.052221 0.015000
v 0.024450 -0.052221 0.015000
v 0.024900 -0.053000 0.015000
v 0.024450 -0.053779 0.015000
v 0.023550 -0.053779 0.015000
v 0.023516 -0.053000 0.017360
v 0.023939 -0.052221 0.017206
v 0.024785 -0.052221 0.016898
v 0.025208 -0.053000 0.016744
v 0.024785 -0.053779 0.016898
v 0.023939 -0.053779 0.017206
v 0.024714 -0.053000 0.019435
v 0.025059 -0.052221 0.019146
v 0.025748 -0.052221 0.018567
v 0.026093 -0.053000 0.018278
v 0.025748 -0.053779 0.018567
v 0.025059 -0.053779 0.019146
v 0.026550 -0.053000 0.020976
v 0.026775 -0.052221 0.020586
v 0.027225 -0.052221 0.019806
v 0.027450 -0.053000 0.019417
v 0.027225 -0.053779 0.019806
v 0.026775 -0.053779 0.020586
v 0.028802 -0.053000 0.021795
v 0.028880 -0.052221 0.021352
v 0.029036 -0.052221 0.020466
v 0.029114 -0.053000 0.020023
v 0.029036 -0.053779 0.020466
v 0.028880 -0.053779 0.021352
v 0.031198 -0.053000 0.021795
v 0.031120 -0.052221 0.021352
v 0.030964 -0.052221 0.020466
v 0.030886 -0.053000 0.020023
v 0.030964 -0.053779 0.020466
v 0.031120 -0.053779 0.021352
v 0.033450 -0.053000 0.020976
v 0.033225 -0.052221 0.020586
v 0.032775 -0.052221 0.019806
v 0.032550 -0.053000 0.019417
v 0.032775 -0.053779 0.019806
v 0.033225 -0.053779 0.020586
v 0.035286 -0.053000 0.019435
v 0.034941 -0.052221 0.019146
v 0.034252 -0.052221 0.018567
v 0.033907 -0.053000 0.018278
v 0.034252 -0.053779 0.018567
v 0.034941 -0.053779 0.019146
v 0.036484 -0.053000 0.017360
v 0.036061 -0.052221 0.017206
v 0.035215 -0.052221 0.016898
v 0.034792 -0.053000 0.016744
v 0.035215 -0.053779 0.016898
v 0.036061 -0.053779 0.017206
v 0.036900 -0.053000 0.015000
v 0.036450 -0.052221 0.015000
v 0.035550 -0.052221 0.015000
v 0.035100 -0.053000 0.015000
v 0.035550 -0.053779 0.015000
v 0.036450 -0.053779 0.015000
v 0.036484 -0.053000 0.012640
v 0.036061 -0.052221 0.012794
v 0.035215 -0.052221 0.013102
v 0.034792 -0.053000 0.013256
v 0.035215 -0.053779 0.013102
v 0.036061 -0.053779 0.012794
v 0.035286 -0.053000 0.010565
v 0.034941 -0.052221 0.010854
v 0.034252 -0.052221 0.011433
v 0.033907 -0.053000 0.011722
v 0.034252 -0.053779 0.011433
v 0.034941 -0.053779 0.010854
v 0.033450 -0.053000 0.009024
v 0.033225 -0.052221 0.009414
v 0.032775 -0.052221 0.010194
v 0.032550 -0.053000 0.010583
v 0.032775 -0.053779 0.010194
v 0.033225 -0.053779 0.009414
v 0.031198 -0.053000 0.008205
v 0.031120 -0.052221 0.008648
v 0.030964 -0.052221 0.009534
v 0.030886 -0.053000 0.009977
v 0.030964 -0.053779 0.009534
v 0.031120 -0.053779 0.008648
v 0.028802 -0.053000 0.008205
v 0.028880 -0.052221 0.008648
v 0.029036 -0.052221 0.009534
v 0.029114 -0.053000 0.009977
v 0.029036 -0.053779 0.009534
v 0.028880 -0.053779 0.008648
v 0.026550 -0.053000 0.009024
v 0.026775 -0.052221 0.009414
v 0.027225 -0.052221 0.010194
v 0.027450 -0.053000 0.010583
v 0.027225 -0.053779 0.010194
v 0.026775 -0.053779 0.009414
v 0.024714 -0.053000 0.010565
v 0.025059 -0.052221 0.010854
v 0.025748 -0.052221 0.011433
v 0.026093 -0.053000 0.011722
v 0.025748 -0.053779 0.011433
v 0.025059 -0.053779 0.010854
v 0.023516 -0.053000 0.012640
v 0.023939 -0.052221 0.012794
v 0.024785 -0.052221 0.013102
v 0.025208 -0.053000 0.013256
v 0.024785 -0.053779 0.013102
v 0.023939 -0.053779 0.012794
v 0.023700 -0.061000 0.015000
v 0.024100 -0.060307 0.015000
v 0.024900 -0.060307 0.015000
v 0.025300 -0.061000 0.015000
v 0.024900 -0.061693 0.015000
v 0.024100 -0.061693 0.015000
v 0.024080 -0.061000 0.017155
v 0.024456 -0.060307 0.017018
v 0.025208 -0.060307 0.016744
v 0.025583 -0.061000 0.016607
v 0.025208 -0.061693 0.016744
v 0.024456 -0.061693 0.017018
v 0.025174 -0.061000 0.019050
v 0.025480 -0.060307 0.018792
v 0.026093 -0.060307 0.018278
v 0.026400 -0.061000 0.018021
v 0.026093 -0.061693 0.018278
v 0.025480 -0.061693 0.018792
v 0.026850 -0.061000 0.020456
v 0.027050 -0.060307 0.020110
v 0.027450 -0.060307 0.019417
v 0.027650 -0.061000 0.019070
v 0.027450 -0.061693 0.019417
v 0.027050 -0.061693 0.020110
v 0.028906 -0.061000 0.021204
v 0.028975 -0.060307 0.020810
v 0.029114 -0.060307 0.020023
v 0.029184 -0.061000 0.019629
v 0.029114 -0.061693 0.020023
v 0.028975 -0.061693 0.020810
v 0.031094 -0.061000 0.021204
v 0.031025 -0.060307 0.020810
v 0.030886 -0.060307 0.020023
v 0.030816 -0.061000 0.019629
v 0.030886 -0.061693 0.020023
v 0.031025 -0.061693 0.020810
v 0.033150 -0.061000 0.020456
v 0.032950 -0.060307 0.020110
v 0.032550 -0.060307 0.019417
v 0.032350 -0.061000 0.019070
v 0.032550 -0.061693 0.019417
v 0.032950 -0.061693 0.020110
v 0.034826 -0.061000 0.019050
v 0.034520 -0.060307 0.018792
v 0.033907 -0.060307 0.018278
v 0.033600 -0.061000 0.018021
v 0.033907 -0.061693 0.018278
v 0.034520 -0.061693 0.018792
v 0.035920 -0.061000 0.017155
v 0.035544 -0.060307 0.017018
v 0.034792 -0.060307 0.016744
v 0.034417 -0.061000 0.016607
v 0.034792 -0.061693 0.016744
v 0.035544 -0.061693 0.017018
v 0.036300 -0.061000 0.015000
v 0.035900 -0.060307 0.015000
v 0.035100 -0.060307 0.015000
v 0.034700 -0.061000 0.015000
v 0.035100 -0.061693 0.015000
v 0.035900 -0.061693 0.015000
v 0.035920 -0.061000 0.012845
v 0.035544 -0.060307 0.012982
v 0.034792 -0.060307 0.013256
v 0.034417 -0.061000 0.013393
v 0.034792 -0.061693 0.013256
v 0.035544 -0.061693 0.012982
v 0.034826 -0.061000 0.010950
v 0.034520 -0.060307 0.011208
v 0.033907 -0.060307 0.011722
v 0.033600 -0.061000 0.011979
v 0.033907 -0.061693 0.011722
v 0.034520 -0.061693 0.011208
v 0.033150 -0.061000 0.009544
v 0.032950 -0.060307 0.009890
v 0.032550 -0.060307 0.010583
v 0.032350 -0.061000 0.010930
v 0.032550 -0.061693 0.010583
v 0.032950 -0.061693 0.009890
v 0.031094 -0.061000 0.008796
v 0.031025 -0.060307 0.009190
v 0.030886 -0.060307 0.009977
v 0.030816 -0.061000 0.010371
v 0.030886 -0.061693 0.009977
v 0.031025 -0.061693 0.009190
v 0.028906 -0.061000 0.008796
v 0.028975 -0.060307 0.009190
v 0.029114 -0.060307 0.009977
v 0.029184 -0.061000 0.010371
v 0.029114 -0.061693 0.009977
v 0.028975 -0.061693 0.009190
v 0.026850 -0.061000 0.009544
v 0.027050 -0.060307 0.009890
v 0.027450 -0.060307 0.010583
v 0.027650 -0.061000 0.010930
v 0.027450 -0.061693 0.010583
v 0.027050 -0.061693 0.009890
v 0.025174 -0.061000 0.010950
v 0.025480 -0.060307 0.011208
v 0.026093 -0.060307 0.011722
v 0.026400 -0.061000 0.011979
v 0.026093 -0.061693 0.011722
v 0.025480 -0.061693 0.011208
v 0.024080 -0.061000 0.012845
v 0.024456 -0.060307 0.012982
v 0.025208 -0.060307 0.013256
v 0.025583 -0.061000 0.013393
v 0.025208 -0.061693 0.013256
v 0.024456 -0.061693 0.012982
v -0.034000 0.028000 0.005000
v -0.034000 0.032000 0.005000
v -0.033796 0.028000 0.006553
v -0.033796 0.032000 0.006553
v -0.033196 0.028000 0.008000
v -0.033196 0.032000 0.008000
v -0.032243 0.028000 0.009243
v -0.032243 0.032000 0.009243
v -0.031000 0.028000 0.010196
v -0.031000 0.032000 0.010196
v -0.029553 0.028000 0.010796
v -0.029553 0.032000 0.010796
v -0.028000 0.028000 0.011000
v -0.028000 0.032000 0.011000
v -0.026447 0.028000 0.010796
v -0.026447 0.032000 0.010796
v -0.025000 0.028000 0.010196
v -0.025000 0.032000 0.010196
v -0.023757 0.028000 0.009243
v -0.023757 0.032000 0.009243
v -0.022804 0.028000 0.008000
v -0.022804 0.032000 0.008000
v -0.022204 0.028000 0.006553
v -0.022204 0.032000 0.006553
v -0.022000 0.028000 0.005000
v -0.022000 0.032000 0.005000
v -0.022204 0.028000 0.003447
v -0.022204 0.032000 0.003447
v -0.022804 0.028000 0.002000
v -0.022804 0.032000 0.002000
v -0.023757 0.028000 0.000757
v -0.023757 0.032000 0.000757
v -0.025000 0.028000 -0.000196
v -0.025000 0.032000 -0.000196
v -0.026447 0.028000 -0.000796
v -0.026447 0.032000 -0.000796
v -0.028000 0.028000 -0.001000
v -0.028000 0.032000 -0.001000
v -0.029553 0.028000 -0.000796
v -0.029553 0.032000 -0.000796
v -0.031000 0.028000 -0.000196
v -0.031000 0.032000 -0.000196
v -0.032243 0.028000 0.000757
v -0.032243 0.032000 0.000757
v -0.033196 0.028000 0.002000
v -0.033196 0.032000 0.002000
v -0.033796 0.028000 0.003447
v -0.033796 0.032000 0.003447
v -0.028000 0.028000 0.005000
v -0.028000 0.032000 0.005000
v -0.023200 0.031880 0.004040
v -0.032800 0.031880 0.004040
v -0.032800 0.031880 0.005960
v -0.023200 0.031880 0.005960
v -0.023200 0.032600 0.004040
v -0.032800 0.032600 0.004040
v -0.032800 0.032600 0.005960
v -0.023200 0.032600 0.005960
v -0.041838 0.031162 0.005000
v -0.053838 0.043162 0.005000
v -0.041592 0.031408 0.006300
v -0.053592 0.043408 0.006300
v -0.040919 0.032081 0.007252
v -0.052919 0.044081 0.007252
v -0.040000 0.033000 0.007600
v -0.052000 0.045000 0.007600
v -0.039081 0.033919 0.007252
v -0.051081 0.045919 0.007252
v -0.038408 0.034592 0.006300
v -0.050408 0.046592 0.006300
v -0.038162 0.034838 0.005000
v -0.050162 0.046838 0.005000
v -0.038408 0.034592 0.003700
v -0.050408 0.046592 0.003700
v -0.039081 0.033919 0.002748
v -0.051081 0.045919 0.002748
v -0.040000 0.033000 0.002400
v -0.052000 0.045000 0.002400
v -0.040919 0.032081 0.002748
v -0.052919 0.044081 0.002748
v -0.041592 0.031408 0.003700
v -0.053592 0.043408 0.003700
v -0.040000 0.033000 0.005000
v -0.052000 0.045000 0.005000
v -0.002000 0.035000 0.034000
v -0.001000 0.053000 0.034000
v 0.002000 0.035000 0.034000
v 0.002500 0.053000 0.034000
v -0.001657 0.035000 0.036163
v -0.000706 0.053000 0.035854
v 0.002147 0.035000 0.034927
v 0.002622 0.053000 0.034773
v -0.000663 0.035000 0.038114
v 0.000146 0.053000 0.037527
v 0.002573 0.035000 0.035763
v 0.002977 0.053000 0.035469
v 0.000886 0.035000 0.039663
v 0.001473 0.053000 0.038854
v 0.003237 0.035000 0.036427
v 0.003531 0.053000 0.036023
v 0.002837 0.035000 0.040657
v 0.003146 0.053000 0.039706
v 0.004073 0.035000 0.036853
v 0.004227 0.053000 0.036378
v 0.005000 0.035000 0.041000
v 0.005000 0.053000 0.040000
v 0.005000 0.035000 0.037000
v 0.005000 0.053000 0.036500
v 0.007163 0.035000 0.040657
v 0.006854 0.053000 0.039706
v 0.005927 0.035000 0.036853
v 0.005773 0.053000 0.036378
v 0.009114 0.035000 0.039663
v 0.008527 0.053000 0.038854
v 0.006763 0.035000 0.036427
v 0.006469 0.053000 0.036023
v 0.010663 0.035000 0.038114
v 0.009854 0.053000 0.037527
v 0.007427 0.035000 0.035763
v 0.007023 0.053000 0.035469
v 0.011657 0.035000 0.036163
v 0.010706 0.053000 0.035854
v 0.007853 0.035000 0.034927
v 0.007378 0.053000 0.034773
v 0.012000 0.035000 0.034000
v 0.011000 0.053000 0.034000
v 0.008000 0.035000 0.034000
v 0.007500 0.053000 0.034000
v 0.011657 0.035000 0.031837
v 0.010706 0.053000 0.032146
v 0.007853 0.035000 0.033073
v 0.007378 0.053000 0.033227
v 0.010663 0.035000 0.029886
v 0.009854 0.053000 0.030473
v 0.007427 0.035000 0.032237
v 0.007023 0.053000 0.032531
v 0.009114 0.035000 0.028337
v 0.008527 0.053000 0.029146
v 0.006763 0.035000 0.031573
v 0.006469 0.053000 0.031977
v 0.007163 0.035000 0.027343
v 0.006854 0.053000 0.028294
v 0.005927 0.035000 0.031147
v 0.005773 0.053000 0.031622
v 0.005000 0.035000 0.027000
v 0.005000 0.053000 0.028000
v 0.005000 0.035000 0.031000
v 0.005000 0.053000 0.031500
v 0.002837 0.035000 0.027343
v 0.003146 0.053000 0.028294
v 0.004073 0.035000 0.031147
v 0.004227 0.053000 0.031622
v 0.000886 0.035000 0.028337
v 0.001473 0.053000 0.029146
v 0.003237 0.035000 0.031573
v 0.003531 0.053000 0.031977
v -0.000663 0.035000 0.029886
v 0.000146 0.053000 0.030473
v 0.002573 0.035000 0.032237
v 0.002977 0.053000 0.032531
v -0.001657 0.035000 0.031837
v -0.000706 0.053000 0.032146
v 0.002147 0.035000 0.033073
v 0.002622 0.053000 0.033227
v -0.015000 -0.004000 -0.066000
v -0.030000 -0.004000 -0.078000
v -0.015956 -0.003696 -0.064805
v -0.030956 -0.003696 -0.076805
v -0.016767 -0.002828 -0.063791
v -0.031767 -0.002828 -0.075791
v -0.017309 -0.001531 -0.063114
v -0.032309 -0.001531 -0.075114
v -0.017499 -0.000000 -0.062877
v -0.032499 -0.000000 -0.074877
v -0.017309 0.001531 -0.063114
v -0.032309 0.001531 -0.075114
v -0.016767 0.002828 -0.063791
v -0.031767 0.002828 -0.075791
v -0.015956 0.003696 -0.064805
v -0.030956 0.003696 -0.076805
v -0.015000 0.004000 -0.066000
v -0.030000 0.004000 -0.078000
v -0.014044 0.003696 -0.067195
v -0.029044 0.003696 -0.079195
v -0.013233 0.002828 -0.068209
v -0.028233 0.002828 -0.080209
v -0.012691 0.001531 -0.068886
v -0.027691 0.001531 -0.080886
v -0.012501 0.000000 -0.069123
v -0.027501 0.000000 -0.081123
v -0.012691 -0.001531 -0.068886
v -0.027691 -0.001531 -0.080886
v -0.013233 -0.002828 -0.068209
v -0.028233 -0.002828 -0.080209
v -0.014044 -0.003696 -0.067195
v -0.029044 -0.003696 -0.079195
v -0.015000 0.000000 -0.066000
v -0.030000 0.000000 -0.078000
v 0.021200 0.031500 -0.030000
v 0.021200 0.034500 -0.030000
v 0.021364 0.031500 -0.028758
v 0.021364 0.034500 -0.028758
v 0.021843 0.031500 -0.027600
v 0.021843 0.034500 -0.027600
v 0.022606 0.031500 -0.026606
v 0.022606 0.034500 -0.026606
v 0.023600 0.031500 -0.025843
v 0.023600 0.034500 -0.025843
v 0.024758 0.031500 -0.025364
v 0.024758 0.034500 -0.025364
v 0.026000 0.031500 -0.025200
v 0.026000 0.034500 -0.025200
v 0.027242 0.031500 -0.025364
v 0.027242 0.034500 -0.025364
v 0.028400 0.031500 -0.025843
v 0.028400 0.034500 -0.025843
v 0.029394 0.031500 -0.026606
v 0.029394 0.034500 -0.026606
v 0.030157 0.031500 -0.027600
v 0.030157 0.034500 -0.027600
v 0.030636 0.031500 -0.028758
v 0.030636 0.034500 -0.028758
v 0.030800 0.031500 -0.030000
v 0.030800 0.034500 -0.030000
v 0.030636 0.031500 -0.031242
v 0.030636 0.034500 -0.031242
v 0.030157 0.031500 -0.032400
v 0.030157 0.034500 -0.032400
v 0.029394 0.031500 -0.033394
v 0.029394 0.034500 -0.033394
v 0.028400 0.031500 -0.034157
v 0.028400 0.034500 -0.034157
v 0.027242 0.031500 -0.034636
v 0.027242 0.034500 -0.034636
v 0.026000 0.031500 -0.034800
v 0.026000 0.034500 -0.034800
v 0.024758 0.031500 -0.034636
v 0.024758 0.034500 -0.034636
v 0.023600 0.031500 -0.034157
v 0.023600 0.034500 -0.034157
v 0.022606 0.031500 -0.033394
v 0.022606 0.034500 -0.033394
v 0.021843 0.031500 -0.032400
v 0.021843 0.034500 -0.032400
v 0.021364 0.031500 -0.031242
v 0.021364 0.034500 -0.031242
v 0.026000 0.031500 -0.030000
v 0.026000 0.034500 -0.030000
v 0.029840 0.034410 -0.030768
v 0.022160 0.034410 -0.030768
v 0.022160 0.034410 -0.029232
v 0.029840 0.034410 -0.029232
v 0.029840 0.034950 -0.030768
v 0.022160 0.034950 -0.030768
v 0.022160 0.034950 -0.029232
v 0.029840 0.034950 -0.029232
v 0.034000 0.041000 0.040000
v 0.034000 0.049000 0.040000
v 0.034273 0.041000 0.043126
v 0.034273 0.049000 0.043126
v 0.035086 0.041000 0.046156
v 0.035086 0.049000 0.046156
v 0.036412 0.041000 0.049000
v 0.036412 0.049000 0.049000
v 0.038211 0.041000 0.051570
v 0.038211 0.049000 0.051570
v 0.040430 0.041000 0.053789
v 0.040430 0.049000 0.053789
v 0.043000 0.041000 0.055588
v 0.043000 0.049000 0.055588
v 0.045844 0.041000 0.056914
v 0.045844 0.049000 0.056914
v 0.048874 0.041000 0.057727
v 0.048874 0.049000 0.057727
v 0.052000 0.041000 0.058000
v 0.052000 0.049000 0.058000
v 0.055126 0.041000 0.057727
v 0.055126 0.049000 0.057727
v 0.058156 0.041000 0.056914
v 0.058156 0.049000 0.056914
v 0.061000 0.041000 0.055588
v 0.061000 0.049000 0.055588
v 0.063570 0.041000 0.053789
v 0.063570 0.049000 0.053789
v 0.065789 0.041000 0.051570
v 0.065789 0.049000 0.051570
v 0.067588 0.041000 0.049000
v 0.067588 0.049000 0.049000
v 0.068914 0.041000 0.046156
v 0.068914 0.049000 0.046156
v 0.069727 0.041000 0.043126
v 0.069727 0.049000 0.043126
v 0.070000 0.041000 0.040000
v 0.070000 0.049000 0.040000
v 0.069727 0.041000 0.036874
v 0.069727 0.049000 0.036874
v 0.068914 0.041000 0.033844
v 0.068914 0.049000 0.033844
v 0.067588 0.041000 0.031000
v 0.067588 0.049000 0.031000
v 0.065789 0.041000 0.028430
v 0.065789 0.049000 0.028430
v 0.063570 0.041000 0.026211
v 0.063570 0.049000 0.026211
v 0.061000 0.041000 0.024412
v 0.061000 0.049000 0.024412
v 0.058156 0.041000 0.023086
v 0.058156 0.049000 0.023086
v 0.055126 0.041000 0.022273
v 0.055126 0.049000 0.022273
v 0.052000 0.041000 0.022000
v 0.052000 0.049000 0.022000
v 0.048874 0.041000 0.022273
v 0.048874 0.049000 0.022273
v 0.045844 0.041000 0.023086
v 0.045844 0.049000 0.023086
v 0.043000 0.041000 0.024412
v 0.043000 0.049000 0.024412
v 0.040430 0.041000 0.026211
v 0.040430 0.049000 0.026211
v 0.038211 0.041000 0.028430
v 0.038211 0.049000 0.028430
v 0.036412 0.041000 0.031000
v 0.036412 0.049000 0.031000
v 0.035086 0.041000 0.033844
v 0.035086 0.049000 0.033844
v 0.034273 0.041000 0.036874
v 0.034273 0.049000 0.036874
v 0.052000 0.041000 0.040000
v 0.052000 0.049000 0.040000
v 0.036500 0.045000 0.040000
v 0.037232 0.046768 0.040000
v 0.039000 0.047500 0.040000
v 0.040768 0.046768 0.040000
v 0.041500 0.045000 0.040000
v 0.040768 0.043232 0.040000
v 0.039000 0.042500 0.040000
v 0.037232 0.043232 0.040000
v 0.036735 0.045000 0.042692
v 0.037457 0.046768 0.042564
v 0.039197 0.047500 0.042257
v 0.040938 0.046768 0.041950
v 0.041660 0.045000 0.041823
v 0.040938 0.043232 0.041950
v 0.039197 0.042500 0.042257
v 0.037457 0.043232 0.042564
v 0.037435 0.045000 0.045301
v 0.038123 0.046768 0.045051
v 0.039784 0.047500 0.044446
v 0.041445 0.046768 0.043842
v 0.042133 0.045000 0.043591
v 0.041445 0.043232 0.043842
v 0.039784 0.042500 0.044446
v 0.038123 0.043232 0.045051
v 0.038577 0.045000 0.047750
v 0.039211 0.046768 0.047384
v 0.040742 0.047500 0.046500
v 0.042273 0.046768 0.045616
v 0.042907 0.045000 0.045250
v 0.042273 0.043232 0.045616
v 0.040742 0.042500 0.046500
v 0.039211 0.043232 0.047384
v 0.040126 0.045000 0.049963
v 0.040687 0.046768 0.049493
v 0.042041 0.047500 0.048356
v 0.043396 0.046768 0.047220
v 0.043957 0.045000 0.046749
v 0.043396 0.043232 0.047220
v 0.042041 0.042500 0.048356
v 0.040687 0.043232 0.049493
v 0.042037 0.045000 0.051874
v 0.042507 0.046768 0.051313
v 0.043644 0.047500 0.049959
v 0.044780 0.046768 0.048604
v 0.045251 0.045000 0.048043
v 0.044780 0.043232 0.048604
v 0.043644 0.042500 0.049959
v 0.042507 0.043232 0.051313
v 0.044250 0.045000 0.053423
v 0.044616 0.046768 0.052789
v 0.045500 0.047500 0.051258
v 0.046384 0.046768 0.049727
v 0.046750 0.045000 0.049093
v 0.046384 0.043232 0.049727
v 0.045500 0.042500 0.051258
v 0.044616 0.043232 0.052789
v 0.046699 0.045000 0.054565
v 0.046949 0.046768 0.053877
v 0.047554 0.047500 0.052216
v 0.048158 0.046768 0.050555
v 0.048409 0.045000 0.049867
v 0.048158 0.043232 0.050555
v 0.047554 0.042500 0.052216
v 0.046949 0.043232 0.053877
v 0.049308 0.045000 0.055265
v 0.049436 0.046768 0.054543
v 0.049743 0.047500 0.052803
v 0.050050 0.046768 0.051062
v 0.050177 0.045000 0.050340
v 0.050050 0.043232 0.051062
v 0.049743 0.042500 0.052803
v 0.049436 0.043232 0.054543
v 0.052000 0.045000 0.055500
v 0.052000 0.046768 0.054768
v 0.052000 0.047500 0.053000
v 0.052000 0.046768 0.051232
v 0.052000 0.045000 0.050500
v 0.052000 0.043232 0.051232
v 0.052000 0.042500 0.053000
v 0.052000 0.043232 0.054768
v 0.054692 0.045000 0.055265
v 0.054564 0.046768 0.054543
v 0.054257 0.047500 0.052803
v 0.053950 0.046768 0.051062
v 0.053823 0.045000 0.050340
v 0.053950 0.043232 0.051062
v 0.054257 0.042500 0.052803
v 0.054564 0.043232 0.054543
v 0.057301 0.045000 0.054565
v 0.057051 0.046768 0.053877
v 0.056446 0.047500 0.052216
v 0.055842 0.046768 0.050555
v 0.055591 0.045000 0.049867
v 0.055842 0.043232 0.050555
v 0.056446 0.042500 0.052216
v 0.057051 0.043232 0.053877
v 0.059750 0.045000 0.053423
v 0.059384 0.046768 0.052789
v 0.058500 0.047500 0.051258
v 0.057616 0.046768 0.049727
v 0.057250 0.045000 0.049093
v 0.057616 0.043232 0.049727
v 0.058500 0.042500 0.051258
v 0.059384 0.043232 0.052789
v 0.061963 0.045000 0.051874
v 0.061493 0.046768 0.051313
v 0.060356 0.047500 0.049959
v 0.059220 0.046768 0.048604
v 0.058749 0.045000 0.048043
v 0.059220 0.043232 0.048604
v 0.060356 0.042500 0.049959
v 0.061493 0.043232 0.051313
v 0.063874 0.045000 0.049963
v 0.063313 0.046768 0.049493
v 0.061959 0.047500 0.048356
v 0.060604 0.046768 0.047220
v 0.060043 0.045000 0.046749
v 0.060604 0.043232 0.047220
v 0.061959 0.042500 0.048356
v 0.063313 0.043232 0.049493
v 0.065423 0.045000 0.047750
v 0.064789 0.046768 0.047384
v 0.063258 0.047500 0.046500
v 0.061727 0.046768 0.045616
v 0.061093 0.045000 0.045250
v 0.061727 0.043232 0.045616
v 0.063258 0.042500 0.046500
v 0.064789 0.043232 0.047384
v 0.066565 0.045000 0.045301
v 0.065877 0.046768 0.045051
v 0.064216 0.047500 0.044446
v 0.062555 0.046768 0.043842
v 0.061867 0.045000 0.043591
v 0.062555 0.043232 0.043842
v 0.064216 0.042500 0.044446
v 0.065877 0.043232 0.045051
v 0.067265 0.045000 0.042692
v 0.066543 0.046768 0.042564
v 0.064803 0.047500 0.042257
v 0.063062 0.046768 0.041950
v 0.062340 0.045000 0.041823
v 0.063062 0.043232 0.041950
v 0.064803 0.042500 0.042257
v 0.066543 0.043232 0.042564
v 0.067500 0.045000 0.040000
v 0.066768 0.046768 0.040000
v 0.065000 0.047500 0.040000
v 0.063232 0.046768 0.040000
v 0.062500 0.045000 0.040000
v 0.063232 0.043232 0.040000
v 0.065000 0.042500 0.040000
v 0.066768 0.043232 0.040000
v 0.067265 0.045000 0.037308
v 0.066543 0.046768 0.037436
v 0.064803 0.047500 0.037743
v 0.063062 0.046768 0.038050
v 0.062340 0.045000 0.038177
v 0.063062 0.043232 0.038050
v 0.064803 0.042500 0.037743
v 0.066543 0.043232 0.037436
v 0.066565 0.045000 0.034699
v 0.065877 0.046768 0.034949
v 0.064216 0.047500 0.035554
v 0.062555 0.046768 0.036158
v 0.061867 0.045000 0.036409
v 0.062555 0.043232 0.036158
v 0.064216 0.042500 0.035554
v 0.065877 0.043232 0.034949
v 0.065423 0.045000 0.032250
v 0.064789 0.046768 0.032616
v 0.063258 0.047500 0.033500
v 0.061727 0.046768 0.034384
v 0.061093 0.045000 0.034750
v 0.061727 0.043232 0.034384
v 0.063258 0.042500 0.033500
v 0.064789 0.043232 0.032616
v 0.063874 0.045000 0.030037
v 0.063313 0.046768 0.030507
v 0.061959 0.047500 0.031644
v 0.060604 0.046768 0.032780
v 0.060043 0.045000 0.033251
v 0.060604 0.043232 0.032780
v 0.061959 0.042500 0.031644
v 0.063313 0.043232 0.030507
v 0.061963 0.045000 0.028126
v 0.061493 0.046768 0.028687
v 0.060356 0.047500 0.030041
v 0.059220 0.046768 0.031396
v 0.058749 0.045000 0.031957
v 0.059220 0.043232 0.031396
v 0.060356 0.042500 0.030041
v 0.061493 0.043232 0.028687
v 0.059750 0.045000 0.026577
v 0.059384 0.046768 0.027211
v 0.058500 0.047500 0.028742
v 0.057616 0.046768 0.030273
v 0.057250 0.045000 0.030907
v 0.057616 0.043232 0.030273
v 0.058500 0.042500 0.028742
v 0.059384 0.043232 0.027211
v 0.057301 0.045000 0.025435
v 0.057051 0.046768 0.026123
v 0.056446 0.047500 0.027784
v 0.055842 0.046768 0.029445
v 0.055591 0.045000 0.030133
v 0.055842 0.043232 0.029445
v 0.056446 0.042500 0.027784
v 0.057051 0.043232 0.026123
v 0.054692 0.045000 0.024735
v 0.054564 0.046768 0.025457
v 0.054257 0.047500 0.027197
v 0.053950 0.046768 0.028938
v 0.053823 0.045000 0.029660
v 0.053950 0.043232 0.028938
v 0.054257 0.042500 0.027197
v 0.054564 0.043232 0.025457
v 0.052000 0.045000 0.024500
v 0.052000 0.046768 0.025232
v 0.052000 0.047500 0.027000
v 0.052000 0.046768 0.028768
v 0.052000 0.045000 0.029500
v 0.052000 0.043232 0.028768
v 0.052000 0.042500 0.027000
v 0.052000 0.043232 0.025232
v 0.049308 0.045000 0.024735
v 0.049436 0.046768 0.025457
v 0.049743 0.047500 0.027197
v 0.050050 0.046768 0.028938
v 0.050177 0.045000 0.029660
v 0.050050 0.043232 0.028938
v 0.049743 0.042500 0.027197
v 0.049436 0.043232 0.025457
v 0.046699 0.045000 0.025435
v 0.046949 0.046768 0.026123
v 0.047554 0.047500 0.027784
v 0.048158 0.046768 0.029445
v 0.048409 0.045000 0.030133
v 0.048158 0.043232 0.029445
v 0.047554 0.042500 0.027784
v 0.046949 0.043232 0.026123
v 0.044250 0.045000 0.026577
v 0.044616 0.046768 0.027211
v 0.045500 0.047500 0.028742
v 0.046384 0.046768 0.030273
v 0.046750 0.045000 0.030907
v 0.046384 0.043232 0.030273
v 0.045500 0.042500 0.028742
v 0.044616 0.043232 0.027211
v 0.042037 0.045000 0.028126
v 0.042507 0.046768 0.028687
v 0.043644 0.047500 0.030041
v 0.044780 0.046768 0.031396
v 0.045251 0.045000 0.031957
v 0.044780 0.043232 0.031396
v 0.043644 0.042500 0.030041
v 0.042507 0.043232 0.028687
v 0.040126 0.045000 0.030037
v 0.040687 0.046768 0.030507
v 0.042041 0.047500 0.031644
v 0.043396 0.046768 0.032780
v 0.043957 0.045000 0.033251
v 0.043396 0.043232 0.032780
v 0.042041 0.042500 0.031644
v 0.040687 0.043232 0.030507
v 0.038577 0.045000 0.032250
v 0.039211 0.046768 0.032616
v 0.040742 0.047500 0.033500
v 0.042273 0.046768 0.034384
v 0.042907 0.045000 0.034750
v 0.042273 0.043232 0.034384
v 0.040742 0.042500 0.033500
v 0.039211 0.043232 0.032616
v 0.037435 0.045000 0.034699
v 0.038123 0.046768 0.034949
v 0.039784 0.047500 0.035554
v 0.041445 0.046768 0.036158
v 0.042133 0.045000 0.036409
v 0.041445 0.043232 0.036158
v 0.039784 0.042500 0.035554
v 0.038123 0.043232 0.034949
v 0.036735 0.045000 0.037308
v 0.037457 0.046768 0.037436
v 0.039197 0.047500 0.037743
v 0.040938 0.046768 0.038050
v 0.041660 0.045000 0.038177
v 0.040938 0.043232 0.038050
v 0.039197 0.042500 0.037743
v 0.037457 0.043232 0.037436
v 0.047000 0.049000 0.040000
v 0.047000 0.053000 0.040000
v 0.049500 0.049000 0.044330
v 0.049500 0.053000 0.044330
v 0.054500 0.049000 0.044330
v 0.054500 0.053000 0.044330
v 0.057000 0.049000 0.040000
v 0.057000 0.053000 0.040000
v 0.054500 0.049000 0.035670
v 0.054500 0.053000 0.035670
v 0.049500 0.049000 0.035670
v 0.049500 0.053000 0.035670
v 0.052000 0.049000 0.040000
v 0.052000 0.053000 0.040000
v 0.046000 0.048000 0.040000
v 0.046000 0.049000 0.040000
v 0.046362 0.048000 0.042052
v 0.046362 0.049000 0.042052
v 0.047404 0.048000 0.043857
v 0.047404 0.049000 0.043857
v 0.049000 0.048000 0.045196
v 0.049000 0.049000 0.045196
v 0.050958 0.048000 0.045909
v 0.050958 0.049000 0.045909
v 0.053042 0.048000 0.045909
v 0.053042 0.049000 0.045909
v 0.055000 0.048000 0.045196
v 0.055000 0.049000 0.045196
v 0.056596 0.048000 0.043857
v 0.056596 0.049000 0.043857
v 0.057638 0.048000 0.042052
v 0.057638 0.049000 0.042052
v 0.058000 0.048000 0.040000
v 0.058000 0.049000 0.040000
v 0.057638 0.048000 0.037948
v 0.057638 0.049000 0.037948
v 0.056596 0.048000 0.036143
v 0.056596 0.049000 0.036143
v 0.055000 0.048000 0.034804
v 0.055000 0.049000 0.034804
v 0.053042 0.048000 0.034091
v 0.053042 0.049000 0.034091
v 0.050958 0.048000 0.034091
v 0.050958 0.049000 0.034091
v 0.049000 0.048000 0.034804
v 0.049000 0.049000 0.034804
v 0.047404 0.048000 0.036143
v 0.047404 0.049000 0.036143
v 0.046362 0.048000 0.037948
v 0.046362 0.049000 0.037948
v 0.052000 0.048000 0.040000
v 0.052000 0.049000 0.040000
v 0.051607 0.055552 0.039171
v 0.019607 0.058552 0.067171
v 0.018954 0.051583 0.067171
v 0.050954 0.048583 0.039171
v 0.053046 0.055417 0.040829
v 0.021046 0.058417 0.068829
v 0.020393 0.051448 0.068829
v 0.052393 0.048448 0.040829
v 0.051705 0.056598 0.039171
v 0.053144 0.056463 0.040829
v 0.050511 0.056434 0.040193
v 0.051950 0.056299 0.041852
v 0.049410 0.055744 0.041092
v 0.050849 0.055609 0.042751
v 0.048535 0.054610 0.041759
v 0.049974 0.054475 0.043418
v 0.047991 0.053169 0.042114
v 0.049429 0.053035 0.043773
v 0.047843 0.051596 0.042114
v 0.049282 0.051461 0.043773
v 0.048110 0.050080 0.041759
v 0.049549 0.049945 0.043418
v 0.048760 0.048803 0.041092
v 0.050198 0.048668 0.042751
v 0.049713 0.047920 0.040193
v 0.051152 0.047785 0.041852
v 0.050856 0.047537 0.039171
v 0.052295 0.047402 0.040829
v 0.052050 0.047701 0.038148
v 0.053489 0.047566 0.039807
v 0.053151 0.048391 0.037249
v 0.054590 0.048256 0.038908
v 0.054026 0.049525 0.036582
v 0.055465 0.049390 0.038241
v 0.054571 0.050965 0.036227
v 0.056009 0.050831 0.037886
v 0.054718 0.052539 0.036227
v 0.056157 0.052404 0.037886
v 0.054451 0.054055 0.036582
v 0.055890 0.053920 0.038241
v 0.053802 0.055332 0.037249
v 0.055240 0.055197 0.038908
v 0.052848 0.056215 0.038148
v 0.054287 0.056080 0.039807
v 0.051281 0.052067 0.039171
v 0.052719 0.051933 0.040829
v 0.019705 0.059598 0.067171
v 0.021144 0.059463 0.068829
v 0.018511 0.059434 0.068193
v 0.019950 0.059299 0.069852
v 0.017410 0.058744 0.069092
v 0.018849 0.058609 0.070751
v 0.016535 0.057610 0.069759
v 0.017974 0.057475 0.071418
v 0.015991 0.056169 0.070114
v 0.017429 0.056035 0.071773
v 0.015843 0.054596 0.070114
v 0.017282 0.054461 0.071773
v 0.016110 0.053080 0.069759
v 0.017549 0.052945 0.071418
v 0.016760 0.051803 0.069092
v 0.018198 0.051668 0.070751
v 0.017713 0.050920 0.068193
v 0.019152 0.050785 0.069852
v 0.018856 0.050537 0.067171
v 0.020295 0.050402 0.068829
v 0.020050 0.050701 0.066148
v 0.021489 0.050566 0.067807
v 0.021151 0.051391 0.065249
v 0.022590 0.051256 0.066908
v 0.022026 0.052525 0.064582
v 0.023465 0.052390 0.066241
v 0.022571 0.053965 0.064227
v 0.024009 0.053831 0.065886
v 0.022718 0.055539 0.064227
v 0.024157 0.055404 0.065886
v 0.022451 0.057055 0.064582
v 0.023890 0.056920 0.066241
v 0.021802 0.058332 0.065249
v 0.023240 0.058197 0.066908
v 0.020848 0.059215 0.066148
v 0.022287 0.059080 0.067807
v 0.019281 0.055067 0.067171
v 0.020719 0.054933 0.068829
v 0.051603 0.048873 0.039475
v 0.067603 0.051873 0.009475
v 0.066497 0.057770 0.009475
v 0.050497 0.054770 0.039475
v 0.053503 0.049230 0.040525
v 0.069503 0.052230 0.010525
v 0.068397 0.058127 0.010525
v 0.052397 0.055127 0.040525
v 0.050331 0.055655 0.039475
v 0.052232 0.056011 0.040525
v 0.049749 0.055307 0.040648
v 0.051650 0.055663 0.041697
v 0.049324 0.054538 0.041679
v 0.051225 0.054894 0.042728
v 0.049107 0.053442 0.042444
v 0.051008 0.053798 0.043493
v 0.049125 0.052150 0.042851
v 0.051025 0.052506 0.043900
v 0.049374 0.050819 0.042851
v 0.051275 0.051175 0.043900
v 0.049826 0.049608 0.042444
v 0.051726 0.049965 0.043493
v 0.050425 0.048665 0.041679
v 0.052326 0.049021 0.042728
v 0.051100 0.048103 0.040648
v 0.053000 0.048459 0.041697
v 0.051768 0.047989 0.039475
v 0.053669 0.048345 0.040525
v 0.052350 0.048337 0.038303
v 0.054251 0.048693 0.039352
v 0.052775 0.049106 0.037272
v 0.054676 0.049462 0.038321
v 0.052992 0.050202 0.036507
v 0.054893 0.050558 0.037556
v 0.052975 0.051494 0.036100
v 0.054875 0.051850 0.037149
v 0.052725 0.052825 0.036100
v 0.054626 0.053181 0.037149
v 0.052274 0.054035 0.036507
v 0.054174 0.054392 0.037556
v 0.051674 0.054979 0.037272
v 0.053575 0.055335 0.038321
v 0.051000 0.055541 0.038303
v 0.052900 0.055897 0.039352
v 0.051050 0.051822 0.039475
v 0.052950 0.052178 0.040525
v 0.066331 0.058655 0.009475
v 0.068232 0.059011 0.010525
v 0.065749 0.058307 0.010648
v 0.067650 0.058663 0.011697
v 0.065324 0.057538 0.011679
v 0.067225 0.057894 0.012728
v 0.065107 0.056442 0.012444
v 0.067008 0.056798 0.013493
v 0.065125 0.055150 0.012851
v 0.067025 0.055506 0.013900
v 0.065374 0.053819 0.012851
v 0.067275 0.054175 0.013900
v 0.065826 0.052608 0.012444
v 0.067726 0.052965 0.013493
v 0.066425 0.051665 0.011679
v 0.068326 0.052021 0.012728
v 0.067100 0.051103 0.010648
v 0.069000 0.051459 0.011697
v 0.067768 0.050989 0.009475
v 0.069669 0.051345 0.010525
v 0.068350 0.051337 0.008303
v 0.070251 0.051693 0.009352
v 0.068775 0.052106 0.007272
v 0.070676 0.052462 0.008321
v 0.068992 0.053202 0.006507
v 0.070893 0.053558 0.007556
v 0.068975 0.054494 0.006100
v 0.070875 0.054850 0.007149
v 0.068725 0.055825 0.006100
v 0.070626 0.056181 0.007149
v 0.068274 0.057035 0.006507
v 0.070174 0.057392 0.007556
v 0.067674 0.057979 0.007272
v 0.069575 0.058335 0.008321
v 0.067000 0.058541 0.008303
v 0.068900 0.058897 0.009352
v 0.067050 0.054822 0.009475
v 0.068950 0.055178 0.010525
v 0.020000 0.053300 0.068000
v 0.005000 0.053300 0.087000
v 0.020667 0.053528 0.068527
v 0.005667 0.053528 0.087527
v 0.021156 0.054150 0.068912
v 0.006156 0.054150 0.087912
v 0.021334 0.055000 0.069053
v 0.006334 0.055000 0.088053
v 0.021156 0.055850 0.068912
v 0.006156 0.055850 0.087912
v 0.020667 0.056472 0.068527
v 0.005667 0.056472 0.087527
v 0.020000 0.056700 0.068000
v 0.005000 0.056700 0.087000
v 0.019333 0.056472 0.067473
v 0.004333 0.056472 0.086473
v 0.018844 0.055850 0.067088
v 0.003844 0.055850 0.086088
v 0.018666 0.055000 0.066947
v 0.003666 0.055000 0.085947
v 0.018844 0.054150 0.067088
v 0.003844 0.054150 0.086088
v 0.019333 0.053528 0.067473
v 0.004333 0.053528 0.086473
v 0.020000 0.055000 0.068000
v 0.005000 0.055000 0.087000
v 0.037281 0.057221 0.011034
v 0.036906 0.057295 0.010115
v 0.036000 0.057197 0.009715
v 0.035094 0.056983 0.010067
v 0.034719 0.056779 0.010966
v 0.035094 0.056705 0.011885
v 0.036000 0.056803 0.012285
v 0.036906 0.057017 0.011933
v 0.036860 0.059497 0.011315
v 0.036454 0.059498 0.010406
v 0.035571 0.059237 0.010030
v 0.034727 0.058869 0.010406
v 0.034417 0.058607 0.011315
v 0.034822 0.058607 0.012223
v 0.035706 0.058867 0.012600
v 0.036550 0.059236 0.012223
v 0.035592 0.061692 0.011630
v 0.035211 0.061554 0.010721
v 0.034470 0.061008 0.010345
v 0.033802 0.060373 0.010721
v 0.033600 0.060021 0.011630
v 0.033982 0.060159 0.012538
v 0.034723 0.060706 0.012915
v 0.035390 0.061341 0.012538
v 0.033650 0.063322 0.011944
v 0.033339 0.063062 0.011036
v 0.032829 0.062295 0.010659
v 0.032420 0.061470 0.011036
v 0.032350 0.061070 0.011944
v 0.032661 0.061330 0.012853
v 0.033171 0.062098 0.013229
v 0.033580 0.062923 0.012853
v 0.031268 0.064189 0.012259
v 0.031064 0.063838 0.011351
v 0.030848 0.062943 0.010974
v 0.030745 0.062028 0.011351
v 0.030816 0.061629 0.012259
v 0.031020 0.061979 0.013168
v 0.031236 0.062875 0.013544
v 0.031339 0.063790 0.013168
v 0.028732 0.064189 0.012574
v 0.028661 0.063790 0.011665
v 0.028764 0.062875 0.011289
v 0.028980 0.061979 0.011665
v 0.029184 0.061629 0.012574
v 0.029255 0.062028 0.013483
v 0.029152 0.062943 0.013859
v 0.028936 0.063838 0.013483
v 0.026350 0.063322 0.012889
v 0.026420 0.062923 0.011980
v 0.026829 0.062098 0.011604
v 0.027339 0.061330 0.011980
v 0.027650 0.061070 0.012889
v 0.027580 0.061470 0.013797
v 0.027171 0.062295 0.014174
v 0.026661 0.063062 0.013797
v 0.024408 0.061692 0.013204
v 0.024610 0.061341 0.012295
v 0.025277 0.060706 0.011919
v 0.026018 0.060159 0.012295
v 0.026400 0.060021 0.013204
v 0.026198 0.060373 0.014112
v 0.025530 0.061008 0.014489
v 0.024789 0.061554 0.014112
v 0.023140 0.059497 0.013519
v 0.023450 0.059236 0.012610
v 0.024294 0.058867 0.012234
v 0.025178 0.058607 0.012610
v 0.025583 0.058607 0.013519
v 0.025273 0.058869 0.014427
v 0.024429 0.059237 0.014803
v 0.023546 0.059498 0.014427
v 0.022700 0.057000 0.013833
v 0.023081 0.056861 0.012925
v 0.024000 0.056803 0.012548
v 0.024919 0.056861 0.012925
v 0.025300 0.057000 0.013833
v 0.024919 0.057139 0.014742
v 0.024000 0.057197 0.015118
v 0.023081 0.057139 0.014742
v 0.023140 0.054503 0.014148
v 0.023546 0.054502 0.013240
v 0.024429 0.054763 0.012863
v 0.025273 0.055131 0.013240
v 0.025583 0.055393 0.014148
v 0.025178 0.055393 0.015057
v 0.024294 0.055133 0.015433
v 0.023450 0.054764 0.015057
v 0.024408 0.052308 0.014463
v 0.024789 0.052446 0.013554
v 0.025530 0.052992 0.013178
v 0.026198 0.053627 0.013554
v 0.026400 0.053979 0.014463
v 0.026018 0.053841 0.015372
v 0.025277 0.053294 0.015748
v 0.024610 0.052659 0.015372
v 0.026350 0.050678 0.014778
v 0.026661 0.050938 0.013869
v 0.027171 0.051705 0.013493
v 0.027580 0.052530 0.013869
v 0.027650 0.052930 0.014778
v 0.027339 0.052670 0.015686
v 0.026829 0.051902 0.016063
v 0.026420 0.051077 0.015686
v 0.028732 0.049811 0.015093
v 0.028936 0.050162 0.014184
v 0.029152 0.051057 0.013808
v 0.029255 0.051972 0.014184
v 0.029184 0.052371 0.015093
v 0.028980 0.052021 0.016001
v 0.028764 0.051125 0.016378
v 0.028661 0.050210 0.016001
v 0.031268 0.049811 0.015407
v 0.031339 0.050210 0.014499
v 0.031236 0.051125 0.014122
v 0.031020 0.052021 0.014499
v 0.030816 0.052371 0.015407
v 0.030745 0.051972 0.016316
v 0.030848 0.051057 0.016692
v 0.031064 0.050162 0.016316
v 0.033650 0.050678 0.015722
v 0.033580 0.051077 0.014814
v 0.033171 0.051902 0.014437
v 0.032661 0.052670 0.014814
v 0.032350 0.052930 0.015722
v 0.032420 0.052530 0.016631
v 0.032829 0.051705 0.017007
v 0.033339 0.050938 0.016631
v 0.035592 0.052308 0.016037
v 0.035390 0.052659 0.015128
v 0.034723 0.053294 0.014752
v 0.033982 0.053841 0.015128
v 0.033600 0.053979 0.016037
v 0.033802 0.053627 0.016946
v 0.034470 0.052992 0.017322
v 0.035211 0.052446 0.016946
v 0.036860 0.054503 0.016352
v 0.036550 0.054764 0.015443
v 0.035706 0.055133 0.015067
v 0.034822 0.055393 0.015443
v 0.034417 0.055393 0.016352
v 0.034727 0.055131 0.017260
v 0.035571 0.054763 0.017637
v 0.036454 0.054502 0.017260
v 0.037300 0.057000 0.016667
v 0.036919 0.057139 0.015758
v 0.036000 0.057197 0.015382
v 0.035081 0.057139 0.015758
v 0.034700 0.057000 0.016667
v 0.035081 0.056861 0.017575
v 0.036000 0.056803 0.017952
v 0.036919 0.056861 0.017575
v 0.036860 0.059497 0.016981
v 0.036454 0.059498 0.016073
v 0.035571 0.059237 0.015697
v 0.034727 0.058869 0.016073
v 0.034417 0.058607 0.016981
v 0.034822 0.058607 0.017890
v 0.035706 0.058867 0.018266
v 0.036550 0.059236 0.017890
v 0.035592 0.061692 0.017296
v 0.035211 0.061554 0.016388
v 0.034470 0.061008 0.016011
v 0.033802 0.060373 0.016388
v 0.033600 0.060021 0.017296
v 0.033982 0.060159 0.018205
v 0.034723 0.060706 0.018581
v 0.035390 0.061341 0.018205
v 0.033650 0.063322 0.017611
v 0.033339 0.063062 0.016703
v 0.032829 0.062295 0.016326
v 0.032420 0.061470 0.016703
v 0.032350 0.061070 0.017611
v 0.032661 0.061330 0.018520
v 0.033171 0.062098 0.018896
v 0.033580 0.062923 0.018520
v 0.031268 0.064189 0.017926
v 0.031064 0.063838 0.017017
v 0.030848 0.062943 0.016641
v 0.030745 0.062028 0.017017
v 0.030816 0.061629 0.017926
v 0.031020 0.061979 0.018835
v 0.031236 0.062875 0.019211
v 0.031339 0.063790 0.018835
v 0.028732 0.064189 0.018241
v 0.028661 0.063790 0.017332
v 0.028764 0.062875 0.016956
v 0.028980 0.061979 0.017332
v 0.029184 0.061629 0.018241
v 0.029255 0.062028 0.019149
v 0.029152 0.062943 0.019526
v 0.028936 0.063838 0.019149
v 0.026350 0.063322 0.018556
v 0.026420 0.062923 0.017647
v 0.026829 0.062098 0.017271
v 0.027339 0.061330 0.017647
v 0.027650 0.061070 0.018556
v 0.027580 0.061470 0.019464
v 0.027171 0.062295 0.019841
v 0.026661 0.063062 0.019464
v 0.024408 0.061692 0.018870
v 0.024610 0.061341 0.017962
v 0.025277 0.060706 0.017585
v 0.026018 0.060159 0.017962
v 0.026400 0.060021 0.018870
v 0.026198 0.060373 0.019779
v 0.025530 0.061008 0.020155
v 0.024789 0.061554 0.019779
v 0.023140 0.059497 0.019185
v 0.023450 0.059236 0.018277
v 0.024294 0.058867 0.017900
v 0.025178 0.058607 0.018277
v 0.025583 0.058607 0.019185
v 0.025273 0.058869 0.020094
v 0.024429 0.059237 0.020470
v 0.023546 0.059498 0.020094
v 0.022700 0.057000 0.019500
v 0.023081 0.056861 0.018591
v 0.024000 0.056803 0.018215
v 0.024919 0.056861 0.018591
v 0.025300 0.057000 0.019500
v 0.024919 0.057139 0.020409
v 0.024000 0.057197 0.020785
v 0.023081 0.057139 0.020409
v 0.023140 0.054503 0.019815
v 0.023546 0.054502 0.018906
v 0.024429 0.054763 0.018530
v 0.025273 0.055131 0.018906
v 0.025583 0.055393 0.019815
v 0.025178 0.055393 0.020723
v 0.024294 0.055133 0.021100
v 0.023450 0.054764 0.020723
v 0.024408 0.052308 0.020130
v 0.024789 0.052446 0.019221
v 0.025530 0.052992 0.018845
v 0.026198 0.053627 0.019221
v 0.026400 0.053979 0.020130
v 0.026018 0.053841 0.021038
v 0.025277 0.053294 0.021415
v 0.024610 0.052659 0.021038
v 0.026350 0.050678 0.020444
v 0.026661 0.050938 0.019536
v 0.027171 0.051705 0.019159
v 0.027580 0.052530 0.019536
v 0.027650 0.052930 0.020444
v 0.027339 0.052670 0.021353
v 0.026829 0.051902 0.021729
v 0.026420 0.051077 0.021353
v 0.028732 0.049811 0.020759
v 0.028936 0.050162 0.019851
v 0.029152 0.051057 0.019474
v 0.029255 0.051972 0.019851
v 0.029184 0.052371 0.020759
v 0.028980 0.052021 0.021668
v 0.028764 0.051125 0.022044
v 0.028661 0.050210 0.021668
v 0.031268 0.049811 0.021074
v 0.031339 0.050210 0.020165
v 0.031236 0.051125 0.019789
v 0.031020 0.052021 0.020165
v 0.030816 0.052371 0.021074
v 0.030745 0.051972 0.021983
v 0.030848 0.051057 0.022359
v 0.031064 0.050162 0.021983
v 0.033650 0.050678 0.021389
v 0.033580 0.051077 0.020480
v 0.033171 0.051902 0.020104
v 0.032661 0.052670 0.020480
v 0.032350 0.052930 0.021389
v 0.032420 0.052530 0.022297
v 0.032829 0.051705 0.022674
v 0.033339 0.050938 0.022297
v 0.035592 0.052308 0.021704
v 0.035390 0.052659 0.020795
v 0.034723 0.053294 0.020419
v 0.033982 0.053841 0.020795
v 0.033600 0.053979 0.021704
v 0.033802 0.053627 0.022612
v 0.034470 0.052992 0.022989
v 0.035211 0.052446 0.022612
v 0.036860 0.054503 0.022019
v 0.036550 0.054764 0.021110
v 0.035706 0.055133 0.020734
v 0.034822 0.055393 0.021110
v 0.034417 0.055393 0.022019
v 0.034727 0.055131 0.022927
v 0.035571 0.054763 0.023303
v 0.036454 0.054502 0.022927
v 0.037300 0.057000 0.022333
v 0.036919 0.057139 0.021425
v 0.036000 0.057197 0.021048
v 0.035081 0.057139 0.021425
v 0.034700 0.057000 0.022333
v 0.035081 0.056861 0.023242
v 0.036000 0.056803 0.023618
v 0.036919 0.056861 0.023242
v 0.036860 0.059497 0.022648
v 0.036454 0.059498 0.021740
v 0.035571 0.059237 0.021363
v 0.034727 0.058869 0.021740
v 0.034417 0.058607 0.022648
v 0.034822 0.058607 0.023557
v 0.035706 0.058867 0.023933
v 0.036550 0.059236 0.023557
v 0.035592 0.061692 0.022963
v 0.035211 0.061554 0.022054
v 0.034470 0.061008 0.021678
v 0.033802 0.060373 0.022054
v 0.033600 0.060021 0.022963
v 0.033982 0.060159 0.023872
v 0.034723 0.060706 0.024248
v 0.035390 0.061341 0.023872
v 0.033650 0.063322 0.023278
v 0.033339 0.063062 0.022369
v 0.032829 0.062295 0.021993
v 0.032420 0.061470 0.022369
v 0.032350 0.061070 0.023278
v 0.032661 0.061330 0.024186
v 0.033171 0.062098 0.024563
v 0.033580 0.062923 0.024186
v 0.031268 0.064189 0.023593
v 0.031064 0.063838 0.022684
v 0.030848 0.062943 0.022308
v 0.030745 0.062028 0.022684
v 0.030816 0.061629 0.023593
v 0.031020 0.061979 0.024501
v 0.031236 0.062875 0.024878
v 0.031339 0.063790 0.024501
v 0.028732 0.064189 0.023907
v 0.028661 0.063790 0.022999
v 0.028764 0.062875 0.022622
v 0.028980 0.061979 0.022999
v 0.029184 0.061629 0.023907
v 0.029255 0.062028 0.024816
v 0.029152 0.062943 0.025192
v 0.028936 0.063838 0.024816
v 0.026350 0.063322 0.024222
v 0.026420 0.062923 0.023314
v 0.026829 0.062098 0.022937
v 0.027339 0.061330 0.023314
v 0.027650 0.061070 0.024222
v 0.027580 0.061470 0.025131
v 0.027171 0.062295 0.025507
v 0.026661 0.063062 0.025131
v 0.024408 0.061692 0.024537
v 0.024610 0.061341 0.023628
v 0.025277 0.060706 0.023252
v 0.026018 0.060159 0.023628
v 0.026400 0.060021 0.024537
v 0.026198 0.060373 0.025446
v 0.025530 0.061008 0.025822
v 0.024789 0.061554 0.025446
v 0.023140 0.059497 0.024852
v 0.023450 0.059236 0.023943
v 0.024294 0.058867 0.023567
v 0.025178 0.058607 0.023943
v 0.025583 0.058607 0.024852
v 0.025273 0.058869 0.025760
v 0.024429 0.059237 0.026137
v 0.023546 0.059498 0.025760
v 0.022700 0.057000 0.025167
v 0.023081 0.056861 0.024258
v 0.024000 0.056803 0.023882
v 0.024919 0.056861 0.024258
v 0.025300 0.057000 0.025167
v 0.024919 0.057139 0.026075
v 0.024000 0.057197 0.026452
v 0.023081 0.057139 0.026075
v 0.023140 0.054503 0.025481
v 0.023546 0.054502 0.024573
v 0.024429 0.054763 0.024197
v 0.025273 0.055131 0.024573
v 0.025583 0.055393 0.025481
v 0.025178 0.055393 0.026390
v 0.024294 0.055133 0.026766
v 0.023450 0.054764 0.026390
v 0.024408 0.052308 0.025796
v 0.024789 0.052446 0.024888
v 0.025530 0.052992 0.024511
v 0.026198 0.053627 0.024888
v 0.026400 0.053979 0.025796
v 0.026018 0.053841 0.026705
v 0.025277 0.053294 0.027081
v 0.024610 0.052659 0.026705
v 0.026350 0.050678 0.026111
v 0.026661 0.050938 0.025203
v 0.027171 0.051705 0.024826
v 0.027580 0.052530 0.025203
v 0.027650 0.052930 0.026111
v 0.027339 0.052670 0.027020
v 0.026829 0.051902 0.027396
v 0.026420 0.051077 0.027020
v 0.028732 0.049811 0.026426
v 0.028936 0.050162 0.025517
v 0.029152 0.051057 0.025141
v 0.029255 0.051972 0.025517
v 0.029184 0.052371 0.026426
v 0.028980 0.052021 0.027335
v 0.028764 0.051125 0.027711
v 0.028661 0.050210 0.027335
v 0.031268 0.049811 0.026741
v 0.031339 0.050210 0.025832
v 0.031236 0.051125 0.025456
v 0.031020 0.052021 0.025832
v 0.030816 0.052371 0.026741
v 0.030745 0.051972 0.027649
v 0.030848 0.051057 0.028026
v 0.031064 0.050162 0.027649
v 0.033650 0.050678 0.027056
v 0.033580 0.051077 0.026147
v 0.033171 0.051902 0.025771
v 0.032661 0.052670 0.026147
v 0.032350 0.052930 0.027056
v 0.032420 0.052530 0.027964
v 0.032829 0.051705 0.028341
v 0.033339 0.050938 0.027964
v 0.035592 0.052308 0.027370
v 0.035390 0.052659 0.026462
v 0.034723 0.053294 0.026085
v 0.033982 0.053841 0.026462
v 0.033600 0.053979 0.027370
v 0.033802 0.053627 0.028279
v 0.034470 0.052992 0.028655
v 0.035211 0.052446 0.028279
v 0.036860 0.054503 0.027685
v 0.036550 0.054764 0.026777
v 0.035706 0.055133 0.026400
v 0.034822 0.055393 0.026777
v 0.034417 0.055393 0.027685
v 0.034727 0.055131 0.028594
v 0.035571 0.054763 0.028970
v 0.036454 0.054502 0.028594
v 0.037300 0.057000 0.028000
v 0.036919 0.057139 0.027091
v 0.036000 0.057197 0.026715
v 0.035081 0.057139 0.027091
v 0.034700 0.057000 0.028000
v 0.035081 0.056861 0.028909
v 0.036000 0.056803 0.029285
v 0.036919 0.056861 0.028909
v 0.036860 0.059497 0.028315
v 0.036454 0.059498 0.027406
v 0.035571 0.059237 0.027030
v 0.034727 0.058869 0.027406
v 0.034417 0.058607 0.028315
v 0.034822 0.058607 0.029223
v 0.035706 0.058867 0.029600
v 0.036550 0.059236 0.029223
v 0.035592 0.061692 0.028630
v 0.035211 0.061554 0.027721
v 0.034470 0.061008 0.027345
v 0.033802 0.060373 0.027721
v 0.033600 0.060021 0.028630
v 0.033982 0.060159 0.029538
v 0.034723 0.060706 0.029915
v 0.035390 0.061341 0.029538
v 0.033650 0.063322 0.028944
v 0.033339 0.063062 0.028036
v 0.032829 0.062295 0.027659
v 0.032420 0.061470 0.028036
v 0.032350 0.061070 0.028944
v 0.032661 0.061330 0.029853
v 0.033171 0.062098 0.030229
v 0.033580 0.062923 0.029853
v 0.031268 0.064189 0.029259
v 0.031064 0.063838 0.028351
v 0.030848 0.062943 0.027974
v 0.030745 0.062028 0.028351
v 0.030816 0.061629 0.029259
v 0.031020 0.061979 0.030168
v 0.031236 0.062875 0.030544
v 0.031339 0.063790 0.030168
v 0.028732 0.064189 0.029574
v 0.028661 0.063790 0.028665
v 0.028764 0.062875 0.028289
v 0.028980 0.061979 0.028665
v 0.029184 0.061629 0.029574
v 0.029255 0.062028 0.030483
v 0.029152 0.062943 0.030859
v 0.028936 0.063838 0.030483
v 0.026350 0.063322 0.029889
v 0.026420 0.062923 0.028980
v 0.026829 0.062098 0.028604
v 0.027339 0.061330 0.028980
v 0.027650 0.061070 0.029889
v 0.027580 0.061470 0.030797
v 0.027171 0.062295 0.031174
v 0.026661 0.063062 0.030797
v 0.024408 0.061692 0.030204
v 0.024610 0.061341 0.029295
v 0.025277 0.060706 0.028919
v 0.026018 0.060159 0.029295
v 0.026400 0.060021 0.030204
v 0.026198 0.060373 0.031112
v 0.025530 0.061008 0.031489
v 0.024789 0.061554 0.031112
v 0.023140 0.059497 0.030519
v 0.023450 0.059236 0.029610
v 0.024294 0.058867 0.029234
v 0.025178 0.058607 0.029610
v 0.025583 0.058607 0.030519
v 0.025273 0.058869 0.031427
v 0.024429 0.059237 0.031803
v 0.023546 0.059498 0.031427
v 0.022700 0.057000 0.030833
v 0.023081 0.056861 0.029925
v 0.024000 0.056803 0.029548
v 0.024919 0.056861 0.029925
v 0.025300 0.057000 0.030833
v 0.024919 0.057139 0.031742
v 0.024000 0.057197 0.032118
v 0.023081 0.057139 0.031742
v 0.023140 0.054503 0.031148
v 0.023546 0.054502 0.030240
v 0.024429 0.054763 0.029863
v 0.025273 0.055131 0.030240
v 0.025583 0.055393 0.031148
v 0.025178 0.055393 0.032057
v 0.024294 0.055133 0.032433
v 0.023450 0.054764 0.032057
v 0.024408 0.052308 0.031463
v 0.024789 0.052446 0.030554
v 0.025530 0.052992 0.030178
v 0.026198 0.053627 0.030554
v 0.026400 0.053979 0.031463
v 0.026018 0.053841 0.032372
v 0.025277 0.053294 0.032748
v 0.024610 0.052659 0.032372
v 0.026350 0.050678 0.031778
v 0.026661 0.050938 0.030869
v 0.027171 0.051705 0.030493
v 0.027580 0.052530 0.030869
v 0.027650 0.052930 0.031778
v 0.027339 0.052670 0.032686
v 0.026829 0.051902 0.033063
v 0.026420 0.051077 0.032686
v 0.028732 0.049811 0.032093
v 0.028936 0.050162 0.031184
v 0.029152 0.051057 0.030808
v 0.029255 0.051972 0.031184
v 0.029184 0.052371 0.032093
v 0.028980 0.052021 0.033001
v 0.028764 0.051125 0.033378
v 0.028661 0.050210 0.033001
v 0.031268 0.049811 0.032407
v 0.031339 0.050210 0.031499
v 0.031236 0.051125 0.031122
v 0.031020 0.052021 0.031499
v 0.030816 0.052371 0.032407
v 0.030745 0.051972 0.033316
v 0.030848 0.051057 0.033692
v 0.031064 0.050162 0.033316
v 0.033650 0.050678 0.032722
v 0.033580 0.051077 0.031814
v 0.033171 0.051902 0.031437
v 0.032661 0.052670 0.031814
v 0.032350 0.052930 0.032722
v 0.032420 0.052530 0.033631
v 0.032829 0.051705 0.034007
v 0.033339 0.050938 0.033631
v 0.035592 0.052308 0.033037
v 0.035390 0.052659 0.032128
v 0.034723 0.053294 0.031752
v 0.033982 0.053841 0.032128
v 0.033600 0.053979 0.033037
v 0.033802 0.053627 0.033946
v 0.034470 0.052992 0.034322
v 0.035211 0.052446 0.033946
v 0.036860 0.054503 0.033352
v 0.036550 0.054764 0.032443
v 0.035706 0.055133 0.032067
v 0.034822 0.055393 0.032443
v 0.034417 0.055393 0.033352
v 0.034727 0.055131 0.034260
v 0.035571 0.054763 0.034637
v 0.036454 0.054502 0.034260
v 0.037300 0.057000 0.033667
v 0.036919 0.057139 0.032758
v 0.036000 0.057197 0.032382
v 0.035081 0.057139 0.032758
v 0.034700 0.057000 0.033667
v 0.035081 0.056861 0.034575
v 0.036000 0.056803 0.034952
v 0.036919 0.056861 0.034575
v 0.036860 0.059497 0.033981
v 0.036454 0.059498 0.033073
v 0.035571 0.059237 0.032697
v 0.034727 0.058869 0.033073
v 0.034417 0.058607 0.033981
v 0.034822 0.058607 0.034890
v 0.035706 0.058867 0.035266
v 0.036550 0.059236 0.034890
v 0.035592 0.061692 0.034296
v 0.035211 0.061554 0.033388
v 0.034470 0.061008 0.033011
v 0.033802 0.060373 0.033388
v 0.033600 0.060021 0.034296
v 0.033982 0.060159 0.035205
v 0.034723 0.060706 0.035581
v 0.035390 0.061341 0.035205
v 0.033650 0.063322 0.034611
v 0.033339 0.063062 0.033703
v 0.032829 0.062295 0.033326
v 0.032420 0.061470 0.033703
v 0.032350 0.061070 0.034611
v 0.032661 0.061330 0.035520
v 0.033171 0.062098 0.035896
v 0.033580 0.062923 0.035520
v 0.031268 0.064189 0.034926
v 0.031064 0.063838 0.034017
v 0.030848 0.062943 0.033641
v 0.030745 0.062028 0.034017
v 0.030816 0.061629 0.034926
v 0.031020 0.061979 0.035835
v 0.031236 0.062875 0.036211
v 0.031339 0.063790 0.035835
v 0.028732 0.064189 0.035241
v 0.028661 0.063790 0.034332
v 0.028764 0.062875 0.033956
v 0.028980 0.061979 0.034332
v 0.029184 0.061629 0.035241
v 0.029255 0.062028 0.036149
v 0.029152 0.062943 0.036526
v 0.028936 0.063838 0.036149
v 0.026350 0.063322 0.035556
v 0.026420 0.062923 0.034647
v 0.026829 0.062098 0.034271
v 0.027339 0.061330 0.034647
v 0.027650 0.061070 0.035556
v 0.027580 0.061470 0.036464
v 0.027171 0.062295 0.036841
v 0.026661 0.063062 0.036464
v 0.024408 0.061692 0.035870
v 0.024610 0.061341 0.034962
v 0.025277 0.060706 0.034585
v 0.026018 0.060159 0.034962
v 0.026400 0.060021 0.035870
v 0.026198 0.060373 0.036779
v 0.025530 0.061008 0.037155
v 0.024789 0.061554 0.036779
v 0.023140 0.059497 0.036185
v 0.023450 0.059236 0.035277
v 0.024294 0.058867 0.034900
v 0.025178 0.058607 0.035277
v 0.025583 0.058607 0.036185
v 0.025273 0.058869 0.037094
v 0.024429 0.059237 0.037470
v 0.023546 0.059498 0.037094
v 0.022700 0.057000 0.036500
v 0.023081 0.056861 0.035591
v 0.024000 0.056803 0.035215
v 0.024919 0.056861 0.035591
v 0.025300 0.057000 0.036500
v 0.024919 0.057139 0.037409
v 0.024000 0.057197 0.037785
v 0.023081 0.057139 0.037409
v 0.023140 0.054503 0.036815
v 0.023546 0.054502 0.035906
v 0.024429 0.054763 0.035530
v 0.025273 0.055131 0.035906
v 0.025583 0.055393 0.036815
v 0.025178 0.055393 0.037723
v 0.024294 0.055133 0.038100
v 0.023450 0.054764 0.037723
v 0.024408 0.052308 0.037130
v 0.024789 0.052446 0.036221
v 0.025530 0.052992 0.035845
v 0.026198 0.053627 0.036221
v 0.026400 0.053979 0.037130
v 0.026018 0.053841 0.038038
v 0.025277 0.053294 0.038415
v 0.024610 0.052659 0.038038
v 0.026350 0.050678 0.037444
v 0.026661 0.050938 0.036536
v 0.027171 0.051705 0.036159
v 0.027580 0.052530 0.036536
v 0.027650 0.052930 0.037444
v 0.027339 0.052670 0.038353
v 0.026829 0.051902 0.038729
v 0.026420 0.051077 0.038353
v 0.028732 0.049811 0.037759
v 0.028936 0.050162 0.036851
v 0.029152 0.051057 0.036474
v 0.029255 0.051972 0.036851
v 0.029184 0.052371 0.037759
v 0.028980 0.052021 0.038668
v 0.028764 0.051125 0.039044
v 0.028661 0.050210 0.038668
v 0.031268 0.049811 0.038074
v 0.031339 0.050210 0.037165
v 0.031236 0.051125 0.036789
v 0.031020 0.052021 0.037165
v 0.030816 0.052371 0.038074
v 0.030745 0.051972 0.038983
v 0.030848 0.051057 0.039359
v 0.031064 0.050162 0.038983
v 0.033650 0.050678 0.038389
v 0.033580 0.051077 0.037480
v 0.033171 0.051902 0.037104
v 0.032661 0.052670 0.037480
v 0.032350 0.052930 0.038389
v 0.032420 0.052530 0.039297
v 0.032829 0.051705 0.039674
v 0.033339 0.050938 0.039297
v 0.035592 0.052308 0.038704
v 0.035390 0.052659 0.037795
v 0.034723 0.053294 0.037419
v 0.033982 0.053841 0.037795
v 0.033600 0.053979 0.038704
v 0.033802 0.053627 0.039612
v 0.034470 0.052992 0.039989
v 0.035211 0.052446 0.039612
v 0.036860 0.054503 0.039019
v 0.036550 0.054764 0.038110
v 0.035706 0.055133 0.037734
v 0.034822 0.055393 0.038110
v 0.034417 0.055393 0.039019
v 0.034727 0.055131 0.039927
v 0.035571 0.054763 0.040303
v 0.036454 0.054502 0.039927
v 0.037300 0.057000 0.039333
v 0.036919 0.057139 0.038425
v 0.036000 0.057197 0.038048
v 0.035081 0.057139 0.038425
v 0.034700 0.057000 0.039333
v 0.035081 0.056861 0.040242
v 0.036000 0.056803 0.040618
v 0.036919 0.056861 0.040242
v 0.036860 0.059497 0.039648
v 0.036454 0.059498 0.038740
v 0.035571 0.059237 0.038363
v 0.034727 0.058869 0.038740
v 0.034417 0.058607 0.039648
v 0.034822 0.058607 0.040557
v 0.035706 0.058867 0.040933
v 0.036550 0.059236 0.040557
v 0.035592 0.061692 0.039963
v 0.035211 0.061554 0.039054
v 0.034470 0.061008 0.038678
v 0.033802 0.060373 0.039054
v 0.033600 0.060021 0.039963
v 0.033982 0.060159 0.040872
v 0.034723 0.060706 0.041248
v 0.035390 0.061341 0.040872
v 0.033650 0.063322 0.040278
v 0.033339 0.063062 0.039369
v 0.032829 0.062295 0.038993
v 0.032420 0.061470 0.039369
v 0.032350 0.061070 0.040278
v 0.032661 0.061330 0.041186
v 0.033171 0.062098 0.041563
v 0.033580 0.062923 0.041186
v 0.031268 0.064189 0.040593
v 0.031064 0.063838 0.039684
v 0.030848 0.062943 0.039308
v 0.030745 0.062028 0.039684
v 0.030816 0.061629 0.040593
v 0.031020 0.061979 0.041501
v 0.031236 0.062875 0.041878
v 0.031339 0.063790 0.041501
v 0.028732 0.064189 0.040907
v 0.028661 0.063790 0.039999
v 0.028764 0.062875 0.039622
v 0.028980 0.061979 0.039999
v 0.029184 0.061629 0.040907
v 0.029255 0.062028 0.041816
v 0.029152 0.062943 0.042192
v 0.028936 0.063838 0.041816
v 0.026350 0.063322 0.041222
v 0.026420 0.062923 0.040314
v 0.026829 0.062098 0.039937
v 0.027339 0.061330 0.040314
v 0.027650 0.061070 0.041222
v 0.027580 0.061470 0.042131
v 0.027171 0.062295 0.042507
v 0.026661 0.063062 0.042131
v 0.024408 0.061692 0.041537
v 0.024610 0.061341 0.040628
v 0.025277 0.060706 0.040252
v 0.026018 0.060159 0.040628
v 0.026400 0.060021 0.041537
v 0.026198 0.060373 0.042446
v 0.025530 0.061008 0.042822
v 0.024789 0.061554 0.042446
v 0.023140 0.059497 0.041852
v 0.023450 0.059236 0.040943
v 0.024294 0.058867 0.040567
v 0.025178 0.058607 0.040943
v 0.025583 0.058607 0.041852
v 0.025273 0.058869 0.042760
v 0.024429 0.059237 0.043137
v 0.023546 0.059498 0.042760
v 0.022700 0.057000 0.042167
v 0.023081 0.056861 0.041258
v 0.024000 0.056803 0.040882
v 0.024919 0.056861 0.041258
v 0.025300 0.057000 0.042167
v 0.024919 0.057139 0.043075
v 0.024000 0.057197 0.043452
v 0.023081 0.057139 0.043075
v 0.023140 0.054503 0.042481
v 0.023546 0.054502 0.041573
v 0.024429 0.054763 0.041197
v 0.025273 0.055131 0.041573
v 0.025583 0.055393 0.042481
v 0.025178 0.055393 0.043390
v 0.024294 0.055133 0.043766
v 0.023450 0.054764 0.043390
v 0.024408 0.052308 0.042796
v 0.024789 0.052446 0.041888
v 0.025530 0.052992 0.041511
v 0.026198 0.053627 0.041888
v 0.026400 0.053979 0.042796
v 0.026018 0.053841 0.043705
v 0.025277 0.053294 0.044081
v 0.024610 0.052659 0.043705
v 0.026350 0.050678 0.043111
v 0.026661 0.050938 0.042203
v 0.027171 0.051705 0.041826
v 0.027580 0.052530 0.042203
v 0.027650 0.052930 0.043111
v 0.027339 0.052670 0.044020
v 0.026829 0.051902 0.044396
v 0.026420 0.051077 0.044020
v 0.028732 0.049811 0.043426
v 0.028936 0.050162 0.042517
v 0.029152 0.051057 0.042141
v 0.029255 0.051972 0.042517
v 0.029184 0.052371 0.043426
v 0.028980 0.052021 0.044335
v 0.028764 0.051125 0.044711
v 0.028661 0.050210 0.044335
v 0.031268 0.049811 0.043741
v 0.031339 0.050210 0.042832
v 0.031236 0.051125 0.042456
v 0.031020 0.052021 0.042832
v 0.030816 0.052371 0.043741
v 0.030745 0.051972 0.044649
v 0.030848 0.051057 0.045026
v 0.031064 0.050162 0.044649
v 0.033650 0.050678 0.044056
v 0.033580 0.051077 0.043147
v 0.033171 0.051902 0.042771
v 0.032661 0.052670 0.043147
v 0.032350 0.052930 0.044056
v 0.032420 0.052530 0.044964
v 0.032829 0.051705 0.045341
v 0.033339 0.050938 0.044964
v 0.035592 0.052308 0.044370
v 0.035390 0.052659 0.043462
v 0.034723 0.053294 0.043085
v 0.033982 0.053841 0.043462
v 0.033600 0.053979 0.044370
v 0.033802 0.053627 0.045279
v 0.034470 0.052992 0.045655
v 0.035211 0.052446 0.045279
v 0.036860 0.054503 0.044685
v 0.036550 0.054764 0.043777
v 0.035706 0.055133 0.043400
v 0.034822 0.055393 0.043777
v 0.034417 0.055393 0.044685
v 0.034727 0.055131 0.045594
v 0.035571 0.054763 0.045970
v 0.036454 0.054502 0.045594
v 0.037281 0.056779 0.044966
v 0.036906 0.056983 0.044067
v 0.036000 0.057197 0.043715
v 0.035094 0.057295 0.044115
v 0.034719 0.057221 0.045034
v 0.035094 0.057017 0.045933
v 0.036000 0.056803 0.046285
v 0.036906 0.056705 0.045885
v 0.031500 0.057000 0.010000
v 0.031500 0.057000 0.048000
v 0.031299 0.057750 0.010000
v 0.031299 0.057750 0.048000
v 0.030750 0.058299 0.010000
v 0.030750 0.058299 0.048000
v 0.030000 0.058500 0.010000
v 0.030000 0.058500 0.048000
v 0.029250 0.058299 0.010000
v 0.029250 0.058299 0.048000
v 0.028701 0.057750 0.010000
v 0.028701 0.057750 0.048000
v 0.028500 0.057000 0.010000
v 0.028500 0.057000 0.048000
v 0.028701 0.056250 0.010000
v 0.028701 0.056250 0.048000
v 0.029250 0.055701 0.010000
v 0.029250 0.055701 0.048000
v 0.030000 0.055500 0.010000
v 0.030000 0.055500 0.048000
v 0.030750 0.055701 0.010000
v 0.030750 0.055701 0.048000
v 0.031299 0.056250 0.010000
v 0.031299 0.056250 0.048000
v 0.030000 0.057000 0.010000
v 0.030000 0.057000 0.048000
v 0.042920 0.048440 0.058000
v 0.042748 0.047881 0.058946
v 0.043054 0.046986 0.059531
v 0.043721 0.046096 0.059531
v 0.044495 0.045551 0.058946
v 0.045080 0.045560 0.058000
v 0.045252 0.046119 0.057054
v 0.044946 0.047014 0.056469
v 0.044279 0.047904 0.056469
v 0.043505 0.048449 0.057054
v 0.067385 0.066692 0.073000
v 0.067163 0.066245 0.073994
v 0.067261 0.065323 0.074609
v 0.067641 0.064278 0.074609
v 0.068158 0.063508 0.073994
v 0.068615 0.063308 0.073000
v 0.068837 0.063755 0.072006
v 0.068739 0.064677 0.071391
v 0.068359 0.065722 0.071391
v 0.067842 0.066492 0.072006
v 0.088179 0.064791 0.075000
v 0.088041 0.064459 0.076053
v 0.087887 0.063570 0.076703
v 0.087776 0.062463 0.076703
v 0.087751 0.061561 0.076053
v 0.087821 0.061209 0.075000
v 0.087959 0.061541 0.073947
v 0.088113 0.062430 0.073297
v 0.088224 0.063537 0.073297
v 0.088249 0.064439 0.073947
v 0.079281 0.059222 0.004029
v 0.078906 0.059277 0.003109
v 0.078000 0.059170 0.002711
v 0.077094 0.058963 0.003068
v 0.076719 0.058778 0.003971
v 0.077094 0.058723 0.004891
v 0.078000 0.058830 0.005289
v 0.078906 0.059037 0.004932
v 0.078739 0.062181 0.004361
v 0.078340 0.062164 0.003450
v 0.077459 0.061896 0.003072
v 0.076613 0.061535 0.003450
v 0.076296 0.061292 0.004361
v 0.076695 0.061309 0.005272
v 0.077576 0.061576 0.005650
v 0.078422 0.061938 0.005272
v 0.077124 0.064978 0.004722
v 0.076755 0.064825 0.003811
v 0.076019 0.064273 0.003433
v 0.075347 0.063644 0.003811
v 0.075132 0.063307 0.004722
v 0.075501 0.063459 0.005634
v 0.076238 0.064012 0.006011
v 0.076910 0.064641 0.005634
v 0.074650 0.067054 0.005083
v 0.074355 0.066784 0.004172
v 0.073853 0.066013 0.003795
v 0.073436 0.065192 0.004172
v 0.073350 0.064802 0.005083
v 0.073645 0.065072 0.005995
v 0.074147 0.065843 0.006372
v 0.074564 0.066664 0.005995
v 0.071615 0.068159 0.005444
v 0.071430 0.067805 0.004533
v 0.071222 0.066908 0.004156
v 0.071111 0.065994 0.004533
v 0.071163 0.065598 0.005444
v 0.071348 0.065952 0.006356
v 0.071557 0.066849 0.006733
v 0.071667 0.067763 0.006356
v 0.068385 0.068159 0.005806
v 0.068333 0.067763 0.004894
v 0.068443 0.066849 0.004517
v 0.068652 0.065952 0.004894
v 0.068837 0.065598 0.005806
v 0.068889 0.065994 0.006717
v 0.068778 0.066908 0.007094
v 0.068570 0.067805 0.006717
v 0.065350 0.067054 0.006167
v 0.065436 0.066664 0.005255
v 0.065853 0.065843 0.004878
v 0.066355 0.065072 0.005255
v 0.066650 0.064802 0.006167
v 0.066564 0.065192 0.007078
v 0.066147 0.066013 0.007455
v 0.065645 0.066784 0.007078
v 0.062876 0.064978 0.006528
v 0.063090 0.064641 0.005616
v 0.063762 0.064012 0.005239
v 0.064499 0.063459 0.005616
v 0.064868 0.063307 0.006528
v 0.064653 0.063644 0.007439
v 0.063981 0.064273 0.007817
v 0.063245 0.064825 0.007439
v 0.061261 0.062181 0.006889
v 0.061578 0.061938 0.005978
v 0.062424 0.061576 0.005600
v 0.063305 0.061309 0.005978
v 0.063704 0.061292 0.006889
v 0.063387 0.061535 0.007800
v 0.062541 0.061896 0.008178
v 0.061660 0.062164 0.007800
v 0.060700 0.059000 0.007250
v 0.061081 0.058880 0.006339
v 0.062000 0.058830 0.005961
v 0.062919 0.058880 0.006339
v 0.063300 0.059000 0.007250
v 0.062919 0.059120 0.008161
v 0.062000 0.059170 0.008539
v 0.061081 0.059120 0.008161
v 0.061261 0.055819 0.007611
v 0.061660 0.055836 0.006700
v 0.062541 0.056104 0.006322
v 0.063387 0.056465 0.006700
v 0.063704 0.056708 0.007611
v 0.063305 0.056691 0.008522
v 0.062424 0.056424 0.008900
v 0.061578 0.056062 0.008522
v 0.062876 0.053022 0.007972
v 0.063245 0.053175 0.007061
v 0.063981 0.053727 0.006683
v 0.064653 0.054356 0.007061
v 0.064868 0.054693 0.007972
v 0.064499 0.054541 0.008884
v 0.063762 0.053988 0.009261
v 0.063090 0.053359 0.008884
v 0.065350 0.050946 0.008333
v 0.065645 0.051216 0.007422
v 0.066147 0.051987 0.007045
v 0.066564 0.052808 0.007422
v 0.066650 0.053198 0.008333
v 0.066355 0.052928 0.009245
v 0.065853 0.052157 0.009622
v 0.065436 0.051336 0.009245
v 0.068385 0.049841 0.008694
v 0.068570 0.050195 0.007783
v 0.068778 0.051092 0.007406
v 0.068889 0.052006 0.007783
v 0.068837 0.052402 0.008694
v 0.068652 0.052048 0.009606
v 0.068443 0.051151 0.009983
v 0.068333 0.050237 0.009606
v 0.071615 0.049841 0.009056
v 0.071667 0.050237 0.008144
v 0.071557 0.051151 0.007767
v 0.071348 0.052048 0.008144
v 0.071163 0.052402 0.009056
v 0.071111 0.052006 0.009967
v 0.071222 0.051092 0.010344
v 0.071430 0.050195 0.009967
v 0.074650 0.050946 0.009417
v 0.074564 0.051336 0.008505
v 0.074147 0.052157 0.008128
v 0.073645 0.052928 0.008505
v 0.073350 0.053198 0.009417
v 0.073436 0.052808 0.010328
v 0.073853 0.051987 0.010705
v 0.074355 0.051216 0.010328
v 0.077124 0.053022 0.009778
v 0.076910 0.053359 0.008866
v 0.076238 0.053988 0.008489
v 0.075501 0.054541 0.008866
v 0.075132 0.054693 0.009778
v 0.075347 0.054356 0.010689
v 0.076019 0.053727 0.011067
v 0.076755 0.053175 0.010689
v 0.078739 0.055819 0.010139
v 0.078422 0.056062 0.009228
v 0.077576 0.056424 0.008850
v 0.076695 0.056691 0.009228
v 0.076296 0.056708 0.010139
v 0.076613 0.056465 0.011050
v 0.077459 0.056104 0.011428
v 0.078340 0.055836 0.011050
v 0.079300 0.059000 0.010500
v 0.078919 0.059120 0.009589
v 0.078000 0.059170 0.009211
v 0.077081 0.059120 0.009589
v 0.076700 0.059000 0.010500
v 0.077081 0.058880 0.011411
v 0.078000 0.058830 0.011789
v 0.078919 0.058880 0.011411
v 0.078739 0.062181 0.010861
v 0.078340 0.062164 0.009950
v 0.077459 0.061896 0.009572
v 0.076613 0.061535 0.009950
v 0.076296 0.061292 0.010861
v 0.076695 0.061309 0.011772
v 0.077576 0.061576 0.012150
v 0.078422 0.061938 0.011772
v 0.077124 0.064978 0.011222
v 0.076755 0.064825 0.010311
v 0.076019 0.064273 0.009933
v 0.075347 0.063644 0.010311
v 0.075132 0.063307 0.011222
v 0.075501 0.063459 0.012134
v 0.076238 0.064012 0.012511
v 0.076910 0.064641 0.012134
v 0.074650 0.067054 0.011583
v 0.074355 0.066784 0.010672
v 0.073853 0.066013 0.010295
v 0.073436 0.065192 0.010672
v 0.073350 0.064802 0.011583
v 0.073645 0.065072 0.012495
v 0.074147 0.065843 0.012872
v 0.074564 0.066664 0.012495
v 0.071615 0.068159 0.011944
v 0.071430 0.067805 0.011033
v 0.071222 0.066908 0.010656
v 0.071111 0.065994 0.011033
v 0.071163 0.065598 0.011944
v 0.071348 0.065952 0.012856
v 0.071557 0.066849 0.013233
v 0.071667 0.067763 0.012856
v 0.068385 0.068159 0.012306
v 0.068333 0.067763 0.011394
v 0.068443 0.066849 0.011017
v 0.068652 0.065952 0.011394
v 0.068837 0.065598 0.012306
v 0.068889 0.065994 0.013217
v 0.068778 0.066908 0.013594
v 0.068570 0.067805 0.013217
v 0.065350 0.067054 0.012667
v 0.065436 0.066664 0.011755
v 0.065853 0.065843 0.011378
v 0.066355 0.065072 0.011755
v 0.066650 0.064802 0.012667
v 0.066564 0.065192 0.013578
v 0.066147 0.066013 0.013955
v 0.065645 0.066784 0.013578
v 0.062876 0.064978 0.013028
v 0.063090 0.064641 0.012116
v 0.063762 0.064012 0.011739
v 0.064499 0.063459 0.012116
v 0.064868 0.063307 0.013028
v 0.064653 0.063644 0.013939
v 0.063981 0.064273 0.014317
v 0.063245 0.064825 0.013939
v 0.061261 0.062181 0.013389
v 0.061578 0.061938 0.012478
v 0.062424 0.061576 0.012100
v 0.063305 0.061309 0.012478
v 0.063704 0.061292 0.013389
v 0.063387 0.061535 0.014300
v 0.062541 0.061896 0.014678
v 0.061660 0.062164 0.014300
v 0.060700 0.059000 0.013750
v 0.061081 0.058880 0.012839
v 0.062000 0.058830 0.012461
v 0.062919 0.058880 0.012839
v 0.063300 0.059000 0.013750
v 0.062919 0.059120 0.014661
v 0.062000 0.059170 0.015039
v 0.061081 0.059120 0.014661
v 0.061261 0.055819 0.014111
v 0.061660 0.055836 0.013200
v 0.062541 0.056104 0.012822
v 0.063387 0.056465 0.013200
v 0.063704 0.056708 0.014111
v 0.063305 0.056691 0.015022
v 0.062424 0.056424 0.015400
v 0.061578 0.056062 0.015022
v 0.062876 0.053022 0.014472
v 0.063245 0.053175 0.013561
v 0.063981 0.053727 0.013183
v 0.064653 0.054356 0.013561
v 0.064868 0.054693 0.014472
v 0.064499 0.054541 0.015384
v 0.063762 0.053988 0.015761
v 0.063090 0.053359 0.015384
v 0.065350 0.050946 0.014833
v 0.065645 0.051216 0.013922
v 0.066147 0.051987 0.013545
v 0.066564 0.052808 0.013922
v 0.066650 0.053198 0.014833
v 0.066355 0.052928 0.015745
v 0.065853 0.052157 0.016122
v 0.065436 0.051336 0.015745
v 0.068385 0.049841 0.015194
v 0.068570 0.050195 0.014283
v 0.068778 0.051092 0.013906
v 0.068889 0.052006 0.014283
v 0.068837 0.052402 0.015194
v 0.068652 0.052048 0.016106
v 0.068443 0.051151 0.016483
v 0.068333 0.050237 0.016106
v 0.071615 0.049841 0.015556
v 0.071667 0.050237 0.014644
v 0.071557 0.051151 0.014267
v 0.071348 0.052048 0.014644
v 0.071163 0.052402 0.015556
v 0.071111 0.052006 0.016467
v 0.071222 0.051092 0.016844
v 0.071430 0.050195 0.016467
v 0.074650 0.050946 0.015917
v 0.074564 0.051336 0.015005
v 0.074147 0.052157 0.014628
v 0.073645 0.052928 0.015005
v 0.073350 0.053198 0.015917
v 0.073436 0.052808 0.016828
v 0.073853 0.051987 0.017205
v 0.074355 0.051216 0.016828
v 0.077124 0.053022 0.016278
v 0.076910 0.053359 0.015366
v 0.076238 0.053988 0.014989
v 0.075501 0.054541 0.015366
v 0.075132 0.054693 0.016278
v 0.075347 0.054356 0.017189
v 0.076019 0.053727 0.017567
v 0.076755 0.053175 0.017189
v 0.078739 0.055819 0.016639
v 0.078422 0.056062 0.015728
v 0.077576 0.056424 0.015350
v 0.076695 0.056691 0.015728
v 0.076296 0.056708 0.016639
v 0.076613 0.056465 0.017550
v 0.077459 0.056104 0.017928
v 0.078340 0.055836 0.017550
v 0.079300 0.059000 0.017000
v 0.078919 0.059120 0.016089
v 0.078000 0.059170 0.015711
v 0.077081 0.059120 0.016089
v 0.076700 0.059000 0.017000
v 0.077081 0.058880 0.017911
v 0.078000 0.058830 0.018289
v 0.078919 0.058880 0.017911
v 0.078739 0.062181 0.017361
v 0.078340 0.062164 0.016450
v 0.077459 0.061896 0.016072
v 0.076613 0.061535 0.016450
v 0.076296 0.061292 0.017361
v 0.076695 0.061309 0.018272
v 0.077576 0.061576 0.018650
v 0.078422 0.061938 0.018272
v 0.077124 0.064978 0.017722
v 0.076755 0.064825 0.016811
v 0.076019 0.064273 0.016433
v 0.075347 0.063644 0.016811
v 0.075132 0.063307 0.017722
v 0.075501 0.063459 0.018634
v 0.076238 0.064012 0.019011
v 0.076910 0.064641 0.018634
v 0.074650 0.067054 0.018083
v 0.074355 0.066784 0.017172
v 0.073853 0.066013 0.016795
v 0.073436 0.065192 0.017172
v 0.073350 0.064802 0.018083
v 0.073645 0.065072 0.018995
v 0.074147 0.065843 0.019372
v 0.074564 0.066664 0.018995
v 0.071615 0.068159 0.018444
v 0.071430 0.067805 0.017533
v 0.071222 0.066908 0.017156
v 0.071111 0.065994 0.017533
v 0.071163 0.065598 0.018444
v 0.071348 0.065952 0.019356
v 0.071557 0.066849 0.019733
v 0.071667 0.067763 0.019356
v 0.068385 0.068159 0.018806
v 0.068333 0.067763 0.017894
v 0.068443 0.066849 0.017517
v 0.068652 0.065952 0.017894
v 0.068837 0.065598 0.018806
v 0.068889 0.065994 0.019717
v 0.068778 0.066908 0.020094
v 0.068570 0.067805 0.019717
v 0.065350 0.067054 0.019167
v 0.065436 0.066664 0.018255
v 0.065853 0.065843 0.017878
v 0.066355 0.065072 0.018255
v 0.066650 0.064802 0.019167
v 0.066564 0.065192 0.020078
v 0.066147 0.066013 0.020455
v 0.065645 0.066784 0.020078
v 0.062876 0.064978 0.019528
v 0.063090 0.064641 0.018616
v 0.063762 0.064012 0.018239
v 0.064499 0.063459 0.018616
v 0.064868 0.063307 0.019528
v 0.064653 0.063644 0.020439
v 0.063981 0.064273 0.020817
v 0.063245 0.064825 0.020439
v 0.061261 0.062181 0.019889
v 0.061578 0.061938 0.018978
v 0.062424 0.061576 0.018600
v 0.063305 0.061309 0.018978
v 0.063704 0.061292 0.019889
v 0.063387 0.061535 0.020800
v 0.062541 0.061896 0.021178
v 0.061660 0.062164 0.020800
v 0.060700 0.059000 0.020250
v 0.061081 0.058880 0.019339
v 0.062000 0.058830 0.018961
v 0.062919 0.058880 0.019339
v 0.063300 0.059000 0.020250
v 0.062919 0.059120 0.021161
v 0.062000 0.059170 0.021539
v 0.061081 0.059120 0.021161
v 0.061261 0.055819 0.020611
v 0.061660 0.055836 0.019700
v 0.062541 0.056104 0.019322
v 0.063387 0.056465 0.019700
v 0.063704 0.056708 0.020611
v 0.063305 0.056691 0.021522
v 0.062424 0.056424 0.021900
v 0.061578 0.056062 0.021522
v 0.062876 0.053022 0.020972
v 0.063245 0.053175 0.020061
v 0.063981 0.053727 0.019683
v 0.064653 0.054356 0.020061
v 0.064868 0.054693 0.020972
v 0.064499 0.054541 0.021884
v 0.063762 0.053988 0.022261
v 0.063090 0.053359 0.021884
v 0.065350 0.050946 0.021333
v 0.065645 0.051216 0.020422
v 0.066147 0.051987 0.020045
v 0.066564 0.052808 0.020422
v 0.066650 0.053198 0.021333
v 0.066355 0.052928 0.022245
v 0.065853 0.052157 0.022622
v 0.065436 0.051336 0.022245
v 0.068385 0.049841 0.021694
v 0.068570 0.050195 0.020783
v 0.068778 0.051092 0.020406
v 0.068889 0.052006 0.020783
v 0.068837 0.052402 0.021694
v 0.068652 0.052048 0.022606
v 0.068443 0.051151 0.022983
v 0.068333 0.050237 0.022606
v 0.071615 0.049841 0.022056
v 0.071667 0.050237 0.021144
v 0.071557 0.051151 0.020767
v 0.071348 0.052048 0.021144
v 0.071163 0.052402 0.022056
v 0.071111 0.052006 0.022967
v 0.071222 0.051092 0.023344
v 0.071430 0.050195 0.022967
v 0.074650 0.050946 0.022417
v 0.074564 0.051336 0.021505
v 0.074147 0.052157 0.021128
v 0.073645 0.052928 0.021505
v 0.073350 0.053198 0.022417
v 0.073436 0.052808 0.023328
v 0.073853 0.051987 0.023705
v 0.074355 0.051216 0.023328
v 0.077124 0.053022 0.022778
v 0.076910 0.053359 0.021866
v 0.076238 0.053988 0.021489
v 0.075501 0.054541 0.021866
v 0.075132 0.054693 0.022778
v 0.075347 0.054356 0.023689
v 0.076019 0.053727 0.024067
v 0.076755 0.053175 0.023689
v 0.078739 0.055819 0.023139
v 0.078422 0.056062 0.022228
v 0.077576 0.056424 0.021850
v 0.076695 0.056691 0.022228
v 0.076296 0.056708 0.023139
v 0.076613 0.056465 0.024050
v 0.077459 0.056104 0.024428
v 0.078340 0.055836 0.024050
v 0.079300 0.059000 0.023500
v 0.078919 0.059120 0.022589
v 0.078000 0.059170 0.022211
v 0.077081 0.059120 0.022589
v 0.076700 0.059000 0.023500
v 0.077081 0.058880 0.024411
v 0.078000 0.058830 0.024789
v 0.078919 0.058880 0.024411
v 0.078739 0.062181 0.023861
v 0.078340 0.062164 0.022950
v 0.077459 0.061896 0.022572
v 0.076613 0.061535 0.022950
v 0.076296 0.061292 0.023861
v 0.076695 0.061309 0.024772
v 0.077576 0.061576 0.025150
v 0.078422 0.061938 0.024772
v 0.077124 0.064978 0.024222
v 0.076755 0.064825 0.023311
v 0.076019 0.064273 0.022933
v 0.075347 0.063644 0.023311
v 0.075132 0.063307 0.024222
v 0.075501 0.063459 0.025134
v 0.076238 0.064012 0.025511
v 0.076910 0.064641 0.025134
v 0.074650 0.067054 0.024583
v 0.074355 0.066784 0.023672
v 0.073853 0.066013 0.023295
v 0.073436 0.065192 0.023672
v 0.073350 0.064802 0.024583
v 0.073645 0.065072 0.025495
v 0.074147 0.065843 0.025872
v 0.074564 0.066664 0.025495
v 0.071615 0.068159 0.024944
v 0.071430 0.067805 0.024033
v 0.071222 0.066908 0.023656
v 0.071111 0.065994 0.024033
v 0.071163 0.065598 0.024944
v 0.071348 0.065952 0.025856
v 0.071557 0.066849 0.026233
v 0.071667 0.067763 0.025856
v 0.068385 0.068159 0.025306
v 0.068333 0.067763 0.024394
v 0.068443 0.066849 0.024017
v 0.068652 0.065952 0.024394
v 0.068837 0.065598 0.025306
v 0.068889 0.065994 0.026217
v 0.068778 0.066908 0.026594
v 0.068570 0.067805 0.026217
v 0.065350 0.067054 0.025667
v 0.065436 0.066664 0.024755
v 0.065853 0.065843 0.024378
v 0.066355 0.065072 0.024755
v 0.066650 0.064802 0.025667
v 0.066564 0.065192 0.026578
v 0.066147 0.066013 0.026955
v 0.065645 0.066784 0.026578
v 0.062876 0.064978 0.026028
v 0.063090 0.064641 0.025116
v 0.063762 0.064012 0.024739
v 0.064499 0.063459 0.025116
v 0.064868 0.063307 0.026028
v 0.064653 0.063644 0.026939
v 0.063981 0.064273 0.027317
v 0.063245 0.064825 0.026939
v 0.061261 0.062181 0.026389
v 0.061578 0.061938 0.025478
v 0.062424 0.061576 0.025100
v 0.063305 0.061309 0.025478
v 0.063704 0.061292 0.026389
v 0.063387 0.061535 0.027300
v 0.062541 0.061896 0.027678
v 0.061660 0.062164 0.027300
v 0.060700 0.059000 0.026750
v 0.061081 0.058880 0.025839
v 0.062000 0.058830 0.025461
v 0.062919 0.058880 0.025839
v 0.063300 0.059000 0.026750
v 0.062919 0.059120 0.027661
v 0.062000 0.059170 0.028039
v 0.061081 0.059120 0.027661
v 0.061261 0.055819 0.027111
v 0.061660 0.055836 0.026200
v 0.062541 0.056104 0.025822
v 0.063387 0.056465 0.026200
v 0.063704 0.056708 0.027111
v 0.063305 0.056691 0.028022
v 0.062424 0.056424 0.028400
v 0.061578 0.056062 0.028022
v 0.062876 0.053022 0.027472
v 0.063245 0.053175 0.026561
v 0.063981 0.053727 0.026183
v 0.064653 0.054356 0.026561
v 0.064868 0.054693 0.027472
v 0.064499 0.054541 0.028384
v 0.063762 0.053988 0.028761
v 0.063090 0.053359 0.028384
v 0.065350 0.050946 0.027833
v 0.065645 0.051216 0.026922
v 0.066147 0.051987 0.026545
v 0.066564 0.052808 0.026922
v 0.066650 0.053198 0.027833
v 0.066355 0.052928 0.028745
v 0.065853 0.052157 0.029122
v 0.065436 0.051336 0.028745
v 0.068385 0.049841 0.028194
v 0.068570 0.050195 0.027283
v 0.068778 0.051092 0.026906
v 0.068889 0.052006 0.027283
v 0.068837 0.052402 0.028194
v 0.068652 0.052048 0.029106
v 0.068443 0.051151 0.029483
v 0.068333 0.050237 0.029106
v 0.071615 0.049841 0.028556
v 0.071667 0.050237 0.027644
v 0.071557 0.051151 0.027267
v 0.071348 0.052048 0.027644
v 0.071163 0.052402 0.028556
v 0.071111 0.052006 0.029467
v 0.071222 0.051092 0.029844
v 0.071430 0.050195 0.029467
v 0.074650 0.050946 0.028917
v 0.074564 0.051336 0.028005
v 0.074147 0.052157 0.027628
v 0.073645 0.052928 0.028005
v 0.073350 0.053198 0.028917
v 0.073436 0.052808 0.029828
v 0.073853 0.051987 0.030205
v 0.074355 0.051216 0.029828
v 0.077124 0.053022 0.029278
v 0.076910 0.053359 0.028366
v 0.076238 0.053988 0.027989
v 0.075501 0.054541 0.028366
v 0.075132 0.054693 0.029278
v 0.075347 0.054356 0.030189
v 0.076019 0.053727 0.030567
v 0.076755 0.053175 0.030189
v 0.078739 0.055819 0.029639
v 0.078422 0.056062 0.028728
v 0.077576 0.056424 0.028350
v 0.076695 0.056691 0.028728
v 0.076296 0.056708 0.029639
v 0.076613 0.056465 0.030550
v 0.077459 0.056104 0.030928
v 0.078340 0.055836 0.030550
v 0.079300 0.059000 0.030000
v 0.078919 0.059120 0.029089
v 0.078000 0.059170 0.028711
v 0.077081 0.059120 0.029089
v 0.076700 0.059000 0.030000
v 0.077081 0.058880 0.030911
v 0.078000 0.058830 0.031289
v 0.078919 0.058880 0.030911
v 0.078739 0.062181 0.030361
v 0.078340 0.062164 0.029450
v 0.077459 0.061896 0.029072
v 0.076613 0.061535 0.029450
v 0.076296 0.061292 0.030361
v 0.076695 0.061309 0.031272
v 0.077576 0.061576 0.031650
v 0.078422 0.061938 0.031272
v 0.077124 0.064978 0.030722
v 0.076755 0.064825 0.029811
v 0.076019 0.064273 0.029433
v 0.075347 0.063644 0.029811
v 0.075132 0.063307 0.030722
v 0.075501 0.063459 0.031634
v 0.076238 0.064012 0.032011
v 0.076910 0.064641 0.031634
v 0.074650 0.067054 0.031083
v 0.074355 0.066784 0.030172
v 0.073853 0.066013 0.029795
v 0.073436 0.065192 0.030172
v 0.073350 0.064802 0.031083
v 0.073645 0.065072 0.031995
v 0.074147 0.065843 0.032372
v 0.074564 0.066664 0.031995
v 0.071615 0.068159 0.031444
v 0.071430 0.067805 0.030533
v 0.071222 0.066908 0.030156
v 0.071111 0.065994 0.030533
v 0.071163 0.065598 0.031444
v 0.071348 0.065952 0.032356
v 0.071557 0.066849 0.032733
v 0.071667 0.067763 0.032356
v 0.068385 0.068159 0.031806
v 0.068333 0.067763 0.030894
v 0.068443 0.066849 0.030517
v 0.068652 0.065952 0.030894
v 0.068837 0.065598 0.031806
v 0.068889 0.065994 0.032717
v 0.068778 0.066908 0.033094
v 0.068570 0.067805 0.032717
v 0.065350 0.067054 0.032167
v 0.065436 0.066664 0.031255
v 0.065853 0.065843 0.030878
v 0.066355 0.065072 0.031255
v 0.066650 0.064802 0.032167
v 0.066564 0.065192 0.033078
v 0.066147 0.066013 0.033455
v 0.065645 0.066784 0.033078
v 0.062876 0.064978 0.032528
v 0.063090 0.064641 0.031616
v 0.063762 0.064012 0.031239
v 0.064499 0.063459 0.031616
v 0.064868 0.063307 0.032528
v 0.064653 0.063644 0.033439
v 0.063981 0.064273 0.033817
v 0.063245 0.064825 0.033439
v 0.061261 0.062181 0.032889
v 0.061578 0.061938 0.031978
v 0.062424 0.061576 0.031600
v 0.063305 0.061309 0.031978
v 0.063704 0.061292 0.032889
v 0.063387 0.061535 0.033800
v 0.062541 0.061896 0.034178
v 0.061660 0.062164 0.033800
v 0.060700 0.059000 0.033250
v 0.061081 0.058880 0.032339
v 0.062000 0.058830 0.031961
v 0.062919 0.058880 0.032339
v 0.063300 0.059000 0.033250
v 0.062919 0.059120 0.034161
v 0.062000 0.059170 0.034539
v 0.061081 0.059120 0.034161
v 0.061261 0.055819 0.033611
v 0.061660 0.055836 0.032700
v 0.062541 0.056104 0.032322
v 0.063387 0.056465 0.032700
v 0.063704 0.056708 0.033611
v 0.063305 0.056691 0.034522
v 0.062424 0.056424 0.034900
v 0.061578 0.056062 0.034522
v 0.062876 0.053022 0.033972
v 0.063245 0.053175 0.033061
v 0.063981 0.053727 0.032683
v 0.064653 0.054356 0.033061
v 0.064868 0.054693 0.033972
v 0.064499 0.054541 0.034884
v 0.063762 0.053988 0.035261
v 0.063090 0.053359 0.034884
v 0.065350 0.050946 0.034333
v 0.065645 0.051216 0.033422
v 0.066147 0.051987 0.033045
v 0.066564 0.052808 0.033422
v 0.066650 0.053198 0.034333
v 0.066355 0.052928 0.035245
v 0.065853 0.052157 0.035622
v 0.065436 0.051336 0.035245
v 0.068385 0.049841 0.034694
v 0.068570 0.050195 0.033783
v 0.068778 0.051092 0.033406
v 0.068889 0.052006 0.033783
v 0.068837 0.052402 0.034694
v 0.068652 0.052048 0.035606
v 0.068443 0.051151 0.035983
v 0.068333 0.050237 0.035606
v 0.071615 0.049841 0.035056
v 0.071667 0.050237 0.034144
v 0.071557 0.051151 0.033767
v 0.071348 0.052048 0.034144
v 0.071163 0.052402 0.035056
v 0.071111 0.052006 0.035967
v 0.071222 0.051092 0.036344
v 0.071430 0.050195 0.035967
v 0.074650 0.050946 0.035417
v 0.074564 0.051336 0.034505
v 0.074147 0.052157 0.034128
v 0.073645 0.052928 0.034505
v 0.073350 0.053198 0.035417
v 0.073436 0.052808 0.036328
v 0.073853 0.051987 0.036705
v 0.074355 0.051216 0.036328
v 0.077124 0.053022 0.035778
v 0.076910 0.053359 0.034866
v 0.076238 0.053988 0.034489
v 0.075501 0.054541 0.034866
v 0.075132 0.054693 0.035778
v 0.075347 0.054356 0.036689
v 0.076019 0.053727 0.037067
v 0.076755 0.053175 0.036689
v 0.078739 0.055819 0.036139
v 0.078422 0.056062 0.035228
v 0.077576 0.056424 0.034850
v 0.076695 0.056691 0.035228
v 0.076296 0.056708 0.036139
v 0.076613 0.056465 0.037050
v 0.077459 0.056104 0.037428
v 0.078340 0.055836 0.037050
v 0.079300 0.059000 0.036500
v 0.078919 0.059120 0.035589
v 0.078000 0.059170 0.035211
v 0.077081 0.059120 0.035589
v 0.076700 0.059000 0.036500
v 0.077081 0.058880 0.037411
v 0.078000 0.058830 0.037789
v 0.078919 0.058880 0.037411
v 0.078739 0.062181 0.036861
v 0.078340 0.062164 0.035950
v 0.077459 0.061896 0.035572
v 0.076613 0.061535 0.035950
v 0.076296 0.061292 0.036861
v 0.076695 0.061309 0.037772
v 0.077576 0.061576 0.038150
v 0.078422 0.061938 0.037772
v 0.077124 0.064978 0.037222
v 0.076755 0.064825 0.036311
v 0.076019 0.064273 0.035933
v 0.075347 0.063644 0.036311
v 0.075132 0.063307 0.037222
v 0.075501 0.063459 0.038134
v 0.076238 0.064012 0.038511
v 0.076910 0.064641 0.038134
v 0.074650 0.067054 0.037583
v 0.074355 0.066784 0.036672
v 0.073853 0.066013 0.036295
v 0.073436 0.065192 0.036672
v 0.073350 0.064802 0.037583
v 0.073645 0.065072 0.038495
v 0.074147 0.065843 0.038872
v 0.074564 0.066664 0.038495
v 0.071615 0.068159 0.037944
v 0.071430 0.067805 0.037033
v 0.071222 0.066908 0.036656
v 0.071111 0.065994 0.037033
v 0.071163 0.065598 0.037944
v 0.071348 0.065952 0.038856
v 0.071557 0.066849 0.039233
v 0.071667 0.067763 0.038856
v 0.068385 0.068159 0.038306
v 0.068333 0.067763 0.037394
v 0.068443 0.066849 0.037017
v 0.068652 0.065952 0.037394
v 0.068837 0.065598 0.038306
v 0.068889 0.065994 0.039217
v 0.068778 0.066908 0.039594
v 0.068570 0.067805 0.039217
v 0.065350 0.067054 0.038667
v 0.065436 0.066664 0.037755
v 0.065853 0.065843 0.037378
v 0.066355 0.065072 0.037755
v 0.066650 0.064802 0.038667
v 0.066564 0.065192 0.039578
v 0.066147 0.066013 0.039955
v 0.065645 0.066784 0.039578
v 0.062876 0.064978 0.039028
v 0.063090 0.064641 0.038116
v 0.063762 0.064012 0.037739
v 0.064499 0.063459 0.038116
v 0.064868 0.063307 0.039028
v 0.064653 0.063644 0.039939
v 0.063981 0.064273 0.040317
v 0.063245 0.064825 0.039939
v 0.061261 0.062181 0.039389
v 0.061578 0.061938 0.038478
v 0.062424 0.061576 0.038100
v 0.063305 0.061309 0.038478
v 0.063704 0.061292 0.039389
v 0.063387 0.061535 0.040300
v 0.062541 0.061896 0.040678
v 0.061660 0.062164 0.040300
v 0.060700 0.059000 0.039750
v 0.061081 0.058880 0.038839
v 0.062000 0.058830 0.038461
v 0.062919 0.058880 0.038839
v 0.063300 0.059000 0.039750
v 0.062919 0.059120 0.040661
v 0.062000 0.059170 0.041039
v 0.061081 0.059120 0.040661
v 0.061261 0.055819 0.040111
v 0.061660 0.055836 0.039200
v 0.062541 0.056104 0.038822
v 0.063387 0.056465 0.039200
v 0.063704 0.056708 0.040111
v 0.063305 0.056691 0.041022
v 0.062424 0.056424 0.041400
v 0.061578 0.056062 0.041022
v 0.062876 0.053022 0.040472
v 0.063245 0.053175 0.039561
v 0.063981 0.053727 0.039183
v 0.064653 0.054356 0.039561
v 0.064868 0.054693 0.040472
v 0.064499 0.054541 0.041384
v 0.063762 0.053988 0.041761
v 0.063090 0.053359 0.041384
v 0.065350 0.050946 0.040833
v 0.065645 0.051216 0.039922
v 0.066147 0.051987 0.039545
v 0.066564 0.052808 0.039922
v 0.066650 0.053198 0.040833
v 0.066355 0.052928 0.041745
v 0.065853 0.052157 0.042122
v 0.065436 0.051336 0.041745
v 0.068385 0.049841 0.041194
v 0.068570 0.050195 0.040283
v 0.068778 0.051092 0.039906
v 0.068889 0.052006 0.040283
v 0.068837 0.052402 0.041194
v 0.068652 0.052048 0.042106
v 0.068443 0.051151 0.042483
v 0.068333 0.050237 0.042106
v 0.071615 0.049841 0.041556
v 0.071667 0.050237 0.040644
v 0.071557 0.051151 0.040267
v 0.071348 0.052048 0.040644
v 0.071163 0.052402 0.041556
v 0.071111 0.052006 0.042467
v 0.071222 0.051092 0.042844
v 0.071430 0.050195 0.042467
v 0.074650 0.050946 0.041917
v 0.074564 0.051336 0.041005
v 0.074147 0.052157 0.040628
v 0.073645 0.052928 0.041005
v 0.073350 0.053198 0.041917
v 0.073436 0.052808 0.042828
v 0.073853 0.051987 0.043205
v 0.074355 0.051216 0.042828
v 0.077124 0.053022 0.042278
v 0.076910 0.053359 0.041366
v 0.076238 0.053988 0.040989
v 0.075501 0.054541 0.041366
v 0.075132 0.054693 0.042278
v 0.075347 0.054356 0.043189
v 0.076019 0.053727 0.043567
v 0.076755 0.053175 0.043189
v 0.078739 0.055819 0.042639
v 0.078422 0.056062 0.041728
v 0.077576 0.056424 0.041350
v 0.076695 0.056691 0.041728
v 0.076296 0.056708 0.042639
v 0.076613 0.056465 0.043550
v 0.077459 0.056104 0.043928
v 0.078340 0.055836 0.043550
v 0.079300 0.059000 0.043000
v 0.078919 0.059120 0.042089
v 0.078000 0.059170 0.041711
v 0.077081 0.059120 0.042089
v 0.076700 0.059000 0.043000
v 0.077081 0.058880 0.043911
v 0.078000 0.058830 0.044289
v 0.078919 0.058880 0.043911
v 0.078739 0.062181 0.043361
v 0.078340 0.062164 0.042450
v 0.077459 0.061896 0.042072
v 0.076613 0.061535 0.042450
v 0.076296 0.061292 0.043361
v 0.076695 0.061309 0.044272
v 0.077576 0.061576 0.044650
v 0.078422 0.061938 0.044272
v 0.077124 0.064978 0.043722
v 0.076755 0.064825 0.042811
v 0.076019 0.064273 0.042433
v 0.075347 0.063644 0.042811
v 0.075132 0.063307 0.043722
v 0.075501 0.063459 0.044634
v 0.076238 0.064012 0.045011
v 0.076910 0.064641 0.044634
v 0.074650 0.067054 0.044083
v 0.074355 0.066784 0.043172
v 0.073853 0.066013 0.042795
v 0.073436 0.065192 0.043172
v 0.073350 0.064802 0.044083
v 0.073645 0.065072 0.044995
v 0.074147 0.065843 0.045372
v 0.074564 0.066664 0.044995
v 0.071615 0.068159 0.044444
v 0.071430 0.067805 0.043533
v 0.071222 0.066908 0.043156
v 0.071111 0.065994 0.043533
v 0.071163 0.065598 0.044444
v 0.071348 0.065952 0.045356
v 0.071557 0.066849 0.045733
v 0.071667 0.067763 0.045356
v 0.068385 0.068159 0.044806
v 0.068333 0.067763 0.043894
v 0.068443 0.066849 0.043517
v 0.068652 0.065952 0.043894
v 0.068837 0.065598 0.044806
v 0.068889 0.065994 0.045717
v 0.068778 0.066908 0.046094
v 0.068570 0.067805 0.045717
v 0.065350 0.067054 0.045167
v 0.065436 0.066664 0.044255
v 0.065853 0.065843 0.043878
v 0.066355 0.065072 0.044255
v 0.066650 0.064802 0.045167
v 0.066564 0.065192 0.046078
v 0.066147 0.066013 0.046455
v 0.065645 0.066784 0.046078
v 0.062876 0.064978 0.045528
v 0.063090 0.064641 0.044616
v 0.063762 0.064012 0.044239
v 0.064499 0.063459 0.044616
v 0.064868 0.063307 0.045528
v 0.064653 0.063644 0.046439
v 0.063981 0.064273 0.046817
v 0.063245 0.064825 0.046439
v 0.061261 0.062181 0.045889
v 0.061578 0.061938 0.044978
v 0.062424 0.061576 0.044600
v 0.063305 0.061309 0.044978
v 0.063704 0.061292 0.045889
v 0.063387 0.061535 0.046800
v 0.062541 0.061896 0.047178
v 0.061660 0.062164 0.046800
v 0.060700 0.059000 0.046250
v 0.061081 0.058880 0.045339
v 0.062000 0.058830 0.044961
v 0.062919 0.058880 0.045339
v 0.063300 0.059000 0.046250
v 0.062919 0.059120 0.047161
v 0.062000 0.059170 0.047539
v 0.061081 0.059120 0.047161
v 0.061261 0.055819 0.046611
v 0.061660 0.055836 0.045700
v 0.062541 0.056104 0.045322
v 0.063387 0.056465 0.045700
v 0.063704 0.056708 0.046611
v 0.063305 0.056691 0.047522
v 0.062424 0.056424 0.047900
v 0.061578 0.056062 0.047522
v 0.062876 0.053022 0.046972
v 0.063245 0.053175 0.046061
v 0.063981 0.053727 0.045683
v 0.064653 0.054356 0.046061
v 0.064868 0.054693 0.046972
v 0.064499 0.054541 0.047884
v 0.063762 0.053988 0.048261
v 0.063090 0.053359 0.047884
v 0.065350 0.050946 0.047333
v 0.065645 0.051216 0.046422
v 0.066147 0.051987 0.046045
v 0.066564 0.052808 0.046422
v 0.066650 0.053198 0.047333
v 0.066355 0.052928 0.048245
v 0.065853 0.052157 0.048622
v 0.065436 0.051336 0.048245
v 0.068385 0.049841 0.047694
v 0.068570 0.050195 0.046783
v 0.068778 0.051092 0.046406
v 0.068889 0.052006 0.046783
v 0.068837 0.052402 0.047694
v 0.068652 0.052048 0.048606
v 0.068443 0.051151 0.048983
v 0.068333 0.050237 0.048606
v 0.071615 0.049841 0.048056
v 0.071667 0.050237 0.047144
v 0.071557 0.051151 0.046767
v 0.071348 0.052048 0.047144
v 0.071163 0.052402 0.048056
v 0.071111 0.052006 0.048967
v 0.071222 0.051092 0.049344
v 0.071430 0.050195 0.048967
v 0.074650 0.050946 0.048417
v 0.074564 0.051336 0.047505
v 0.074147 0.052157 0.047128
v 0.073645 0.052928 0.047505
v 0.073350 0.053198 0.048417
v 0.073436 0.052808 0.049328
v 0.073853 0.051987 0.049705
v 0.074355 0.051216 0.049328
v 0.077124 0.053022 0.048778
v 0.076910 0.053359 0.047866
v 0.076238 0.053988 0.047489
v 0.075501 0.054541 0.047866
v 0.075132 0.054693 0.048778
v 0.075347 0.054356 0.049689
v 0.076019 0.053727 0.050067
v 0.076755 0.053175 0.049689
v 0.078739 0.055819 0.049139
v 0.078422 0.056062 0.048228
v 0.077576 0.056424 0.047850
v 0.076695 0.056691 0.048228
v 0.076296 0.056708 0.049139
v 0.076613 0.056465 0.050050
v 0.077459 0.056104 0.050428
v 0.078340 0.055836 0.050050
v 0.079300 0.059000 0.049500
v 0.078919 0.059120 0.048589
v 0.078000 0.059170 0.048211
v 0.077081 0.059120 0.048589
v 0.076700 0.059000 0.049500
v 0.077081 0.058880 0.050411
v 0.078000 0.058830 0.050789
v 0.078919 0.058880 0.050411
v 0.078739 0.062181 0.049861
v 0.078340 0.062164 0.048950
v 0.077459 0.061896 0.048572
v 0.076613 0.061535 0.048950
v 0.076296 0.061292 0.049861
v 0.076695 0.061309 0.050772
v 0.077576 0.061576 0.051150
v 0.078422 0.061938 0.050772
v 0.077124 0.064978 0.050222
v 0.076755 0.064825 0.049311
v 0.076019 0.064273 0.048933
v 0.075347 0.063644 0.049311
v 0.075132 0.063307 0.050222
v 0.075501 0.063459 0.051134
v 0.076238 0.064012 0.051511
v 0.076910 0.064641 0.051134
v 0.074650 0.067054 0.050583
v 0.074355 0.066784 0.049672
v 0.073853 0.066013 0.049295
v 0.073436 0.065192 0.049672
v 0.073350 0.064802 0.050583
v 0.073645 0.065072 0.051495
v 0.074147 0.065843 0.051872
v 0.074564 0.066664 0.051495
v 0.071615 0.068159 0.050944
v 0.071430 0.067805 0.050033
v 0.071222 0.066908 0.049656
v 0.071111 0.065994 0.050033
v 0.071163 0.065598 0.050944
v 0.071348 0.065952 0.051856
v 0.071557 0.066849 0.052233
v 0.071667 0.067763 0.051856
v 0.068385 0.068159 0.051306
v 0.068333 0.067763 0.050394
v 0.068443 0.066849 0.050017
v 0.068652 0.065952 0.050394
v 0.068837 0.065598 0.051306
v 0.068889 0.065994 0.052217
v 0.068778 0.066908 0.052594
v 0.068570 0.067805 0.052217
v 0.065350 0.067054 0.051667
v 0.065436 0.066664 0.050755
v 0.065853 0.065843 0.050378
v 0.066355 0.065072 0.050755
v 0.066650 0.064802 0.051667
v 0.066564 0.065192 0.052578
v 0.066147 0.066013 0.052955
v 0.065645 0.066784 0.052578
v 0.062876 0.064978 0.052028
v 0.063090 0.064641 0.051116
v 0.063762 0.064012 0.050739
v 0.064499 0.063459 0.051116
v 0.064868 0.063307 0.052028
v 0.064653 0.063644 0.052939
v 0.063981 0.064273 0.053317
v 0.063245 0.064825 0.052939
v 0.061261 0.062181 0.052389
v 0.061578 0.061938 0.051478
v 0.062424 0.061576 0.051100
v 0.063305 0.061309 0.051478
v 0.063704 0.061292 0.052389
v 0.063387 0.061535 0.053300
v 0.062541 0.061896 0.053678
v 0.061660 0.062164 0.053300
v 0.060700 0.059000 0.052750
v 0.061081 0.058880 0.051839
v 0.062000 0.058830 0.051461
v 0.062919 0.058880 0.051839
v 0.063300 0.059000 0.052750
v 0.062919 0.059120 0.053661
v 0.062000 0.059170 0.054039
v 0.061081 0.059120 0.053661
v 0.061261 0.055819 0.053111
v 0.061660 0.055836 0.052200
v 0.062541 0.056104 0.051822
v 0.063387 0.056465 0.052200
v 0.063704 0.056708 0.053111
v 0.063305 0.056691 0.054022
v 0.062424 0.056424 0.054400
v 0.061578 0.056062 0.054022
v 0.062876 0.053022 0.053472
v 0.063245 0.053175 0.052561
v 0.063981 0.053727 0.052183
v 0.064653 0.054356 0.052561
v 0.064868 0.054693 0.053472
v 0.064499 0.054541 0.054384
v 0.063762 0.053988 0.054761
v 0.063090 0.053359 0.054384
v 0.065350 0.050946 0.053833
v 0.065645 0.051216 0.052922
v 0.066147 0.051987 0.052545
v 0.066564 0.052808 0.052922
v 0.066650 0.053198 0.053833
v 0.066355 0.052928 0.054745
v 0.065853 0.052157 0.055122
v 0.065436 0.051336 0.054745
v 0.068385 0.049841 0.054194
v 0.068570 0.050195 0.053283
v 0.068778 0.051092 0.052906
v 0.068889 0.052006 0.053283
v 0.068837 0.052402 0.054194
v 0.068652 0.052048 0.055106
v 0.068443 0.051151 0.055483
v 0.068333 0.050237 0.055106
v 0.071615 0.049841 0.054556
v 0.071667 0.050237 0.053644
v 0.071557 0.051151 0.053267
v 0.071348 0.052048 0.053644
v 0.071163 0.052402 0.054556
v 0.071111 0.052006 0.055467
v 0.071222 0.051092 0.055844
v 0.071430 0.050195 0.055467
v 0.074650 0.050946 0.054917
v 0.074564 0.051336 0.054005
v 0.074147 0.052157 0.053628
v 0.073645 0.052928 0.054005
v 0.073350 0.053198 0.054917
v 0.073436 0.052808 0.055828
v 0.073853 0.051987 0.056205
v 0.074355 0.051216 0.055828
v 0.077124 0.053022 0.055278
v 0.076910 0.053359 0.054366
v 0.076238 0.053988 0.053989
v 0.075501 0.054541 0.054366
v 0.075132 0.054693 0.055278
v 0.075347 0.054356 0.056189
v 0.076019 0.053727 0.056567
v 0.076755 0.053175 0.056189
v 0.078739 0.055819 0.055639
v 0.078422 0.056062 0.054728
v 0.077576 0.056424 0.054350
v 0.076695 0.056691 0.054728
v 0.076296 0.056708 0.055639
v 0.076613 0.056465 0.056550
v 0.077459 0.056104 0.056928
v 0.078340 0.055836 0.056550
v 0.079281 0.058778 0.055971
v 0.078906 0.058963 0.055068
v 0.078000 0.059170 0.054711
v 0.077094 0.059277 0.055109
v 0.076719 0.059222 0.056029
v 0.077094 0.059037 0.056932
v 0.078000 0.058830 0.057289
v 0.078906 0.058723 0.056891
v 0.071700 0.059000 0.000000
v 0.071700 0.059000 0.065000
v 0.071472 0.059850 0.000000
v 0.071472 0.059850 0.065000
v 0.070850 0.060472 0.000000
v 0.070850 0.060472 0.065000
v 0.070000 0.060700 0.000000
v 0.070000 0.060700 0.065000
v 0.069150 0.060472 0.000000
v 0.069150 0.060472 0.065000
v 0.068528 0.059850 0.000000
v 0.068528 0.059850 0.065000
v 0.068300 0.059000 0.000000
v 0.068300 0.059000 0.065000
v 0.068528 0.058150 0.000000
v 0.068528 0.058150 0.065000
v 0.069150 0.057528 0.000000
v 0.069150 0.057528 0.065000
v 0.070000 0.057300 0.000000
v 0.070000 0.057300 0.065000
v 0.070850 0.057528 0.000000
v 0.070850 0.057528 0.065000
v 0.071472 0.058150 0.000000
v 0.071472 0.058150 0.065000
v 0.070000 0.059000 0.000000
v 0.070000 0.059000 0.065000
v -0.033000 -0.040000 0.050000
v -0.033000 -0.047000 0.050000
v -0.033301 -0.040000 0.052670
v -0.033301 -0.047000 0.052670
v -0.034188 -0.040000 0.055207
v -0.034188 -0.047000 0.055207
v -0.035618 -0.040000 0.057482
v -0.035618 -0.047000 0.057482
v -0.037518 -0.040000 0.059382
v -0.037518 -0.047000 0.059382
v -0.039793 -0.040000 0.060812
v -0.039793 -0.047000 0.060812
v -0.042330 -0.040000 0.061699
v -0.042330 -0.047000 0.061699
v -0.045000 -0.040000 0.062000
v -0.045000 -0.047000 0.062000
v -0.047670 -0.040000 0.061699
v -0.047670 -0.047000 0.061699
v -0.050207 -0.040000 0.060812
v -0.050207 -0.047000 0.060812
v -0.052482 -0.040000 0.059382
v -0.052482 -0.047000 0.059382
v -0.054382 -0.040000 0.057482
v -0.054382 -0.047000 0.057482
v -0.055812 -0.040000 0.055207
v -0.055812 -0.047000 0.055207
v -0.056699 -0.040000 0.052670
v -0.056699 -0.047000 0.052670
v -0.057000 -0.040000 0.050000
v -0.057000 -0.047000 0.050000
v -0.056699 -0.040000 0.047330
v -0.056699 -0.047000 0.047330
v -0.055812 -0.040000 0.044793
v -0.055812 -0.047000 0.044793
v -0.054382 -0.040000 0.042518
v -0.054382 -0.047000 0.042518
v -0.052482 -0.040000 0.040618
v -0.052482 -0.047000 0.040618
v -0.050207 -0.040000 0.039188
v -0.050207 -0.047000 0.039188
v -0.047670 -0.040000 0.038301
v -0.047670 -0.047000 0.038301
v -0.045000 -0.040000 0.038000
v -0.045000 -0.047000 0.038000
v -0.042330 -0.040000 0.038301
v -0.042330 -0.047000 0.038301
v -0.039793 -0.040000 0.039188
v -0.039793 -0.047000 0.039188
v -0.037518 -0.040000 0.040618
v -0.037518 -0.047000 0.040618
v -0.035618 -0.040000 0.042518
v -0.035618 -0.047000 0.042518
v -0.034188 -0.040000 0.044793
v -0.034188 -0.047000 0.044793
v -0.033301 -0.040000 0.047330
v -0.033301 -0.047000 0.047330
v -0.045000 -0.040000 0.050000
v -0.045000 -0.047000 0.050000
v -0.045809 -0.050961 0.049239
v -0.020809 -0.063961 0.073239
v -0.018041 -0.058637 0.073239
v -0.043041 -0.045637 0.049239
v -0.046959 -0.050363 0.050761
v -0.021959 -0.063363 0.074761
v -0.019191 -0.058039 0.074761
v -0.044191 -0.045039 0.050761
v -0.046224 -0.051759 0.049239
v -0.047375 -0.051161 0.050761
v -0.045215 -0.052019 0.050104
v -0.046365 -0.051421 0.051626
v -0.044110 -0.051830 0.050864
v -0.045260 -0.051232 0.052387
v -0.043043 -0.051215 0.051429
v -0.044194 -0.050617 0.052951
v -0.042143 -0.050249 0.051729
v -0.043294 -0.049651 0.053252
v -0.041518 -0.049047 0.051729
v -0.042669 -0.048449 0.053252
v -0.041244 -0.047755 0.051429
v -0.042394 -0.047157 0.052951
v -0.041353 -0.046529 0.050864
v -0.042504 -0.045931 0.052387
v -0.041833 -0.045516 0.050104
v -0.042984 -0.044918 0.051626
v -0.042625 -0.044839 0.049239
v -0.043776 -0.044241 0.050761
v -0.043635 -0.044579 0.048374
v -0.044785 -0.043981 0.049896
v -0.044740 -0.044768 0.047613
v -0.045890 -0.044170 0.049136
v -0.045806 -0.045383 0.047049
v -0.046957 -0.044785 0.048571
v -0.046706 -0.046349 0.046748
v -0.047857 -0.045751 0.048271
v -0.047331 -0.047551 0.046748
v -0.048482 -0.046953 0.048271
v -0.047606 -0.048843 0.047049
v -0.048756 -0.048245 0.048571
v -0.047496 -0.050069 0.047613
v -0.048647 -0.049471 0.049136
v -0.047016 -0.051082 0.048374
v -0.048167 -0.050484 0.049896
v -0.044425 -0.048299 0.049239
v -0.045575 -0.047701 0.050761
v -0.021224 -0.064759 0.073239
v -0.022375 -0.064161 0.074761
v -0.020215 -0.065019 0.074104
v -0.021365 -0.064421 0.075626
v -0.019110 -0.064830 0.074864
v -0.020260 -0.064232 0.076387
v -0.018043 -0.064215 0.075429
v -0.019194 -0.063617 0.076951
v -0.017143 -0.063249 0.075729
v -0.018294 -0.062651 0.077252
v -0.016518 -0.062047 0.075729
v -0.017669 -0.061449 0.077252
v -0.016244 -0.060755 0.075429
v -0.017394 -0.060157 0.076951
v -0.016353 -0.059529 0.074864
v -0.017504 -0.058931 0.076387
v -0.016833 -0.058516 0.074104
v -0.017984 -0.057918 0.075626
v -0.017625 -0.057839 0.073239
v -0.018776 -0.057241 0.074761
v -0.018635 -0.057579 0.072374
v -0.019785 -0.056981 0.073896
v -0.019740 -0.057768 0.071613
v -0.020890 -0.057170 0.073136
v -0.020806 -0.058383 0.071049
v -0.021957 -0.057785 0.072571
v -0.021706 -0.059349 0.070748
v -0.022857 -0.058751 0.072271
v -0.022331 -0.060551 0.070748
v -0.023482 -0.059953 0.072271
v -0.022606 -0.061843 0.071049
v -0.023756 -0.061245 0.072571
v -0.022496 -0.063069 0.071613
v -0.023647 -0.062471 0.073136
v -0.022016 -0.064082 0.072374
v -0.023167 -0.063484 0.073896
v -0.019425 -0.061299 0.073239
v -0.020575 -0.060701 0.074761
v -0.025000 -0.064000 0.075000
v -0.015000 -0.064000 0.075000
v -0.015000 -0.058000 0.075000
v -0.025000 -0.058000 0.075000
v -0.025000 -0.064000 0.081000
v -0.015000 -0.064000 0.081000
v -0.015000 -0.058000 0.081000
v -0.025000 -0.058000 0.081000
v -0.024500 -0.049500 0.026000
v -0.024500 -0.046500 0.026000
v -0.024347 -0.049500 0.027165
v -0.024347 -0.046500 0.027165
v -0.023897 -0.049500 0.028250
v -0.023897 -0.046500 0.028250
v -0.023182 -0.049500 0.029182
v -0.023182 -0.046500 0.029182
v -0.022250 -0.049500 0.029897
v -0.022250 -0.046500 0.029897
v -0.021165 -0.049500 0.030347
v -0.021165 -0.046500 0.030347
v -0.020000 -0.049500 0.030500
v -0.020000 -0.046500 0.030500
v -0.018835 -0.049500 0.030347
v -0.018835 -0.046500 0.030347
v -0.017750 -0.049500 0.029897
v -0.017750 -0.046500 0.029897
v -0.016818 -0.049500 0.029182
v -0.016818 -0.046500 0.029182
v -0.016103 -0.049500 0.028250
v -0.016103 -0.046500 0.028250
v -0.015653 -0.049500 0.027165
v -0.015653 -0.046500 0.027165
v -0.015500 -0.049500 0.026000
v -0.015500 -0.046500 0.026000
v -0.015653 -0.049500 0.024835
v -0.015653 -0.046500 0.024835
v -0.016103 -0.049500 0.023750
v -0.016103 -0.046500 0.023750
v -0.016818 -0.049500 0.022818
v -0.016818 -0.046500 0.022818
v -0.017750 -0.049500 0.022103
v -0.017750 -0.046500 0.022103
v -0.018835 -0.049500 0.021653
v -0.018835 -0.046500 0.021653
v -0.020000 -0.049500 0.021500
v -0.020000 -0.046500 0.021500
v -0.021165 -0.049500 0.021653
v -0.021165 -0.046500 0.021653
v -0.022250 -0.049500 0.022103
v -0.022250 -0.046500 0.022103
v -0.023182 -0.049500 0.022818
v -0.023182 -0.046500 0.022818
v -0.023897 -0.049500 0.023750
v -0.023897 -0.046500 0.023750
v -0.024347 -0.049500 0.024835
v -0.024347 -0.046500 0.024835
v -0.020000 -0.049500 0.026000
v -0.020000 -0.046500 0.026000
v -0.016400 -0.046590 0.025280
v -0.023600 -0.046590 0.025280
v -0.023600 -0.046590 0.026720
v -0.016400 -0.046590 0.026720
v -0.016400 -0.046050 0.025280
v -0.023600 -0.046050 0.025280
v -0.023600 -0.046050 0.026720
v -0.016400 -0.046050 0.026720
v 0.018000 0.047000 -0.008000
v 0.018000 0.067000 -0.008000
v 0.018409 0.047000 -0.004894
v 0.018409 0.067000 -0.004894
v 0.019608 0.047000 -0.002000
v 0.019608 0.067000 -0.002000
v 0.021515 0.047000 0.000485
v 0.021515 0.067000 0.000485
v 0.024000 0.047000 0.002392
v 0.024000 0.067000 0.002392
v 0.026894 0.047000 0.003591
v 0.026894 0.067000 0.003591
v 0.030000 0.047000 0.004000
v 0.030000 0.067000 0.004000
v 0.033106 0.047000 0.003591
v 0.033106 0.067000 0.003591
v 0.036000 0.047000 0.002392
v 0.036000 0.067000 0.002392
v 0.038485 0.047000 0.000485
v 0.038485 0.067000 0.000485
v 0.040392 0.047000 -0.002000
v 0.040392 0.067000 -0.002000
v 0.041591 0.047000 -0.004894
v 0.041591 0.067000 -0.004894
v 0.042000 0.047000 -0.008000
v 0.042000 0.067000 -0.008000
v 0.041591 0.047000 -0.011106
v 0.041591 0.067000 -0.011106
v 0.040392 0.047000 -0.014000
v 0.040392 0.067000 -0.014000
v 0.038485 0.047000 -0.016485
v 0.038485 0.067000 -0.016485
v 0.036000 0.047000 -0.018392
v 0.036000 0.067000 -0.018392
v 0.033106 0.047000 -0.019591
v 0.033106 0.067000 -0.019591
v 0.030000 0.047000 -0.020000
v 0.030000 0.067000 -0.020000
v 0.026894 0.047000 -0.019591
v 0.026894 0.067000 -0.019591
v 0.024000 0.047000 -0.018392
v 0.024000 0.067000 -0.018392
v 0.021515 0.047000 -0.016485
v 0.021515 0.067000 -0.016485
v 0.019608 0.047000 -0.014000
v 0.019608 0.067000 -0.014000
v 0.018409 0.047000 -0.011106
v 0.018409 0.067000 -0.011106
v 0.030000 0.047000 -0.008000
v 0.030000 0.067000 -0.008000
v 0.024719 0.060039 -0.005781
v 0.025094 0.059123 -0.005684
v 0.026000 0.058720 -0.005771
v 0.026906 0.059067 -0.005993
v 0.027281 0.059961 -0.006219
v 0.026906 0.060877 -0.006316
v 0.026000 0.061280 -0.006229
v 0.025094 0.060933 -0.006007
v 0.025020 0.060244 -0.004187
v 0.025433 0.059340 -0.004166
v 0.026319 0.058965 -0.004417
v 0.027160 0.059340 -0.004794
v 0.027463 0.060244 -0.005077
v 0.027050 0.061149 -0.005098
v 0.026163 0.061524 -0.004847
v 0.025322 0.061149 -0.004469
v 0.025940 0.060489 -0.002593
v 0.026336 0.059584 -0.002714
v 0.027083 0.059209 -0.003254
v 0.027744 0.059584 -0.003896
v 0.027932 0.060489 -0.004264
v 0.027536 0.061394 -0.004144
v 0.026789 0.061769 -0.003604
v 0.026128 0.061394 -0.002962
v 0.027350 0.060733 -0.001410
v 0.027680 0.059828 -0.001659
v 0.028198 0.059454 -0.002422
v 0.028600 0.059828 -0.003251
v 0.028650 0.060733 -0.003662
v 0.028320 0.061638 -0.003413
v 0.027802 0.062013 -0.002650
v 0.027400 0.061638 -0.001821
v 0.029080 0.060978 -0.000781
v 0.029305 0.060073 -0.001127
v 0.029531 0.059698 -0.002021
v 0.029624 0.060073 -0.002938
v 0.029531 0.060978 -0.003341
v 0.029306 0.061883 -0.002994
v 0.029080 0.062258 -0.002100
v 0.028987 0.061883 -0.001184
v 0.030920 0.061222 -0.000781
v 0.031013 0.060317 -0.001184
v 0.030920 0.059942 -0.002100
v 0.030694 0.060317 -0.002994
v 0.030469 0.061222 -0.003341
v 0.030376 0.062127 -0.002938
v 0.030469 0.062502 -0.002021
v 0.030695 0.062127 -0.001127
v 0.032650 0.061467 -0.001410
v 0.032600 0.060562 -0.001821
v 0.032198 0.060187 -0.002650
v 0.031680 0.060562 -0.003413
v 0.031350 0.061467 -0.003662
v 0.031400 0.062372 -0.003251
v 0.031802 0.062746 -0.002422
v 0.032320 0.062372 -0.001659
v 0.034060 0.061711 -0.002593
v 0.033872 0.060806 -0.002962
v 0.033211 0.060431 -0.003604
v 0.032464 0.060806 -0.004144
v 0.032068 0.061711 -0.004264
v 0.032256 0.062616 -0.003896
v 0.032917 0.062991 -0.003254
v 0.033664 0.062616 -0.002714
v 0.034980 0.061956 -0.004187
v 0.034678 0.061051 -0.004469
v 0.033837 0.060676 -0.004847
v 0.032950 0.061051 -0.005098
v 0.032537 0.061956 -0.005077
v 0.032840 0.062860 -0.004794
v 0.033681 0.063235 -0.004417
v 0.034567 0.062860 -0.004166
v 0.035300 0.062200 -0.006000
v 0.034919 0.061295 -0.006162
v 0.034000 0.060920 -0.006229
v 0.033081 0.061295 -0.006162
v 0.032700 0.062200 -0.006000
v 0.033081 0.063105 -0.005838
v 0.034000 0.063480 -0.005771
v 0.034919 0.063105 -0.005838
v 0.034980 0.062444 -0.007813
v 0.034567 0.061540 -0.007834
v 0.033681 0.061165 -0.007583
v 0.032840 0.061540 -0.007206
v 0.032537 0.062444 -0.006923
v 0.032950 0.063349 -0.006902
v 0.033837 0.063724 -0.007153
v 0.034678 0.063349 -0.007531
v 0.034060 0.062689 -0.009407
v 0.033664 0.061784 -0.009286
v 0.032917 0.061409 -0.008746
v 0.032256 0.061784 -0.008104
v 0.032068 0.062689 -0.007736
v 0.032464 0.063594 -0.007856
v 0.033211 0.063969 -0.008396
v 0.033872 0.063594 -0.009038
v 0.032650 0.062933 -0.010590
v 0.032320 0.062028 -0.010341
v 0.031802 0.061654 -0.009578
v 0.031400 0.062028 -0.008749
v 0.031350 0.062933 -0.008338
v 0.031680 0.063838 -0.008587
v 0.032198 0.064213 -0.009350
v 0.032600 0.063838 -0.010179
v 0.030920 0.063178 -0.011219
v 0.030695 0.062273 -0.010873
v 0.030469 0.061898 -0.009979
v 0.030376 0.062273 -0.009062
v 0.030469 0.063178 -0.008659
v 0.030694 0.064083 -0.009006
v 0.030920 0.064458 -0.009900
v 0.031013 0.064083 -0.010816
v 0.029080 0.063422 -0.011219
v 0.028987 0.062517 -0.010816
v 0.029080 0.062142 -0.009900
v 0.029306 0.062517 -0.009006
v 0.029531 0.063422 -0.008659
v 0.029624 0.064327 -0.009062
v 0.029531 0.064702 -0.009979
v 0.029305 0.064327 -0.010873
v 0.027350 0.063667 -0.010590
v 0.027400 0.062762 -0.010179
v 0.027802 0.062387 -0.009350
v 0.028320 0.062762 -0.008587
v 0.028650 0.063667 -0.008338
v 0.028600 0.064572 -0.008749
v 0.028198 0.064946 -0.009578
v 0.027680 0.064572 -0.010341
v 0.025940 0.063911 -0.009407
v 0.026128 0.063006 -0.009038
v 0.026789 0.062631 -0.008396
v 0.027536 0.063006 -0.007856
v 0.027932 0.063911 -0.007736
v 0.027744 0.064816 -0.008104
v 0.027083 0.065191 -0.008746
v 0.026336 0.064816 -0.009286
v 0.025020 0.064156 -0.007813
v 0.025322 0.063251 -0.007531
v 0.026163 0.062876 -0.007153
v 0.027050 0.063251 -0.006902
v 0.027463 0.064156 -0.006923
v 0.027160 0.065060 -0.007206
v 0.026319 0.065435 -0.007583
v 0.025433 0.065060 -0.007834
v 0.024700 0.064400 -0.006000
v 0.025081 0.063495 -0.005838
v 0.026000 0.063120 -0.005771
v 0.026919 0.063495 -0.005838
v 0.027300 0.064400 -0.006000
v 0.026919 0.065305 -0.006162
v 0.026000 0.065680 -0.006229
v 0.025081 0.065305 -0.006162
v 0.025020 0.064644 -0.004187
v 0.025433 0.063740 -0.004166
v 0.026319 0.063365 -0.004417
v 0.027160 0.063740 -0.004794
v 0.027463 0.064644 -0.005077
v 0.027050 0.065549 -0.005098
v 0.026163 0.065924 -0.004847
v 0.025322 0.065549 -0.004469
v 0.025940 0.064889 -0.002593
v 0.026336 0.063984 -0.002714
v 0.027083 0.063609 -0.003254
v 0.027744 0.063984 -0.003896
v 0.027932 0.064889 -0.004264
v 0.027536 0.065794 -0.004144
v 0.026789 0.066169 -0.003604
v 0.026128 0.065794 -0.002962
v 0.027350 0.065133 -0.001410
v 0.027680 0.064228 -0.001659
v 0.028198 0.063854 -0.002422
v 0.028600 0.064228 -0.003251
v 0.028650 0.065133 -0.003662
v 0.028320 0.066038 -0.003413
v 0.027802 0.066413 -0.002650
v 0.027400 0.066038 -0.001821
v 0.029080 0.065378 -0.000781
v 0.029305 0.064473 -0.001127
v 0.029531 0.064098 -0.002021
v 0.029624 0.064473 -0.002938
v 0.029531 0.065378 -0.003341
v 0.029306 0.066283 -0.002994
v 0.029080 0.066658 -0.002100
v 0.028987 0.066283 -0.001184
v 0.030920 0.065622 -0.000781
v 0.031013 0.064717 -0.001184
v 0.030920 0.064342 -0.002100
v 0.030694 0.064717 -0.002994
v 0.030469 0.065622 -0.003341
v 0.030376 0.066527 -0.002938
v 0.030469 0.066902 -0.002021
v 0.030695 0.066527 -0.001127
v 0.032650 0.065867 -0.001410
v 0.032600 0.064962 -0.001821
v 0.032198 0.064587 -0.002650
v 0.031680 0.064962 -0.003413
v 0.031350 0.065867 -0.003662
v 0.031400 0.066772 -0.003251
v 0.031802 0.067146 -0.002422
v 0.032320 0.066772 -0.001659
v 0.034060 0.066111 -0.002593
v 0.033872 0.065206 -0.002962
v 0.033211 0.064831 -0.003604
v 0.032464 0.065206 -0.004144
v 0.032068 0.066111 -0.004264
v 0.032256 0.067016 -0.003896
v 0.032917 0.067391 -0.003254
v 0.033664 0.067016 -0.002714
v 0.034980 0.066356 -0.004187
v 0.034678 0.065451 -0.004469
v 0.033837 0.065076 -0.004847
v 0.032950 0.065451 -0.005098
v 0.032537 0.066356 -0.005077
v 0.032840 0.067260 -0.004794
v 0.033681 0.067635 -0.004417
v 0.034567 0.067260 -0.004166
v 0.035300 0.066600 -0.006000
v 0.034919 0.065695 -0.006162
v 0.034000 0.065320 -0.006229
v 0.033081 0.065695 -0.006162
v 0.032700 0.066600 -0.006000
v 0.033081 0.067505 -0.005838
v 0.034000 0.067880 -0.005771
v 0.034919 0.067505 -0.005838
v 0.034980 0.066844 -0.007813
v 0.034567 0.065940 -0.007834
v 0.033681 0.065565 -0.007583
v 0.032840 0.065940 -0.007206
v 0.032537 0.066844 -0.006923
v 0.032950 0.067749 -0.006902
v 0.033837 0.068124 -0.007153
v 0.034678 0.067749 -0.007531
v 0.034060 0.067089 -0.009407
v 0.033664 0.066184 -0.009286
v 0.032917 0.065809 -0.008746
v 0.032256 0.066184 -0.008104
v 0.032068 0.067089 -0.007736
v 0.032464 0.067994 -0.007856
v 0.033211 0.068369 -0.008396
v 0.033872 0.067994 -0.009038
v 0.032650 0.067333 -0.010590
v 0.032320 0.066428 -0.010341
v 0.031802 0.066054 -0.009578
v 0.031400 0.066428 -0.008749
v 0.031350 0.067333 -0.008338
v 0.031680 0.068238 -0.008587
v 0.032198 0.068613 -0.009350
v 0.032600 0.068238 -0.010179
v 0.030920 0.067578 -0.011219
v 0.030695 0.066673 -0.010873
v 0.030469 0.066298 -0.009979
v 0.030376 0.066673 -0.009062
v 0.030469 0.067578 -0.008659
v 0.030694 0.068483 -0.009006
v 0.030920 0.068858 -0.009900
v 0.031013 0.068483 -0.010816
v 0.029080 0.067822 -0.011219
v 0.028987 0.066917 -0.010816
v 0.029080 0.066542 -0.009900
v 0.029306 0.066917 -0.009006
v 0.029531 0.067822 -0.008659
v 0.029624 0.068727 -0.009062
v 0.029531 0.069102 -0.009979
v 0.029305 0.068727 -0.010873
v 0.027350 0.068067 -0.010590
v 0.027400 0.067162 -0.010179
v 0.027802 0.066787 -0.009350
v 0.028320 0.067162 -0.008587
v 0.028650 0.068067 -0.008338
v 0.028600 0.068972 -0.008749
v 0.028198 0.069346 -0.009578
v 0.027680 0.068972 -0.010341
v 0.025940 0.068311 -0.009407
v 0.026128 0.067406 -0.009038
v 0.026789 0.067031 -0.008396
v 0.027536 0.067406 -0.007856
v 0.027932 0.068311 -0.007736
v 0.027744 0.069216 -0.008104
v 0.027083 0.069591 -0.008746
v 0.026336 0.069216 -0.009286
v 0.025020 0.068556 -0.007813
v 0.025322 0.067651 -0.007531
v 0.026163 0.067276 -0.007153
v 0.027050 0.067651 -0.006902
v 0.027463 0.068556 -0.006923
v 0.027160 0.069460 -0.007206
v 0.026319 0.069835 -0.007583
v 0.025433 0.069460 -0.007834
v 0.024700 0.068800 -0.006000
v 0.025081 0.067895 -0.005838
v 0.026000 0.067520 -0.005771
v 0.026919 0.067895 -0.005838
v 0.027300 0.068800 -0.006000
v 0.026919 0.069705 -0.006162
v 0.026000 0.070080 -0.006229
v 0.025081 0.069705 -0.006162
v 0.025020 0.069044 -0.004187
v 0.025433 0.068140 -0.004166
v 0.026319 0.067765 -0.004417
v 0.027160 0.068140 -0.004794
v 0.027463 0.069044 -0.005077
v 0.027050 0.069949 -0.005098
v 0.026163 0.070324 -0.004847
v 0.025322 0.069949 -0.004469
v 0.025940 0.069289 -0.002593
v 0.026336 0.068384 -0.002714
v 0.027083 0.068009 -0.003254
v 0.027744 0.068384 -0.003896
v 0.027932 0.069289 -0.004264
v 0.027536 0.070194 -0.004144
v 0.026789 0.070569 -0.003604
v 0.026128 0.070194 -0.002962
v 0.027350 0.069533 -0.001410
v 0.027680 0.068628 -0.001659
v 0.028198 0.068254 -0.002422
v 0.028600 0.068628 -0.003251
v 0.028650 0.069533 -0.003662
v 0.028320 0.070438 -0.003413
v 0.027802 0.070813 -0.002650
v 0.027400 0.070438 -0.001821
v 0.029080 0.069778 -0.000781
v 0.029305 0.068873 -0.001127
v 0.029531 0.068498 -0.002021
v 0.029624 0.068873 -0.002938
v 0.029531 0.069778 -0.003341
v 0.029306 0.070683 -0.002994
v 0.029080 0.071058 -0.002100
v 0.028987 0.070683 -0.001184
v 0.030920 0.070022 -0.000781
v 0.031013 0.069117 -0.001184
v 0.030920 0.068742 -0.002100
v 0.030694 0.069117 -0.002994
v 0.030469 0.070022 -0.003341
v 0.030376 0.070927 -0.002938
v 0.030469 0.071302 -0.002021
v 0.030695 0.070927 -0.001127
v 0.032650 0.070267 -0.001410
v 0.032600 0.069362 -0.001821
v 0.032198 0.068987 -0.002650
v 0.031680 0.069362 -0.003413
v 0.031350 0.070267 -0.003662
v 0.031400 0.071172 -0.003251
v 0.031802 0.071546 -0.002422
v 0.032320 0.071172 -0.001659
v 0.034060 0.070511 -0.002593
v 0.033872 0.069606 -0.002962
v 0.033211 0.069231 -0.003604
v 0.032464 0.069606 -0.004144
v 0.032068 0.070511 -0.004264
v 0.032256 0.071416 -0.003896
v 0.032917 0.071791 -0.003254
v 0.033664 0.071416 -0.002714
v 0.034980 0.070756 -0.004187
v 0.034678 0.069851 -0.004469
v 0.033837 0.069476 -0.004847
v 0.032950 0.069851 -0.005098
v 0.032537 0.070756 -0.005077
v 0.032840 0.071660 -0.004794
v 0.033681 0.072035 -0.004417
v 0.034567 0.071660 -0.004166
v 0.035300 0.071000 -0.006000
v 0.034919 0.070095 -0.006162
v 0.034000 0.069720 -0.006229
v 0.033081 0.070095 -0.006162
v 0.032700 0.071000 -0.006000
v 0.033081 0.071905 -0.005838
v 0.034000 0.072280 -0.005771
v 0.034919 0.071905 -0.005838
v 0.034980 0.071244 -0.007813
v 0.034567 0.070340 -0.007834
v 0.033681 0.069965 -0.007583
v 0.032840 0.070340 -0.007206
v 0.032537 0.071244 -0.006923
v 0.032950 0.072149 -0.006902
v 0.033837 0.072524 -0.007153
v 0.034678 0.072149 -0.007531
v 0.034060 0.071489 -0.009407
v 0.033664 0.070584 -0.009286
v 0.032917 0.070209 -0.008746
v 0.032256 0.070584 -0.008104
v 0.032068 0.071489 -0.007736
v 0.032464 0.072394 -0.007856
v 0.033211 0.072769 -0.008396
v 0.033872 0.072394 -0.009038
v 0.032650 0.071733 -0.010590
v 0.032320 0.070828 -0.010341
v 0.031802 0.070454 -0.009578
v 0.031400 0.070828 -0.008749
v 0.031350 0.071733 -0.008338
v 0.031680 0.072638 -0.008587
v 0.032198 0.073013 -0.009350
v 0.032600 0.072638 -0.010179
v 0.030920 0.071978 -0.011219
v 0.030695 0.071073 -0.010873
v 0.030469 0.070698 -0.009979
v 0.030376 0.071073 -0.009062
v 0.030469 0.071978 -0.008659
v 0.030694 0.072883 -0.009006
v 0.030920 0.073258 -0.009900
v 0.031013 0.072883 -0.010816
v 0.029080 0.072222 -0.011219
v 0.028987 0.071317 -0.010816
v 0.029080 0.070942 -0.009900
v 0.029306 0.071317 -0.009006
v 0.029531 0.072222 -0.008659
v 0.029624 0.073127 -0.009062
v 0.029531 0.073502 -0.009979
v 0.029305 0.073127 -0.010873
v 0.027350 0.072467 -0.010590
v 0.027400 0.071562 -0.010179
v 0.027802 0.071187 -0.009350
v 0.028320 0.071562 -0.008587
v 0.028650 0.072467 -0.008338
v 0.028600 0.073372 -0.008749
v 0.028198 0.073746 -0.009578
v 0.027680 0.073372 -0.010341
v 0.025940 0.072711 -0.009407
v 0.026128 0.071806 -0.009038
v 0.026789 0.071431 -0.008396
v 0.027536 0.071806 -0.007856
v 0.027932 0.072711 -0.007736
v 0.027744 0.073616 -0.008104
v 0.027083 0.073991 -0.008746
v 0.026336 0.073616 -0.009286
v 0.025020 0.072956 -0.007813
v 0.025322 0.072051 -0.007531
v 0.026163 0.071676 -0.007153
v 0.027050 0.072051 -0.006902
v 0.027463 0.072956 -0.006923
v 0.027160 0.073860 -0.007206
v 0.026319 0.074235 -0.007583
v 0.025433 0.073860 -0.007834
v 0.024700 0.073200 -0.006000
v 0.025081 0.072295 -0.005838
v 0.026000 0.071920 -0.005771
v 0.026919 0.072295 -0.005838
v 0.027300 0.073200 -0.006000
v 0.026919 0.074105 -0.006162
v 0.026000 0.074480 -0.006229
v 0.025081 0.074105 -0.006162
v 0.025020 0.073444 -0.004187
v 0.025433 0.072540 -0.004166
v 0.026319 0.072165 -0.004417
v 0.027160 0.072540 -0.004794
v 0.027463 0.073444 -0.005077
v 0.027050 0.074349 -0.005098
v 0.026163 0.074724 -0.004847
v 0.025322 0.074349 -0.004469
v 0.025940 0.073689 -0.002593
v 0.026336 0.072784 -0.002714
v 0.027083 0.072409 -0.003254
v 0.027744 0.072784 -0.003896
v 0.027932 0.073689 -0.004264
v 0.027536 0.074594 -0.004144
v 0.026789 0.074969 -0.003604
v 0.026128 0.074594 -0.002962
v 0.027350 0.073933 -0.001410
v 0.027680 0.073028 -0.001659
v 0.028198 0.072654 -0.002422
v 0.028600 0.073028 -0.003251
v 0.028650 0.073933 -0.003662
v 0.028320 0.074838 -0.003413
v 0.027802 0.075213 -0.002650
v 0.027400 0.074838 -0.001821
v 0.029080 0.074178 -0.000781
v 0.029305 0.073273 -0.001127
v 0.029531 0.072898 -0.002021
v 0.029624 0.073273 -0.002938
v 0.029531 0.074178 -0.003341
v 0.029306 0.075083 -0.002994
v 0.029080 0.075458 -0.002100
v 0.028987 0.075083 -0.001184
v 0.030920 0.074422 -0.000781
v 0.031013 0.073517 -0.001184
v 0.030920 0.073142 -0.002100
v 0.030694 0.073517 -0.002994
v 0.030469 0.074422 -0.003341
v 0.030376 0.075327 -0.002938
v 0.030469 0.075702 -0.002021
v 0.030695 0.075327 -0.001127
v 0.032650 0.074667 -0.001410
v 0.032600 0.073762 -0.001821
v 0.032198 0.073387 -0.002650
v 0.031680 0.073762 -0.003413
v 0.031350 0.074667 -0.003662
v 0.031400 0.075572 -0.003251
v 0.031802 0.075946 -0.002422
v 0.032320 0.075572 -0.001659
v 0.034060 0.074911 -0.002593
v 0.033872 0.074006 -0.002962
v 0.033211 0.073631 -0.003604
v 0.032464 0.074006 -0.004144
v 0.032068 0.074911 -0.004264
v 0.032256 0.075816 -0.003896
v 0.032917 0.076191 -0.003254
v 0.033664 0.075816 -0.002714
v 0.034980 0.075156 -0.004187
v 0.034678 0.074251 -0.004469
v 0.033837 0.073876 -0.004847
v 0.032950 0.074251 -0.005098
v 0.032537 0.075156 -0.005077
v 0.032840 0.076060 -0.004794
v 0.033681 0.076435 -0.004417
v 0.034567 0.076060 -0.004166
v 0.035300 0.075400 -0.006000
v 0.034919 0.074495 -0.006162
v 0.034000 0.074120 -0.006229
v 0.033081 0.074495 -0.006162
v 0.032700 0.075400 -0.006000
v 0.033081 0.076305 -0.005838
v 0.034000 0.076680 -0.005771
v 0.034919 0.076305 -0.005838
v 0.034980 0.075644 -0.007813
v 0.034567 0.074740 -0.007834
v 0.033681 0.074365 -0.007583
v 0.032840 0.074740 -0.007206
v 0.032537 0.075644 -0.006923
v 0.032950 0.076549 -0.006902
v 0.033837 0.076924 -0.007153
v 0.034678 0.076549 -0.007531
v 0.034060 0.075889 -0.009407
v 0.033664 0.074984 -0.009286
v 0.032917 0.074609 -0.008746
v 0.032256 0.074984 -0.008104
v 0.032068 0.075889 -0.007736
v 0.032464 0.076794 -0.007856
v 0.033211 0.077169 -0.008396
v 0.033872 0.076794 -0.009038
v 0.032650 0.076133 -0.010590
v 0.032320 0.075228 -0.010341
v 0.031802 0.074854 -0.009578
v 0.031400 0.075228 -0.008749
v 0.031350 0.076133 -0.008338
v 0.031680 0.077038 -0.008587
v 0.032198 0.077413 -0.009350
v 0.032600 0.077038 -0.010179
v 0.030920 0.076378 -0.011219
v 0.030695 0.075473 -0.010873
v 0.030469 0.075098 -0.009979
v 0.030376 0.075473 -0.009062
v 0.030469 0.076378 -0.008659
v 0.030694 0.077283 -0.009006
v 0.030920 0.077658 -0.009900
v 0.031013 0.077283 -0.010816
v 0.029080 0.076622 -0.011219
v 0.028987 0.075717 -0.010816
v 0.029080 0.075342 -0.009900
v 0.029306 0.075717 -0.009006
v 0.029531 0.076622 -0.008659
v 0.029624 0.077527 -0.009062
v 0.029531 0.077902 -0.009979
v 0.029305 0.077527 -0.010873
v 0.027350 0.076867 -0.010590
v 0.027400 0.075962 -0.010179
v 0.027802 0.075587 -0.009350
v 0.028320 0.075962 -0.008587
v 0.028650 0.076867 -0.008338
v 0.028600 0.077772 -0.008749
v 0.028198 0.078146 -0.009578
v 0.027680 0.077772 -0.010341
v 0.025940 0.077111 -0.009407
v 0.026128 0.076206 -0.009038
v 0.026789 0.075831 -0.008396
v 0.027536 0.076206 -0.007856
v 0.027932 0.077111 -0.007736
v 0.027744 0.078016 -0.008104
v 0.027083 0.078391 -0.008746
v 0.026336 0.078016 -0.009286
v 0.025020 0.077356 -0.007813
v 0.025322 0.076451 -0.007531
v 0.026163 0.076076 -0.007153
v 0.027050 0.076451 -0.006902
v 0.027463 0.077356 -0.006923
v 0.027160 0.078260 -0.007206
v 0.026319 0.078635 -0.007583
v 0.025433 0.078260 -0.007834
v 0.024700 0.077600 -0.006000
v 0.025081 0.076695 -0.005838
v 0.026000 0.076320 -0.005771
v 0.026919 0.076695 -0.005838
v 0.027300 0.077600 -0.006000
v 0.026919 0.078505 -0.006162
v 0.026000 0.078880 -0.006229
v 0.025081 0.078505 -0.006162
v 0.025020 0.077844 -0.004187
v 0.025433 0.076940 -0.004166
v 0.026319 0.076565 -0.004417
v 0.027160 0.076940 -0.004794
v 0.027463 0.077844 -0.005077
v 0.027050 0.078749 -0.005098
v 0.026163 0.079124 -0.004847
v 0.025322 0.078749 -0.004469
v 0.025940 0.078089 -0.002593
v 0.026336 0.077184 -0.002714
v 0.027083 0.076809 -0.003254
v 0.027744 0.077184 -0.003896
v 0.027932 0.078089 -0.004264
v 0.027536 0.078994 -0.004144
v 0.026789 0.079369 -0.003604
v 0.026128 0.078994 -0.002962
v 0.027350 0.078333 -0.001410
v 0.027680 0.077428 -0.001659
v 0.028198 0.077054 -0.002422
v 0.028600 0.077428 -0.003251
v 0.028650 0.078333 -0.003662
v 0.028320 0.079238 -0.003413
v 0.027802 0.079613 -0.002650
v 0.027400 0.079238 -0.001821
v 0.029080 0.078578 -0.000781
v 0.029305 0.077673 -0.001127
v 0.029531 0.077298 -0.002021
v 0.029624 0.077673 -0.002938
v 0.029531 0.078578 -0.003341
v 0.029306 0.079483 -0.002994
v 0.029080 0.079858 -0.002100
v 0.028987 0.079483 -0.001184
v 0.030920 0.078822 -0.000781
v 0.031013 0.077917 -0.001184
v 0.030920 0.077542 -0.002100
v 0.030694 0.077917 -0.002994
v 0.030469 0.078822 -0.003341
v 0.030376 0.079727 -0.002938
v 0.030469 0.080102 -0.002021
v 0.030695 0.079727 -0.001127
v 0.032650 0.079067 -0.001410
v 0.032600 0.078162 -0.001821
v 0.032198 0.077787 -0.002650
v 0.031680 0.078162 -0.003413
v 0.031350 0.079067 -0.003662
v 0.031400 0.079972 -0.003251
v 0.031802 0.080346 -0.002422
v 0.032320 0.079972 -0.001659
v 0.034060 0.079311 -0.002593
v 0.033872 0.078406 -0.002962
v 0.033211 0.078031 -0.003604
v 0.032464 0.078406 -0.004144
v 0.032068 0.079311 -0.004264
v 0.032256 0.080216 -0.003896
v 0.032917 0.080591 -0.003254
v 0.033664 0.080216 -0.002714
v 0.034980 0.079556 -0.004187
v 0.034678 0.078651 -0.004469
v 0.033837 0.078276 -0.004847
v 0.032950 0.078651 -0.005098
v 0.032537 0.079556 -0.005077
v 0.032840 0.080460 -0.004794
v 0.033681 0.080835 -0.004417
v 0.034567 0.080460 -0.004166
v 0.035300 0.079800 -0.006000
v 0.034919 0.078895 -0.006162
v 0.034000 0.078520 -0.006229
v 0.033081 0.078895 -0.006162
v 0.032700 0.079800 -0.006000
v 0.033081 0.080705 -0.005838
v 0.034000 0.081080 -0.005771
v 0.034919 0.080705 -0.005838
v 0.034980 0.080044 -0.007813
v 0.034567 0.079140 -0.007834
v 0.033681 0.078765 -0.007583
v 0.032840 0.079140 -0.007206
v 0.032537 0.080044 -0.006923
v 0.032950 0.080949 -0.006902
v 0.033837 0.081324 -0.007153
v 0.034678 0.080949 -0.007531
v 0.034060 0.080289 -0.009407
v 0.033664 0.079384 -0.009286
v 0.032917 0.079009 -0.008746
v 0.032256 0.079384 -0.008104
v 0.032068 0.080289 -0.007736
v 0.032464 0.081194 -0.007856
v 0.033211 0.081569 -0.008396
v 0.033872 0.081194 -0.009038
v 0.032650 0.080533 -0.010590
v 0.032320 0.079628 -0.010341
v 0.031802 0.079254 -0.009578
v 0.031400 0.079628 -0.008749
v 0.031350 0.080533 -0.008338
v 0.031680 0.081438 -0.008587
v 0.032198 0.081813 -0.009350
v 0.032600 0.081438 -0.010179
v 0.030920 0.080778 -0.011219
v 0.030695 0.079873 -0.010873
v 0.030469 0.079498 -0.009979
v 0.030376 0.079873 -0.009062
v 0.030469 0.080778 -0.008659
v 0.030694 0.081683 -0.009006
v 0.030920 0.082058 -0.009900
v 0.031013 0.081683 -0.010816
v 0.029080 0.081022 -0.011219
v 0.028987 0.080117 -0.010816
v 0.029080 0.079742 -0.009900
v 0.029306 0.080117 -0.009006
v 0.029531 0.081022 -0.008659
v 0.029624 0.081927 -0.009062
v 0.029531 0.082302 -0.009979
v 0.029305 0.081927 -0.010873
v 0.027350 0.081267 -0.010590
v 0.027400 0.080362 -0.010179
v 0.027802 0.079987 -0.009350
v 0.028320 0.080362 -0.008587
v 0.028650 0.081267 -0.008338
v 0.028600 0.082172 -0.008749
v 0.028198 0.082546 -0.009578
v 0.027680 0.082172 -0.010341
v 0.025940 0.081511 -0.009407
v 0.026128 0.080606 -0.009038
v 0.026789 0.080231 -0.008396
v 0.027536 0.080606 -0.007856
v 0.027932 0.081511 -0.007736
v 0.027744 0.082416 -0.008104
v 0.027083 0.082791 -0.008746
v 0.026336 0.082416 -0.009286
v 0.025020 0.081756 -0.007813
v 0.025322 0.080851 -0.007531
v 0.026163 0.080476 -0.007153
v 0.027050 0.080851 -0.006902
v 0.027463 0.081756 -0.006923
v 0.027160 0.082660 -0.007206
v 0.026319 0.083035 -0.007583
v 0.025433 0.082660 -0.007834
v 0.024719 0.081961 -0.006219
v 0.025094 0.081067 -0.005993
v 0.026000 0.080720 -0.005771
v 0.026906 0.081123 -0.005684
v 0.027281 0.082039 -0.005781
v 0.026906 0.082933 -0.006007
v 0.026000 0.083280 -0.006229
v 0.025094 0.082877 -0.006316
v -0.094000 -0.004600 0.000000
v -0.090000 -0.004600 0.000000
v -0.094000 -0.004937 0.001475
v -0.090000 -0.004937 0.001475
v -0.094000 -0.005880 0.002658
v -0.090000 -0.005880 0.002658
v -0.094000 -0.007243 0.003315
v -0.090000 -0.007243 0.003315
v -0.094000 -0.008757 0.003315
v -0.090000 -0.008757 0.003315
v -0.094000 -0.010120 0.002658
v -0.090000 -0.010120 0.002658
v -0.094000 -0.011063 0.001475
v -0.090000 -0.011063 0.001475
v -0.094000 -0.011400 0.000000
v -0.090000 -0.011400 0.000000
v -0.094000 -0.011063 -0.001475
v -0.090000 -0.011063 -0.001475
v -0.094000 -0.010120 -0.002658
v -0.090000 -0.010120 -0.002658
v -0.094000 -0.008757 -0.003315
v -0.090000 -0.008757 -0.003315
v -0.094000 -0.007243 -0.003315
v -0.090000 -0.007243 -0.003315
v -0.094000 -0.005880 -0.002658
v -0.090000 -0.005880 -0.002658
v -0.094000 -0.004937 -0.001475
v -0.090000 -0.004937 -0.001475
v -0.094000 -0.008000 0.000000
v -0.090000 -0.008000 0.000000
v -0.094000 -0.003950 0.000000
v -0.093382 -0.004399 0.000000
v -0.093618 -0.005126 0.000000
v -0.094382 -0.005126 0.000000
v -0.094618 -0.004399 0.000000
v -0.094000 -0.004351 0.001757
v -0.093382 -0.004756 0.001562
v -0.093618 -0.005410 0.001247
v -0.094382 -0.005410 0.001247
v -0.094618 -0.004756 0.001562
v -0.094000 -0.005475 0.003166
v -0.093382 -0.005755 0.002815
v -0.093618 -0.006208 0.002247
v -0.094382 -0.006208 0.002247
v -0.094618 -0.005755 0.002815
v -0.094000 -0.007099 0.003948
v -0.093382 -0.007199 0.003511
v -0.093618 -0.007360 0.002802
v -0.094382 -0.007360 0.002802
v -0.094618 -0.007199 0.003511
v -0.094000 -0.008901 0.003948
v -0.093382 -0.008801 0.003511
v -0.093618 -0.008640 0.002802
v -0.094382 -0.008640 0.002802
v -0.094618 -0.008801 0.003511
v -0.094000 -0.010525 0.003166
v -0.093382 -0.010245 0.002815
v -0.093618 -0.009792 0.002247
v -0.094382 -0.009792 0.002247
v -0.094618 -0.010245 0.002815
v -0.094000 -0.011649 0.001757
v -0.093382 -0.011244 0.001562
v -0.093618 -0.010590 0.001247
v -0.094382 -0.010590 0.001247
v -0.094618 -0.011244 0.001562
v -0.094000 -0.012050 0.000000
v -0.093382 -0.011601 0.000000
v -0.093618 -0.010874 0.000000
v -0.094382 -0.010874 0.000000
v -0.094618 -0.011601 0.000000
v -0.094000 -0.011649 -0.001757
v -0.093382 -0.011244 -0.001562
v -0.093618 -0.010590 -0.001247
v -0.094382 -0.010590 -0.001247
v -0.094618 -0.011244 -0.001562
v -0.094000 -0.010525 -0.003166
v -0.093382 -0.010245 -0.002815
v -0.093618 -0.009792 -0.002247
v -0.094382 -0.009792 -0.002247
v -0.094618 -0.010245 -0.002815
v -0.094000 -0.008901 -0.003948
v -0.093382 -0.008801 -0.003511
v -0.093618 -0.008640 -0.002802
v -0.094382 -0.008640 -0.002802
v -0.094618 -0.008801 -0.003511
v -0.094000 -0.007099 -0.003948
v -0.093382 -0.007199 -0.003511
v -0.093618 -0.007360 -0.002802
v -0.094382 -0.007360 -0.002802
v -0.094618 -0.007199 -0.003511
v -0.094000 -0.005475 -0.003166
v -0.093382 -0.005755 -0.002815
v -0.093618 -0.006208 -0.002247
v -0.094382 -0.006208 -0.002247
v -0.094618 -0.005755 -0.002815
v -0.094000 -0.004351 -0.001757
v -0.093382 -0.004756 -0.001562
v -0.093618 -0.005410 -0.001247
v -0.094382 -0.005410 -0.001247
v -0.094618 -0.004756 -0.001562
v -0.094000 0.011400 0.000000
v -0.090000 0.011400 0.000000
v -0.094000 0.011063 0.001475
v -0.090000 0.011063 0.001475
v -0.094000 0.010120 0.002658
v -0.090000 0.010120 0.002658
v -0.094000 0.008757 0.003315
v -0.090000 0.008757 0.003315
v -0.094000 0.007243 0.003315
v -0.090000 0.007243 0.003315
v -0.094000 0.005880 0.002658
v -0.090000 0.005880 0.002658
v -0.094000 0.004937 0.001475
v -0.090000 0.004937 0.001475
v -0.094000 0.004600 0.000000
v -0.090000 0.004600 0.000000
v -0.094000 0.004937 -0.001475
v -0.090000 0.004937 -0.001475
v -0.094000 0.005880 -0.002658
v -0.090000 0.005880 -0.002658
v -0.094000 0.007243 -0.003315
v -0.090000 0.007243 -0.003315
v -0.094000 0.008757 -0.003315
v -0.090000 0.008757 -0.003315
v -0.094000 0.010120 -0.002658
v -0.090000 0.010120 -0.002658
v -0.094000 0.011063 -0.001475
v -0.090000 0.011063 -0.001475
v -0.094000 0.008000 0.000000
v -0.090000 0.008000 0.000000
v -0.094000 0.012050 0.000000
v -0.093382 0.011601 0.000000
v -0.093618 0.010874 0.000000
v -0.094382 0.010874 0.000000
v -0.094618 0.011601 0.000000
v -0.094000 0.011649 0.001757
v -0.093382 0.011244 0.001562
v -0.093618 0.010590 0.001247
v -0.094382 0.010590 0.001247
v -0.094618 0.011244 0.001562
v -0.094000 0.010525 0.003166
v -0.093382 0.010245 0.002815
v -0.093618 0.009792 0.002247
v -0.094382 0.009792 0.002247
v -0.094618 0.010245 0.002815
v -0.094000 0.008901 0.003948
v -0.093382 0.008801 0.003511
v -0.093618 0.008640 0.002802
v -0.094382 0.008640 0.002802
v -0.094618 0.008801 0.003511
v -0.094000 0.007099 0.003948
v -0.093382 0.007199 0.003511
v -0.093618 0.007360 0.002802
v -0.094382 0.007360 0.002802
v -0.094618 0.007199 0.003511
v -0.094000 0.005475 0.003166
v -0.093382 0.005755 0.002815
v -0.093618 0.006208 0.002247
v -0.094382 0.006208 0.002247
v -0.094618 0.005755 0.002815
v -0.094000 0.004351 0.001757
v -0.093382 0.004756 0.001562
v -0.093618 0.005410 0.001247
v -0.094382 0.005410 0.001247
v -0.094618 0.004756 0.001562
v -0.094000 0.003950 0.000000
v -0.093382 0.004399 0.000000
v -0.093618 0.005126 0.000000
v -0.094382 0.005126 0.000000
v -0.094618 0.004399 0.000000
v -0.094000 0.004351 -0.001757
v -0.093382 0.004756 -0.001562
v -0.093618 0.005410 -0.001247
v -0.094382 0.005410 -0.001247
v -0.094618 0.004756 -0.001562
v -0.094000 0.005475 -0.003166
v -0.093382 0.005755 -0.002815
v -0.093618 0.006208 -0.002247
v -0.094382 0.006208 -0.002247
v -0.094618 0.005755 -0.002815
v -0.094000 0.007099 -0.003948
v -0.093382 0.007199 -0.003511
v -0.093618 0.007360 -0.002802
v -0.094382 0.007360 -0.002802
v -0.094618 0.007199 -0.003511
v -0.094000 0.008901 -0.003948
v -0.093382 0.008801 -0.003511
v -0.093618 0.008640 -0.002802
v -0.094382 0.008640 -0.002802
v -0.094618 0.008801 -0.003511
v -0.094000 0.010525 -0.003166
v -0.093382 0.010245 -0.002815
v -0.093618 0.009792 -0.002247
v -0.094382 0.009792 -0.002247
v -0.094618 0.010245 -0.002815
v -0.094000 0.011649 -0.001757
v -0.093382 0.011244 -0.001562
v -0.093618 0.010590 -0.001247
v -0.094382 0.010590 -0.001247
v -0.094618 0.011244 -0.001562
v -0.012000 -0.036000 0.037000
v -0.013000 -0.047000 0.037000
v -0.015500 -0.036000 0.037000
v -0.016000 -0.047000 0.037000
v -0.012362 -0.036000 0.039052
v -0.013302 -0.047000 0.038710
v -0.015651 -0.036000 0.037855
v -0.016121 -0.047000 0.037684
v -0.013404 -0.036000 0.040857
v -0.014170 -0.047000 0.040214
v -0.016085 -0.036000 0.038607
v -0.016468 -0.047000 0.038286
v -0.015000 -0.036000 0.042196
v -0.015500 -0.047000 0.041330
v -0.016750 -0.036000 0.039165
v -0.017000 -0.047000 0.038732
v -0.016958 -0.036000 0.042909
v -0.017132 -0.047000 0.041924
v -0.017566 -0.036000 0.039462
v -0.017653 -0.047000 0.038970
v -0.019042 -0.036000 0.042909
v -0.018868 -0.047000 0.041924
v -0.018434 -0.036000 0.039462
v -0.018347 -0.047000 0.038970
v -0.021000 -0.036000 0.042196
v -0.020500 -0.047000 0.041330
v -0.019250 -0.036000 0.039165
v -0.019000 -0.047000 0.038732
v -0.022596 -0.036000 0.040857
v -0.021830 -0.047000 0.040214
v -0.019915 -0.036000 0.038607
v -0.019532 -0.047000 0.038286
v -0.023638 -0.036000 0.039052
v -0.022698 -0.047000 0.038710
v -0.020349 -0.036000 0.037855
v -0.019879 -0.047000 0.037684
v -0.024000 -0.036000 0.037000
v -0.023000 -0.047000 0.037000
v -0.020500 -0.036000 0.037000
v -0.020000 -0.047000 0.037000
v -0.023638 -0.036000 0.034948
v -0.022698 -0.047000 0.035290
v -0.020349 -0.036000 0.036145
v -0.019879 -0.047000 0.036316
v -0.022596 -0.036000 0.033143
v -0.021830 -0.047000 0.033786
v -0.019915 -0.036000 0.035393
v -0.019532 -0.047000 0.035714
v -0.021000 -0.036000 0.031804
v -0.020500 -0.047000 0.032670
v -0.019250 -0.036000 0.034835
v -0.019000 -0.047000 0.035268
v -0.019042 -0.036000 0.031091
v -0.018868 -0.047000 0.032076
v -0.018434 -0.036000 0.034538
v -0.018347 -0.047000 0.035030
v -0.016958 -0.036000 0.031091
v -0.017132 -0.047000 0.032076
v -0.017566 -0.036000 0.034538
v -0.017653 -0.047000 0.035030
v -0.015000 -0.036000 0.031804
v -0.015500 -0.047000 0.032670
v -0.016750 -0.036000 0.034835
v -0.017000 -0.047000 0.035268
v -0.013404 -0.036000 0.033143
v -0.014170 -0.047000 0.033786
v -0.016085 -0.036000 0.035393
v -0.016468 -0.047000 0.035714
v -0.012362 -0.036000 0.034948
v -0.013302 -0.047000 0.035290
v -0.015651 -0.036000 0.036145
v -0.016121 -0.047000 0.036316
v 0.024000 -0.036000 0.050000
v 0.023000 -0.047000 0.050000
v 0.020500 -0.036000 0.050000
v 0.020000 -0.047000 0.050000
v 0.023638 -0.036000 0.052052
v 0.022698 -0.047000 0.051710
v 0.020349 -0.036000 0.050855
v 0.019879 -0.047000 0.050684
v 0.022596 -0.036000 0.053857
v 0.021830 -0.047000 0.053214
v 0.019915 -0.036000 0.051607
v 0.019532 -0.047000 0.051286
v 0.021000 -0.036000 0.055196
v 0.020500 -0.047000 0.054330
v 0.019250 -0.036000 0.052165
v 0.019000 -0.047000 0.051732
v 0.019042 -0.036000 0.055909
v 0.018868 -0.047000 0.054924
v 0.018434 -0.036000 0.052462
v 0.018347 -0.047000 0.051970
v 0.016958 -0.036000 0.055909
v 0.017132 -0.047000 0.054924
v 0.017566 -0.036000 0.052462
v 0.017653 -0.047000 0.051970
v 0.015000 -0.036000 0.055196
v 0.015500 -0.047000 0.054330
v 0.016750 -0.036000 0.052165
v 0.017000 -0.047000 0.051732
v 0.013404 -0.036000 0.053857
v 0.014170 -0.047000 0.053214
v 0.016085 -0.036000 0.051607
v 0.016468 -0.047000 0.051286
v 0.012362 -0.036000 0.052052
v 0.013302 -0.047000 0.051710
v 0.015651 -0.036000 0.050855
v 0.016121 -0.047000 0.050684
v 0.012000 -0.036000 0.050000
v 0.013000 -0.047000 0.050000
v 0.015500 -0.036000 0.050000
v 0.016000 -0.047000 0.050000
v 0.012362 -0.036000 0.047948
v 0.013302 -0.047000 0.048290
v 0.015651 -0.036000 0.049145
v 0.016121 -0.047000 0.049316
v 0.013404 -0.036000 0.046143
v 0.014170 -0.047000 0.046786
v 0.016085 -0.036000 0.048393
v 0.016468 -0.047000 0.048714
v 0.015000 -0.036000 0.044804
v 0.015500 -0.047000 0.045670
v 0.016750 -0.036000 0.047835
v 0.017000 -0.047000 0.048268
v 0.016958 -0.036000 0.044091
v 0.017132 -0.047000 0.045076
v 0.017566 -0.036000 0.047538
v 0.017653 -0.047000 0.048030
v 0.019042 -0.036000 0.044091
v 0.018868 -0.047000 0.045076
v 0.018434 -0.036000 0.047538
v 0.018347 -0.047000 0.048030
v 0.021000 -0.036000 0.044804
v 0.020500 -0.047000 0.045670
v 0.019250 -0.036000 0.047835
v 0.019000 -0.047000 0.048268
v 0.022596 -0.036000 0.046143
v 0.021830 -0.047000 0.046786
v 0.019915 -0.036000 0.048393
v 0.019532 -0.047000 0.048714
v 0.023638 -0.036000 0.047948
v 0.022698 -0.047000 0.048290
v 0.020349 -0.036000 0.049145
v 0.019879 -0.047000 0.049316
v 0.048000 -0.034000 -0.003000
v 0.047000 -0.045000 -0.003000
v 0.044500 -0.034000 -0.003000
v 0.044000 -0.045000 -0.003000
v 0.047638 -0.034000 -0.000948
v 0.046698 -0.045000 -0.001290
v 0.044349 -0.034000 -0.002145
v 0.043879 -0.045000 -0.002316
v 0.046596 -0.034000 0.000857
v 0.045830 -0.045000 0.000214
v 0.043915 -0.034000 -0.001393
v 0.043532 -0.045000 -0.001714
v 0.045000 -0.034000 0.002196
v 0.044500 -0.045000 0.001330
v 0.043250 -0.034000 -0.000835
v 0.043000 -0.045000 -0.001268
v 0.043042 -0.034000 0.002909
v 0.042868 -0.045000 0.001924
v 0.042434 -0.034000 -0.000538
v 0.042347 -0.045000 -0.001030
v 0.040958 -0.034000 0.002909
v 0.041132 -0.045000 0.001924
v 0.041566 -0.034000 -0.000538
v 0.041653 -0.045000 -0.001030
v 0.039000 -0.034000 0.002196
v 0.039500 -0.045000 0.001330
v 0.040750 -0.034000 -0.000835
v 0.041000 -0.045000 -0.001268
v 0.037404 -0.034000 0.000857
v 0.038170 -0.045000 0.000214
v 0.040085 -0.034000 -0.001393
v 0.040468 -0.045000 -0.001714
v 0.036362 -0.034000 -0.000948
v 0.037302 -0.045000 -0.001290
v 0.039651 -0.034000 -0.002145
v 0.040121 -0.045000 -0.002316
v 0.036000 -0.034000 -0.003000
v 0.037000 -0.045000 -0.003000
v 0.039500 -0.034000 -0.003000
v 0.040000 -0.045000 -0.003000
v 0.036362 -0.034000 -0.005052
v 0.037302 -0.045000 -0.004710
v 0.039651 -0.034000 -0.003855
v 0.040121 -0.045000 -0.003684
v 0.037404 -0.034000 -0.006857
v 0.038170 -0.045000 -0.006214
v 0.040085 -0.034000 -0.004607
v 0.040468 -0.045000 -0.004286
v 0.039000 -0.034000 -0.008196
v 0.039500 -0.045000 -0.007330
v 0.040750 -0.034000 -0.005165
v 0.041000 -0.045000 -0.004732
v 0.040958 -0.034000 -0.008909
v 0.041132 -0.045000 -0.007924
v 0.041566 -0.034000 -0.005462
v 0.041653 -0.045000 -0.004970
v 0.043042 -0.034000 -0.008909
v 0.042868 -0.045000 -0.007924
v 0.042434 -0.034000 -0.005462
v 0.042347 -0.045000 -0.004970
v 0.045000 -0.034000 -0.008196
v 0.044500 -0.045000 -0.007330
v 0.043250 -0.034000 -0.005165
v 0.043000 -0.045000 -0.004732
v 0.046596 -0.034000 -0.006857
v 0.045830 -0.045000 -0.006214
v 0.043915 -0.034000 -0.004607
v 0.043532 -0.045000 -0.004286
v 0.047638 -0.034000 -0.005052
v 0.046698 -0.045000 -0.004710
v 0.044349 -0.034000 -0.003855
v 0.043879 -0.045000 -0.003684
v -0.006000 0.037000 0.056000
v -0.005000 0.048000 0.056000
v -0.002500 0.037000 0.056000
v -0.002000 0.048000 0.056000
v -0.005638 0.037000 0.058052
v -0.004698 0.048000 0.057710
v -0.002349 0.037000 0.056855
v -0.001879 0.048000 0.056684
v -0.004596 0.037000 0.059857
v -0.003830 0.048000 0.059214
v -0.001915 0.037000 0.057607
v -0.001532 0.048000 0.057286
v -0.003000 0.037000 0.061196
v -0.002500 0.048000 0.060330
v -0.001250 0.037000 0.058165
v -0.001000 0.048000 0.057732
v -0.001042 0.037000 0.061909
v -0.000868 0.048000 0.060924
v -0.000434 0.037000 0.058462
v -0.000347 0.048000 0.057970
v 0.001042 0.037000 0.061909
v 0.000868 0.048000 0.060924
v 0.000434 0.037000 0.058462
v 0.000347 0.048000 0.057970
v 0.003000 0.037000 0.061196
v 0.002500 0.048000 0.060330
v 0.001250 0.037000 0.058165
v 0.001000 0.048000 0.057732
v 0.004596 0.037000 0.059857
v 0.003830 0.048000 0.059214
v 0.001915 0.037000 0.057607
v 0.001532 0.048000 0.057286
v 0.005638 0.037000 0.058052
v 0.004698 0.048000 0.057710
v 0.002349 0.037000 0.056855
v 0.001879 0.048000 0.056684
v 0.006000 0.037000 0.056000
v 0.005000 0.048000 0.056000
v 0.002500 0.037000 0.056000
v 0.002000 0.048000 0.056000
v 0.005638 0.037000 0.053948
v 0.004698 0.048000 0.054290
v 0.002349 0.037000 0.055145
v 0.001879 0.048000 0.055316
v 0.004596 0.037000 0.052143
v 0.003830 0.048000 0.052786
v 0.001915 0.037000 0.054393
v 0.001532 0.048000 0.054714
v 0.003000 0.037000 0.050804
v 0.002500 0.048000 0.051670
v 0.001250 0.037000 0.053835
v 0.001000 0.048000 0.054268
v 0.001042 0.037000 0.050091
v 0.000868 0.048000 0.051076
v 0.000434 0.037000 0.053538
v 0.000347 0.048000 0.054030
v -0.001042 0.037000 0.050091
v -0.000868 0.048000 0.051076
v -0.000434 0.037000 0.053538
v -0.000347 0.048000 0.054030
v -0.003000 0.037000 0.050804
v -0.002500 0.048000 0.051670
v -0.001250 0.037000 0.053835
v -0.001000 0.048000 0.054268
v -0.004596 0.037000 0.052143
v -0.003830 0.048000 0.052786
v -0.001915 0.037000 0.054393
v -0.001532 0.048000 0.054714
v -0.005638 0.037000 0.053948
v -0.004698 0.048000 0.054290
v -0.002349 0.037000 0.055145
v -0.001879 0.048000 0.055316
v 0.029200 0.000000 0.067000
v 0.028600 0.000000 0.068039
v 0.027400 0.000000 0.068039
v 0.026800 0.000000 0.067000
v 0.027400 0.000000 0.065961
v 0.028600 0.000000 0.065961
v 0.028933 0.004072 0.067000
v 0.028338 0.003994 0.068039
v 0.027148 0.003837 0.068039
v 0.026554 0.003759 0.067000
v 0.027148 0.003837 0.065961
v 0.028338 0.003994 0.065961
v 0.028137 0.008075 0.067000
v 0.027557 0.007920 0.068039
v 0.026398 0.007609 0.068039
v 0.025819 0.007454 0.067000
v 0.026398 0.007609 0.065961
v 0.027557 0.007920 0.065961
v 0.026825 0.011940 0.067000
v 0.026271 0.011710 0.068039
v 0.025162 0.011251 0.068039
v 0.024608 0.011021 0.067000
v 0.025162 0.011251 0.065961
v 0.026271 0.011710 0.065961
v 0.025020 0.015600 0.067000
v 0.024500 0.015300 0.068039
v 0.023461 0.014700 0.068039
v 0.022942 0.014400 0.067000
v 0.023461 0.014700 0.065961
v 0.024500 0.015300 0.065961
v 0.022753 0.018993 0.067000
v 0.022277 0.018628 0.068039
v 0.021325 0.017898 0.068039
v 0.020849 0.017532 0.067000
v 0.021325 0.017898 0.065961
v 0.022277 0.018628 0.065961
v 0.020062 0.022062 0.067000
v 0.019637 0.021637 0.068039
v 0.018789 0.020789 0.068039
v 0.018365 0.020365 0.067000
v 0.018789 0.020789 0.065961
v 0.019637 0.021637 0.065961
v 0.016993 0.024753 0.067000
v 0.016628 0.024277 0.068039
v 0.015898 0.023325 0.068039
v 0.015532 0.022849 0.067000
v 0.015898 0.023325 0.065961
v 0.016628 0.024277 0.065961
v 0.013600 0.027020 0.067000
v 0.013300 0.026500 0.068039
v 0.012700 0.025461 0.068039
v 0.012400 0.024942 0.067000
v 0.012700 0.025461 0.065961
v 0.013300 0.026500 0.065961
v 0.009940 0.028825 0.067000
v 0.009710 0.028271 0.068039
v 0.009251 0.027162 0.068039
v 0.009021 0.026608 0.067000
v 0.009251 0.027162 0.065961
v 0.009710 0.028271 0.065961
v 0.006075 0.030137 0.067000
v 0.005920 0.029557 0.068039
v 0.005609 0.028398 0.068039
v 0.005454 0.027819 0.067000
v 0.005609 0.028398 0.065961
v 0.005920 0.029557 0.065961
v 0.002072 0.030933 0.067000
v 0.001994 0.030338 0.068039
v 0.001837 0.029148 0.068039
v 0.001759 0.028554 0.067000
v 0.001837 0.029148 0.065961
v 0.001994 0.030338 0.065961
v -0.002000 0.031200 0.067000
v -0.002000 0.030600 0.068039
v -0.002000 0.029400 0.068039
v -0.002000 0.028800 0.067000
v -0.002000 0.029400 0.065961
v -0.002000 0.030600 0.065961
v -0.006072 0.030933 0.067000
v -0.005994 0.030338 0.068039
v -0.005837 0.029148 0.068039
v -0.005759 0.028554 0.067000
v -0.005837 0.029148 0.065961
v -0.005994 0.030338 0.065961
v -0.010075 0.030137 0.067000
v -0.009920 0.029557 0.068039
v -0.009609 0.028398 0.068039
v -0.009454 0.027819 0.067000
v -0.009609 0.028398 0.065961
v -0.009920 0.029557 0.065961
v -0.013940 0.028825 0.067000
v -0.013710 0.028271 0.068039
v -0.013251 0.027162 0.068039
v -0.013021 0.026608 0.067000
v -0.013251 0.027162 0.065961
v -0.013710 0.028271 0.065961
v -0.017600 0.027020 0.067000
v -0.017300 0.026500 0.068039
v -0.016700 0.025461 0.068039
v -0.016400 0.024942 0.067000
v -0.016700 0.025461 0.065961
v -0.017300 0.026500 0.065961
v -0.020993 0.024753 0.067000
v -0.020628 0.024277 0.068039
v -0.019898 0.023325 0.068039
v -0.019532 0.022849 0.067000
v -0.019898 0.023325 0.065961
v -0.020628 0.024277 0.065961
v -0.024062 0.022062 0.067000
v -0.023637 0.021637 0.068039
v -0.022789 0.020789 0.068039
v -0.022365 0.020365 0.067000
v -0.022789 0.020789 0.065961
v -0.023637 0.021637 0.065961
v -0.026753 0.018993 0.067000
v -0.026277 0.018628 0.068039
v -0.025325 0.017898 0.068039
v -0.024849 0.017532 0.067000
v -0.025325 0.017898 0.065961
v -0.026277 0.018628 0.065961
v -0.029020 0.015600 0.067000
v -0.028500 0.015300 0.068039
v -0.027461 0.014700 0.068039
v -0.026942 0.014400 0.067000
v -0.027461 0.014700 0.065961
v -0.028500 0.015300 0.065961
v -0.030825 0.011940 0.067000
v -0.030271 0.011710 0.068039
v -0.029162 0.011251 0.068039
v -0.028608 0.011021 0.067000
v -0.029162 0.011251 0.065961
v -0.030271 0.011710 0.065961
v -0.032137 0.008075 0.067000
v -0.031557 0.007920 0.068039
v -0.030398 0.007609 0.068039
v -0.029819 0.007454 0.067000
v -0.030398 0.007609 0.065961
v -0.031557 0.007920 0.065961
v -0.032933 0.004072 0.067000
v -0.032338 0.003994 0.068039
v -0.031148 0.003837 0.068039
v -0.030554 0.003759 0.067000
v -0.031148 0.003837 0.065961
v -0.032338 0.003994 0.065961
v -0.033200 0.000000 0.067000
v -0.032600 0.000000 0.068039
v -0.031400 0.000000 0.068039
v -0.030800 0.000000 0.067000
v -0.031400 0.000000 0.065961
v -0.032600 0.000000 0.065961
v -0.032933 -0.004072 0.067000
v -0.032338 -0.003994 0.068039
v -0.031148 -0.003837 0.068039
v -0.030554 -0.003759 0.067000
v -0.031148 -0.003837 0.065961
v -0.032338 -0.003994 0.065961
v -0.032137 -0.008075 0.067000
v -0.031557 -0.007920 0.068039
v -0.030398 -0.007609 0.068039
v -0.029819 -0.007454 0.067000
v -0.030398 -0.007609 0.065961
v -0.031557 -0.007920 0.065961
v -0.030825 -0.011940 0.067000
v -0.030271 -0.011710 0.068039
v -0.029162 -0.011251 0.068039
v -0.028608 -0.011021 0.067000
v -0.029162 -0.011251 0.065961
v -0.030271 -0.011710 0.065961
v -0.029020 -0.015600 0.067000
v -0.028500 -0.015300 0.068039
v -0.027461 -0.014700 0.068039
v -0.026942 -0.014400 0.067000
v -0.027461 -0.014700 0.065961
v -0.028500 -0.015300 0.065961
v -0.026753 -0.018993 0.067000
v -0.026277 -0.018628 0.068039
v -0.025325 -0.017898 0.068039
v -0.024849 -0.017532 0.067000
v -0.025325 -0.017898 0.065961
v -0.026277 -0.018628 0.065961
v -0.024062 -0.022062 0.067000
v -0.023637 -0.021637 0.068039
v -0.022789 -0.020789 0.068039
v -0.022365 -0.020365 0.067000
v -0.022789 -0.020789 0.065961
v -0.023637 -0.021637 0.065961
v -0.020993 -0.024753 0.067000
v -0.020628 -0.024277 0.068039
v -0.019898 -0.023325 0.068039
v -0.019532 -0.022849 0.067000
v -0.019898 -0.023325 0.065961
v -0.020628 -0.024277 0.065961
v -0.017600 -0.027020 0.067000
v -0.017300 -0.026500 0.068039
v -0.016700 -0.025461 0.068039
v -0.016400 -0.024942 0.067000
v -0.016700 -0.025461 0.065961
v -0.017300 -0.026500 0.065961
v -0.013940 -0.028825 0.067000
v -0.013710 -0.028271 0.068039
v -0.013251 -0.027162 0.068039
v -0.013021 -0.026608 0.067000
v -0.013251 -0.027162 0.065961
v -0.013710 -0.028271 0.065961
v -0.010075 -0.030137 0.067000
v -0.009920 -0.029557 0.068039
v -0.009609 -0.028398 0.068039
v -0.009454 -0.027819 0.067000
v -0.009609 -0.028398 0.065961
v -0.009920 -0.029557 0.065961
v -0.006072 -0.030933 0.067000
v -0.005994 -0.030338 0.068039
v -0.005837 -0.029148 0.068039
v -0.005759 -0.028554 0.067000
v -0.005837 -0.029148 0.065961
v -0.005994 -0.030338 0.065961
v -0.002000 -0.031200 0.067000
v -0.002000 -0.030600 0.068039
v -0.002000 -0.029400 0.068039
v -0.002000 -0.028800 0.067000
v -0.002000 -0.029400 0.065961
v -0.002000 -0.030600 0.065961
v 0.002072 -0.030933 0.067000
v 0.001994 -0.030338 0.068039
v 0.001837 -0.029148 0.068039
v 0.001759 -0.028554 0.067000
v 0.001837 -0.029148 0.065961
v 0.001994 -0.030338 0.065961
v 0.006075 -0.030137 0.067000
v 0.005920 -0.029557 0.068039
v 0.005609 -0.028398 0.068039
v 0.005454 -0.027819 0.067000
v 0.005609 -0.028398 0.065961
v 0.005920 -0.029557 0.065961
v 0.009940 -0.028825 0.067000
v 0.009710 -0.028271 0.068039
v 0.009251 -0.027162 0.068039
v 0.009021 -0.026608 0.067000
v 0.009251 -0.027162 0.065961
v 0.009710 -0.028271 0.065961
v 0.013600 -0.027020 0.067000
v 0.013300 -0.026500 0.068039
v 0.012700 -0.025461 0.068039
v 0.012400 -0.024942 0.067000
v 0.012700 -0.025461 0.065961
v 0.013300 -0.026500 0.065961
v 0.016993 -0.024753 0.067000
v 0.016628 -0.024277 0.068039
v 0.015898 -0.023325 0.068039
v 0.015532 -0.022849 0.067000
v 0.015898 -0.023325 0.065961
v 0.016628 -0.024277 0.065961
v 0.020062 -0.022062 0.067000
v 0.019637 -0.021637 0.068039
v 0.018789 -0.020789 0.068039
v 0.018365 -0.020365 0.067000
v 0.018789 -0.020789 0.065961
v 0.019637 -0.021637 0.065961
v 0.022753 -0.018993 0.067000
v 0.022277 -0.018628 0.068039
v 0.021325 -0.017898 0.068039
v 0.020849 -0.017532 0.067000
v 0.021325 -0.017898 0.065961
v 0.022277 -0.018628 0.065961
v 0.025020 -0.015600 0.067000
v 0.024500 -0.015300 0.068039
v 0.023461 -0.014700 0.068039
v 0.022942 -0.014400 0.067000
v 0.023461 -0.014700 0.065961
v 0.024500 -0.015300 0.065961
v 0.026825 -0.011940 0.067000
v 0.026271 -0.011710 0.068039
v 0.025162 -0.011251 0.068039
v 0.024608 -0.011021 0.067000
v 0.025162 -0.011251 0.065961
v 0.026271 -0.011710 0.065961
v 0.028137 -0.008075 0.067000
v 0.027557 -0.007920 0.068039
v 0.026398 -0.007609 0.068039
v 0.025819 -0.007454 0.067000
v 0.026398 -0.007609 0.065961
v 0.027557 -0.007920 0.065961
v 0.028933 -0.004072 0.067000
v 0.028338 -0.003994 0.068039
v 0.027148 -0.003837 0.068039
v 0.026554 -0.003759 0.067000
v 0.027148 -0.003837 0.065961
v 0.028338 -0.003994 0.065961
v 0.029200 0.000000 0.074000
v 0.028600 0.000000 0.075039
v 0.027400 0.000000 0.075039
v 0.026800 0.000000 0.074000
v 0.027400 0.000000 0.072961
v 0.028600 0.000000 0.072961
v 0.028933 0.004072 0.074000
v 0.028338 0.003994 0.075039
v 0.027148 0.003837 0.075039
v 0.026554 0.003759 0.074000
v 0.027148 0.003837 0.072961
v 0.028338 0.003994 0.072961
v 0.028137 0.008075 0.074000
v 0.027557 0.007920 0.075039
v 0.026398 0.007609 0.075039
v 0.025819 0.007454 0.074000
v 0.026398 0.007609 0.072961
v 0.027557 0.007920 0.072961
v 0.026825 0.011940 0.074000
v 0.026271 0.011710 0.075039
v 0.025162 0.011251 0.075039
v 0.024608 0.011021 0.074000
v 0.025162 0.011251 0.072961
v 0.026271 0.011710 0.072961
v 0.025020 0.015600 0.074000
v 0.024500 0.015300 0.075039
v 0.023461 0.014700 0.075039
v 0.022942 0.014400 0.074000
v 0.023461 0.014700 0.072961
v 0.024500 0.015300 0.072961
v 0.022753 0.018993 0.074000
v 0.022277 0.018628 0.075039
v 0.021325 0.017898 0.075039
v 0.020849 0.017532 0.074000
v 0.021325 0.017898 0.072961
v 0.022277 0.018628 0.072961
v 0.020062 0.022062 0.074000
v 0.019637 0.021637 0.075039
v 0.018789 0.020789 0.075039
v 0.018365 0.020365 0.074000
v 0.018789 0.020789 0.072961
v 0.019637 0.021637 0.072961
v 0.016993 0.024753 0.074000
v 0.016628 0.024277 0.075039
v 0.015898 0.023325 0.075039
v 0.015532 0.022849 0.074000
v 0.015898 0.023325 0.072961
v 0.016628 0.024277 0.072961
v 0.013600 0.027020 0.074000
v 0.013300 0.026500 0.075039
v 0.012700 0.025461 0.075039
v 0.012400 0.024942 0.074000
v 0.012700 0.025461 0.072961
v 0.013300 0.026500 0.072961
v 0.009940 0.028825 0.074000
v 0.009710 0.028271 0.075039
v 0.009251 0.027162 0.075039
v 0.009021 0.026608 0.074000
v 0.009251 0.027162 0.072961
v 0.009710 0.028271 0.072961
v 0.006075 0.030137 0.074000
v 0.005920 0.029557 0.075039
v 0.005609 0.028398 0.075039
v 0.005454 0.027819 0.074000
v 0.005609 0.028398 0.072961
v 0.005920 0.029557 0.072961
v 0.002072 0.030933 0.074000
v 0.001994 0.030338 0.075039
v 0.001837 0.029148 0.075039
v 0.001759 0.028554 0.074000
v 0.001837 0.029148 0.072961
v 0.001994 0.030338 0.072961
v -0.002000 0.031200 0.074000
v -0.002000 0.030600 0.075039
v -0.002000 0.029400 0.075039
v -0.002000 0.028800 0.074000
v -0.002000 0.029400 0.072961
v -0.002000 0.030600 0.072961
v -0.006072 0.030933 0.074000
v -0.005994 0.030338 0.075039
v -0.005837 0.029148 0.075039
v -0.005759 0.028554 0.074000
v -0.005837 0.029148 0.072961
v -0.005994 0.030338 0.072961
v -0.010075 0.030137 0.074000
v -0.009920 0.029557 0.075039
v -0.009609 0.028398 0.075039
v -0.009454 0.027819 0.074000
v -0.009609 0.028398 0.072961
v -0.009920 0.029557 0.072961
v -0.013940 0.028825 0.074000
v -0.013710 0.028271 0.075039
v -0.013251 0.027162 0.075039
v -0.013021 0.026608 0.074000
v -0.013251 0.027162 0.072961
v -0.013710 0.028271 0.072961
v -0.017600 0.027020 0.074000
v -0.017300 0.026500 0.075039
v -0.016700 0.025461 0.075039
v -0.016400 0.024942 0.074000
v -0.016700 0.025461 0.072961
v -0.017300 0.026500 0.072961
v -0.020993 0.024753 0.074000
v -0.020628 0.024277 0.075039
v -0.019898 0.023325 0.075039
v -0.019532 0.022849 0.074000
v -0.019898 0.023325 0.072961
v -0.020628 0.024277 0.072961
v -0.024062 0.022062 0.074000
v -0.023637 0.021637 0.075039
v -0.022789 0.020789 0.075039
v -0.022365 0.020365 0.074000
v -0.022789 0.020789 0.072961
v -0.023637 0.021637 0.072961
v -0.026753 0.018993 0.074000
v -0.026277 0.018628 0.075039
v -0.025325 0.017898 0.075039
v -0.024849 0.017532 0.074000
v -0.025325 0.017898 0.072961
v -0.026277 0.018628 0.072961
v -0.029020 0.015600 0.074000
v -0.028500 0.015300 0.075039
v -0.027461 0.014700 0.075039
v -0.026942 0.014400 0.074000
v -0.027461 0.014700 0.072961
v -0.028500 0.015300 0.072961
v -0.030825 0.011940 0.074000
v -0.030271 0.011710 0.075039
v -0.029162 0.011251 0.075039
v -0.028608 0.011021 0.074000
v -0.029162 0.011251 0.072961
v -0.030271 0.011710 0.072961
v -0.032137 0.008075 0.074000
v -0.031557 0.007920 0.075039
v -0.030398 0.007609 0.075039
v -0.029819 0.007454 0.074000
v -0.030398 0.007609 0.072961
v -0.031557 0.007920 0.072961
v -0.032933 0.004072 0.074000
v -0.032338 0.003994 0.075039
v -0.031148 0.003837 0.075039
v -0.030554 0.003759 0.074000
v -0.031148 0.003837 0.072961
v -0.032338 0.003994 0.072961
v -0.033200 0.000000 0.074000
v -0.032600 0.000000 0.075039
v -0.031400 0.000000 0.075039
v -0.030800 0.000000 0.074000
v -0.031400 0.000000 0.072961
v -0.032600 0.000000 0.072961
v -0.032933 -0.004072 0.074000
v -0.032338 -0.003994 0.075039
v -0.031148 -0.003837 0.075039
v -0.030554 -0.003759 0.074000
v -0.031148 -0.003837 0.072961
v -0.032338 -0.003994 0.072961
v -0.032137 -0.008075 0.074000
v -0.031557 -0.007920 0.075039
v -0.030398 -0.007609 0.075039
v -0.029819 -0.007454 0.074000
v -0.030398 -0.007609 0.072961
v -0.031557 -0.007920 0.072961
v -0.030825 -0.011940 0.074000
v -0.030271 -0.011710 0.075039
v -0.029162 -0.011251 0.075039
v -0.028608 -0.011021 0.074000
v -0.029162 -0.011251 0.072961
v -0.030271 -0.011710 0.072961
v -0.029020 -0.015600 0.074000
v -0.028500 -0.015300 0.075039
v -0.027461 -0.014700 0.075039
v -0.026942 -0.014400 0.074000
v -0.027461 -0.014700 0.072961
v -0.028500 -0.015300 0.072961
v -0.026753 -0.018993 0.074000
v -0.026277 -0.018628 0.075039
v -0.025325 -0.017898 0.075039
v -0.024849 -0.017532 0.074000
v -0.025325 -0.017898 0.072961
v -0.026277 -0.018628 0.072961
v -0.024062 -0.022062 0.074000
v -0.023637 -0.021637 0.075039
v -0.022789 -0.020789 0.075039
v -0.022365 -0.020365 0.074000
v -0.022789 -0.020789 0.072961
v -0.023637 -0.021637 0.072961
v -0.020993 -0.024753 0.074000
v -0.020628 -0.024277 0.075039
v -0.019898 -0.023325 0.075039
v -0.019532 -0.022849 0.074000
v -0.019898 -0.023325 0.072961
v -0.020628 -0.024277 0.072961
v -0.017600 -0.027020 0.074000
v -0.017300 -0.026500 0.075039
v -0.016700 -0.025461 0.075039
v -0.016400 -0.024942 0.074000
v -0.016700 -0.025461 0.072961
v -0.017300 -0.026500 0.072961
v -0.013940 -0.028825 0.074000
v -0.013710 -0.028271 0.075039
v -0.013251 -0.027162 0.075039
v -0.013021 -0.026608 0.074000
v -0.013251 -0.027162 0.072961
v -0.013710 -0.028271 0.072961
v -0.010075 -0.030137 0.074000
v -0.009920 -0.029557 0.075039
v -0.009609 -0.028398 0.075039
v -0.009454 -0.027819 0.074000
v -0.009609 -0.028398 0.072961
v -0.009920 -0.029557 0.072961
v -0.006072 -0.030933 0.074000
v -0.005994 -0.030338 0.075039
v -0.005837 -0.029148 0.075039
v -0.005759 -0.028554 0.074000
v -0.005837 -0.029148 0.072961
v -0.005994 -0.030338 0.072961
v -0.002000 -0.031200 0.074000
v -0.002000 -0.030600 0.075039
v -0.002000 -0.029400 0.075039
v -0.002000 -0.028800 0.074000
v -0.002000 -0.029400 0.072961
v -0.002000 -0.030600 0.072961
v 0.002072 -0.030933 0.074000
v 0.001994 -0.030338 0.075039
v 0.001837 -0.029148 0.075039
v 0.001759 -0.028554 0.074000
v 0.001837 -0.029148 0.072961
v 0.001994 -0.030338 0.072961
v 0.006075 -0.030137 0.074000
v 0.005920 -0.029557 0.075039
v 0.005609 -0.028398 0.075039
v 0.005454 -0.027819 0.074000
v 0.005609 -0.028398 0.072961
v 0.005920 -0.029557 0.072961
v 0.009940 -0.028825 0.074000
v 0.009710 -0.028271 0.075039
v 0.009251 -0.027162 0.075039
v 0.009021 -0.026608 0.074000
v 0.009251 -0.027162 0.072961
v 0.009710 -0.028271 0.072961
v 0.013600 -0.027020 0.074000
v 0.013300 -0.026500 0.075039
v 0.012700 -0.025461 0.075039
v 0.012400 -0.024942 0.074000
v 0.012700 -0.025461 0.072961
v 0.013300 -0.026500 0.072961
v 0.016993 -0.024753 0.074000
v 0.016628 -0.024277 0.075039
v 0.015898 -0.023325 0.075039
v 0.015532 -0.022849 0.074000
v 0.015898 -0.023325 0.072961
v 0.016628 -0.024277 0.072961
v 0.020062 -0.022062 0.074000
v 0.019637 -0.021637 0.075039
v 0.018789 -0.020789 0.075039
v 0.018365 -0.020365 0.074000
v 0.018789 -0.020789 0.072961
v 0.019637 -0.021637 0.072961
v 0.022753 -0.018993 0.074000
v 0.022277 -0.018628 0.075039
v 0.021325 -0.017898 0.075039
v 0.020849 -0.017532 0.074000
v 0.021325 -0.017898 0.072961
v 0.022277 -0.018628 0.072961
v 0.025020 -0.015600 0.074000
v 0.024500 -0.015300 0.075039
v 0.023461 -0.014700 0.075039
v 0.022942 -0.014400 0.074000
v 0.023461 -0.014700 0.072961
v 0.024500 -0.015300 0.072961
v 0.026825 -0.011940 0.074000
v 0.026271 -0.011710 0.075039
v 0.025162 -0.011251 0.075039
v 0.024608 -0.011021 0.074000
v 0.025162 -0.011251 0.072961
v 0.026271 -0.011710 0.072961
v 0.028137 -0.008075 0.074000
v 0.027557 -0.007920 0.075039
v 0.026398 -0.007609 0.075039
v 0.025819 -0.007454 0.074000
v 0.026398 -0.007609 0.072961
v 0.027557 -0.007920 0.072961
v 0.028933 -0.004072 0.074000
v 0.028338 -0.003994 0.075039
v 0.027148 -0.003837 0.075039
v 0.026554 -0.003759 0.074000
v 0.027148 -0.003837 0.072961
v 0.028338 -0.003994 0.072961
v 0.029200 0.000000 0.081000
v 0.028600 0.000000 0.082039
v 0.027400 0.000000 0.082039
v 0.026800 0.000000 0.081000
v 0.027400 0.000000 0.079961
v 0.028600 0.000000 0.079961
v 0.028933 0.004072 0.081000
v 0.028338 0.003994 0.082039
v 0.027148 0.003837 0.082039
v 0.026554 0.003759 0.081000
v 0.027148 0.003837 0.079961
v 0.028338 0.003994 0.079961
v 0.028137 0.008075 0.081000
v 0.027557 0.007920 0.082039
v 0.026398 0.007609 0.082039
v 0.025819 0.007454 0.081000
v 0.026398 0.007609 0.079961
v 0.027557 0.007920 0.079961
v 0.026825 0.011940 0.081000
v 0.026271 0.011710 0.082039
v 0.025162 0.011251 0.082039
v 0.024608 0.011021 0.081000
v 0.025162 0.011251 0.079961
v 0.026271 0.011710 0.079961
v 0.025020 0.015600 0.081000
v 0.024500 0.015300 0.082039
v 0.023461 0.014700 0.082039
v 0.022942 0.014400 0.081000
v 0.023461 0.014700 0.079961
v 0.024500 0.015300 0.079961
v 0.022753 0.018993 0.081000
v 0.022277 0.018628 0.082039
v 0.021325 0.017898 0.082039
v 0.020849 0.017532 0.081000
v 0.021325 0.017898 0.079961
v 0.022277 0.018628 0.079961
v 0.020062 0.022062 0.081000
v 0.019637 0.021637 0.082039
v 0.018789 0.020789 0.082039
v 0.018365 0.020365 0.081000
v 0.018789 0.020789 0.079961
v 0.019637 0.021637 0.079961
v 0.016993 0.024753 0.081000
v 0.016628 0.024277 0.082039
v 0.015898 0.023325 0.082039
v 0.015532 0.022849 0.081000
v 0.015898 0.023325 0.079961
v 0.016628 0.024277 0.079961
v 0.013600 0.027020 0.081000
v 0.013300 0.026500 0.082039
v 0.012700 0.025461 0.082039
v 0.012400 0.024942 0.081000
v 0.012700 0.025461 0.079961
v 0.013300 0.026500 0.079961
v 0.009940 0.028825 0.081000
v 0.009710 0.028271 0.082039
v 0.009251 0.027162 0.082039
v 0.009021 0.026608 0.081000
v 0.009251 0.027162 0.079961
v 0.009710 0.028271 0.079961
v 0.006075 0.030137 0.081000
v 0.005920 0.029557 0.082039
v 0.005609 0.028398 0.082039
v 0.005454 0.027819 0.081000
v 0.005609 0.028398 0.079961
v 0.005920 0.029557 0.079961
v 0.002072 0.030933 0.081000
v 0.001994 0.030338 0.082039
v 0.001837 0.029148 0.082039
v 0.001759 0.028554 0.081000
v 0.001837 0.029148 0.079961
v 0.001994 0.030338 0.079961
v -0.002000 0.031200 0.081000
v -0.002000 0.030600 0.082039
v -0.002000 0.029400 0.082039
v -0.002000 0.028800 0.081000
v -0.002000 0.029400 0.079961
v -0.002000 0.030600 0.079961
v -0.006072 0.030933 0.081000
v -0.005994 0.030338 0.082039
v -0.005837 0.029148 0.082039
v -0.005759 0.028554 0.081000
v -0.005837 0.029148 0.079961
v -0.005994 0.030338 0.079961
v -0.010075 0.030137 0.081000
v -0.009920 0.029557 0.082039
v -0.009609 0.028398 0.082039
v -0.009454 0.027819 0.081000
v -0.009609 0.028398 0.079961
v -0.009920 0.029557 0.079961
v -0.013940 0.028825 0.081000
v -0.013710 0.028271 0.082039
v -0.013251 0.027162 0.082039
v -0.013021 0.026608 0.081000
v -0.013251 0.027162 0.079961
v -0.013710 0.028271 0.079961
v -0.017600 0.027020 0.081000
v -0.017300 0.026500 0.082039
v -0.016700 0.025461 0.082039
v -0.016400 0.024942 0.081000
v -0.016700 0.025461 0.079961
v -0.017300 0.026500 0.079961
v -0.020993 0.024753 0.081000
v -0.020628 0.024277 0.082039
v -0.019898 0.023325 0.082039
v -0.019532 0.022849 0.081000
v -0.019898 0.023325 0.079961
v -0.020628 0.024277 0.079961
v -0.024062 0.022062 0.081000
v -0.023637 0.021637 0.082039
v -0.022789 0.020789 0.082039
v -0.022365 0.020365 0.081000
v -0.022789 0.020789 0.079961
v -0.023637 0.021637 0.079961
v -0.026753 0.018993 0.081000
v -0.026277 0.018628 0.082039
v -0.025325 0.017898 0.082039
v -0.024849 0.017532 0.081000
v -0.025325 0.017898 0.079961
v -0.026277 0.018628 0.079961
v -0.029020 0.015600 0.081000
v -0.028500 0.015300 0.082039
v -0.027461 0.014700 0.082039
v -0.026942 0.014400 0.081000
v -0.027461 0.014700 0.079961
v -0.028500 0.015300 0.079961
v -0.030825 0.011940 0.081000
v -0.030271 0.011710 0.082039
v -0.029162 0.011251 0.082039
v -0.028608 0.011021 0.081000
v -0.029162 0.011251 0.079961
v -0.030271 0.011710 0.079961
v -0.032137 0.008075 0.081000
v -0.031557 0.007920 0.082039
v -0.030398 0.007609 0.082039
v -0.029819 0.007454 0.081000
v -0.030398 0.007609 0.079961
v -0.031557 0.007920 0.079961
v -0.032933 0.004072 0.081000
v -0.032338 0.003994 0.082039
v -0.031148 0.003837 0.082039
v -0.030554 0.003759 0.081000
v -0.031148 0.003837 0.079961
v -0.032338 0.003994 0.079961
v -0.033200 0.000000 0.081000
v -0.032600 0.000000 0.082039
v -0.031400 0.000000 0.082039
v -0.030800 0.000000 0.081000
v -0.031400 0.000000 0.079961
v -0.032600 0.000000 0.079961
v -0.032933 -0.004072 0.081000
v -0.032338 -0.003994 0.082039
v -0.031148 -0.003837 0.082039
v -0.030554 -0.003759 0.081000
v -0.031148 -0.003837 0.079961
v -0.032338 -0.003994 0.079961
v -0.032137 -0.008075 0.081000
v -0.031557 -0.007920 0.082039
v -0.030398 -0.007609 0.082039
v -0.029819 -0.007454 0.081000
v -0.030398 -0.007609 0.079961
v -0.031557 -0.007920 0.079961
v -0.030825 -0.011940 0.081000
v -0.030271 -0.011710 0.082039
v -0.029162 -0.011251 0.082039
v -0.028608 -0.011021 0.081000
v -0.029162 -0.011251 0.079961
v -0.030271 -0.011710 0.079961
v -0.029020 -0.015600 0.081000
v -0.028500 -0.015300 0.082039
v -0.027461 -0.014700 0.082039
v -0.026942 -0.014400 0.081000
v -0.027461 -0.014700 0.079961
v -0.028500 -0.015300 0.079961
v -0.026753 -0.018993 0.081000
v -0.026277 -0.018628 0.082039
v -0.025325 -0.017898 0.082039
v -0.024849 -0.017532 0.081000
v -0.025325 -0.017898 0.079961
v -0.026277 -0.018628 0.079961
v -0.024062 -0.022062 0.081000
v -0.023637 -0.021637 0.082039
v -0.022789 -0.020789 0.082039
v -0.022365 -0.020365 0.081000
v -0.022789 -0.020789 0.079961
v -0.023637 -0.021637 0.079961
v -0.020993 -0.024753 0.081000
v -0.020628 -0.024277 0.082039
v -0.019898 -0.023325 0.082039
v -0.019532 -0.022849 0.081000
v -0.019898 -0.023325 0.079961
v -0.020628 -0.024277 0.079961
v -0.017600 -0.027020 0.081000
v -0.017300 -0.026500 0.082039
v -0.016700 -0.025461 0.082039
v -0.016400 -0.024942 0.081000
v -0.016700 -0.025461 0.079961
v -0.017300 -0.026500 0.079961
v -0.013940 -0.028825 0.081000
v -0.013710 -0.028271 0.082039
v -0.013251 -0.027162 0.082039
v -0.013021 -0.026608 0.081000
v -0.013251 -0.027162 0.079961
v -0.013710 -0.028271 0.079961
v -0.010075 -0.030137 0.081000
v -0.009920 -0.029557 0.082039
v -0.009609 -0.028398 0.082039
v -0.009454 -0.027819 0.081000
v -0.009609 -0.028398 0.079961
v -0.009920 -0.029557 0.079961
v -0.006072 -0.030933 0.081000
v -0.005994 -0.030338 0.082039
v -0.005837 -0.029148 0.082039
v -0.005759 -0.028554 0.081000
v -0.005837 -0.029148 0.079961
v -0.005994 -0.030338 0.079961
v -0.002000 -0.031200 0.081000
v -0.002000 -0.030600 0.082039
v -0.002000 -0.029400 0.082039
v -0.002000 -0.028800 0.081000
v -0.002000 -0.029400 0.079961
v -0.002000 -0.030600 0.079961
v 0.002072 -0.030933 0.081000
v 0.001994 -0.030338 0.082039
v 0.001837 -0.029148 0.082039
v 0.001759 -0.028554 0.081000
v 0.001837 -0.029148 0.079961
v 0.001994 -0.030338 0.079961
v 0.006075 -0.030137 0.081000
v 0.005920 -0.029557 0.082039
v 0.005609 -0.028398 0.082039
v 0.005454 -0.027819 0.081000
v 0.005609 -0.028398 0.079961
v 0.005920 -0.029557 0.079961
v 0.009940 -0.028825 0.081000
v 0.009710 -0.028271 0.082039
v 0.009251 -0.027162 0.082039
v 0.009021 -0.026608 0.081000
v 0.009251 -0.027162 0.079961
v 0.009710 -0.028271 0.079961
v 0.013600 -0.027020 0.081000
v 0.013300 -0.026500 0.082039
v 0.012700 -0.025461 0.082039
v 0.012400 -0.024942 0.081000
v 0.012700 -0.025461 0.079961
v 0.013300 -0.026500 0.079961
v 0.016993 -0.024753 0.081000
v 0.016628 -0.024277 0.082039
v 0.015898 -0.023325 0.082039
v 0.015532 -0.022849 0.081000
v 0.015898 -0.023325 0.079961
v 0.016628 -0.024277 0.079961
v 0.020062 -0.022062 0.081000
v 0.019637 -0.021637 0.082039
v 0.018789 -0.020789 0.082039
v 0.018365 -0.020365 0.081000
v 0.018789 -0.020789 0.079961
v 0.019637 -0.021637 0.079961
v 0.022753 -0.018993 0.081000
v 0.022277 -0.018628 0.082039
v 0.021325 -0.017898 0.082039
v 0.020849 -0.017532 0.081000
v 0.021325 -0.017898 0.079961
v 0.022277 -0.018628 0.079961
v 0.025020 -0.015600 0.081000
v 0.024500 -0.015300 0.082039
v 0.023461 -0.014700 0.082039
v 0.022942 -0.014400 0.081000
v 0.023461 -0.014700 0.079961
v 0.024500 -0.015300 0.079961
v 0.026825 -0.011940 0.081000
v 0.026271 -0.011710 0.082039
v 0.025162 -0.011251 0.082039
v 0.024608 -0.011021 0.081000
v 0.025162 -0.011251 0.079961
v 0.026271 -0.011710 0.079961
v 0.028137 -0.008075 0.081000
v 0.027557 -0.007920 0.082039
v 0.026398 -0.007609 0.082039
v 0.025819 -0.007454 0.081000
v 0.026398 -0.007609 0.079961
v 0.027557 -0.007920 0.079961
v 0.028933 -0.004072 0.081000
v 0.028338 -0.003994 0.082039
v 0.027148 -0.003837 0.082039
v 0.026554 -0.003759 0.081000
v 0.027148 -0.003837 0.079961
v 0.028338 -0.003994 0.079961
v -0.045000 -0.030000 0.002000
v -0.045000 0.030000 0.002000
v -0.044732 -0.030000 0.003000
v -0.044732 0.030000 0.003000
v -0.044000 -0.030000 0.003732
v -0.044000 0.030000 0.003732
v -0.043000 -0.030000 0.004000
v -0.043000 0.030000 0.004000
v -0.042000 -0.030000 0.003732
v -0.042000 0.030000 0.003732
v -0.041268 -0.030000 0.003000
v -0.041268 0.030000 0.003000
v -0.041000 -0.030000 0.002000
v -0.041000 0.030000 0.002000
v -0.041268 -0.030000 0.001000
v -0.041268 0.030000 0.001000
v -0.042000 -0.030000 0.000268
v -0.042000 0.030000 0.000268
v -0.043000 -0.030000 0.000000
v -0.043000 0.030000 0.000000
v -0.044000 -0.030000 0.000268
v -0.044000 0.030000 0.000268
v -0.044732 -0.030000 0.001000
v -0.044732 0.030000 0.001000
v -0.043000 -0.030000 0.002000
v -0.043000 0.030000 0.002000
v -0.041800 -0.027000 0.012000
v -0.041800 0.027000 0.012000
v -0.041559 -0.027000 0.012900
v -0.041559 0.027000 0.012900
v -0.040900 -0.027000 0.013559
v -0.040900 0.027000 0.013559
v -0.040000 -0.027000 0.013800
v -0.040000 0.027000 0.013800
v -0.039100 -0.027000 0.013559
v -0.039100 0.027000 0.013559
v -0.038441 -0.027000 0.012900
v -0.038441 0.027000 0.012900
v -0.038200 -0.027000 0.012000
v -0.038200 0.027000 0.012000
v -0.038441 -0.027000 0.011100
v -0.038441 0.027000 0.011100
v -0.039100 -0.027000 0.010441
v -0.039100 0.027000 0.010441
v -0.040000 -0.027000 0.010200
v -0.040000 0.027000 0.010200
v -0.040900 -0.027000 0.010441
v -0.040900 0.027000 0.010441
v -0.041559 -0.027000 0.011100
v -0.041559 0.027000 0.011100
v -0.040000 -0.027000 0.012000
v -0.040000 0.027000 0.012000
v 0.000709 0.038000 0.011445
v 0.018709 0.038000 0.034445
v 0.018709 0.042000 0.034445
v 0.000709 0.042000 0.011445
v -0.000709 0.038000 0.012555
v 0.017291 0.038000 0.035555
v 0.017291 0.042000 0.035555
v -0.000709 0.042000 0.012555
v 0.000709 0.037400 0.011445
v -0.000709 0.037400 0.012555
v 0.001257 0.037557 0.012146
v -0.000161 0.037557 0.013255
v 0.001739 0.038008 0.012761
v 0.000321 0.038008 0.013871
v 0.002096 0.038700 0.013219
v 0.000679 0.038700 0.014328
v 0.002287 0.039549 0.013462
v 0.000869 0.039549 0.014571
v 0.002287 0.040451 0.013462
v 0.000869 0.040451 0.014571
v 0.002096 0.041300 0.013219
v 0.000679 0.041300 0.014328
v 0.001739 0.041992 0.012761
v 0.000321 0.041992 0.013871
v 0.001257 0.042443 0.012146
v -0.000161 0.042443 0.013255
v 0.000709 0.042600 0.011445
v -0.000709 0.042600 0.012555
v 0.000161 0.042443 0.010745
v -0.001257 0.042443 0.011854
v -0.000321 0.041992 0.010129
v -0.001739 0.041992 0.011239
v -0.000679 0.041300 0.009672
v -0.002096 0.041300 0.010781
v -0.000869 0.040451 0.009429
v -0.002287 0.040451 0.010538
v -0.000869 0.039549 0.009429
v -0.002287 0.039549 0.010538
v -0.000679 0.038700 0.009672
v -0.002096 0.038700 0.010781
v -0.000321 0.038008 0.010129
v -0.001739 0.038008 0.011239
v 0.000161 0.037557 0.010745
v -0.001257 0.037557 0.011854
v 0.000709 0.040000 0.011445
v -0.000709 0.040000 0.012555
v 0.018709 0.037400 0.034445
v 0.017291 0.037400 0.035555
v 0.019257 0.037557 0.035146
v 0.017839 0.037557 0.036255
v 0.019739 0.038008 0.035761
v 0.018321 0.038008 0.036871
v 0.020096 0.038700 0.036219
v 0.018679 0.038700 0.037328
v 0.020287 0.039549 0.036462
v 0.018869 0.039549 0.037571
v 0.020287 0.040451 0.036462
v 0.018869 0.040451 0.037571
v 0.020096 0.041300 0.036219
v 0.018679 0.041300 0.037328
v 0.019739 0.041992 0.035761
v 0.018321 0.041992 0.036871
v 0.019257 0.042443 0.035146
v 0.017839 0.042443 0.036255
v 0.018709 0.042600 0.034445
v 0.017291 0.042600 0.035555
v 0.018161 0.042443 0.033745
v 0.016743 0.042443 0.034854
v 0.017679 0.041992 0.033129
v 0.016261 0.041992 0.034239
v 0.017321 0.041300 0.032672
v 0.015904 0.041300 0.033781
v 0.017131 0.040451 0.032429
v 0.015713 0.040451 0.033538
v 0.017131 0.039549 0.032429
v 0.015713 0.039549 0.033538
v 0.017321 0.038700 0.032672
v 0.015904 0.038700 0.033781
v 0.017679 0.038008 0.033129
v 0.016261 0.038008 0.034239
v 0.018161 0.037557 0.033745
v 0.016743 0.037557 0.034854
v 0.018709 0.040000 0.034445
v 0.017291 0.040000 0.035555
v 0.017276 0.038000 0.034465
v 0.034276 0.038000 0.011465
v 0.034276 0.042000 0.011465
v 0.017276 0.042000 0.034465
v 0.018724 0.038000 0.035535
v 0.035724 0.038000 0.012535
v 0.035724 0.042000 0.012535
v 0.018724 0.042000 0.035535
v 0.017276 0.042600 0.034465
v 0.018724 0.042600 0.035535
v 0.016748 0.042443 0.035180
v 0.018195 0.042443 0.036250
v 0.016283 0.041992 0.035809
v 0.017730 0.041992 0.036879
v 0.015938 0.041300 0.036276
v 0.017385 0.041300 0.037346
v 0.015754 0.040451 0.036524
v 0.017202 0.040451 0.037594
v 0.015754 0.039549 0.036524
v 0.017202 0.039549 0.037594
v 0.015938 0.038700 0.036276
v 0.017385 0.038700 0.037346
v 0.016283 0.038008 0.035809
v 0.017730 0.038008 0.036879
v 0.016748 0.037557 0.035180
v 0.018195 0.037557 0.036250
v 0.017276 0.037400 0.034465
v 0.018724 0.037400 0.035535
v 0.017805 0.037557 0.033750
v 0.019252 0.037557 0.034820
v 0.018270 0.038008 0.033121
v 0.019717 0.038008 0.034191
v 0.018615 0.038700 0.032654
v 0.020062 0.038700 0.033724
v 0.018798 0.039549 0.032406
v 0.020246 0.039549 0.033476
v 0.018798 0.040451 0.032406
v 0.020246 0.040451 0.033476
v 0.018615 0.041300 0.032654
v 0.020062 0.041300 0.033724
v 0.018270 0.041992 0.033121
v 0.019717 0.041992 0.034191
v 0.017805 0.042443 0.033750
v 0.019252 0.042443 0.034820
v 0.017276 0.040000 0.034465
v 0.018724 0.040000 0.035535
v 0.034276 0.042600 0.011465
v 0.035724 0.042600 0.012535
v 0.033748 0.042443 0.012180
v 0.035195 0.042443 0.013250
v 0.033283 0.041992 0.012809
v 0.034730 0.041992 0.013879
v 0.032938 0.041300 0.013276
v 0.034385 0.041300 0.014346
v 0.032754 0.040451 0.013524
v 0.034202 0.040451 0.014594
v 0.032754 0.039549 0.013524
v 0.034202 0.039549 0.014594
v 0.032938 0.038700 0.013276
v 0.034385 0.038700 0.014346
v 0.033283 0.038008 0.012809
v 0.034730 0.038008 0.013879
v 0.033748 0.037557 0.012180
v 0.035195 0.037557 0.013250
v 0.034276 0.037400 0.011465
v 0.035724 0.037400 0.012535
v 0.034805 0.037557 0.010750
v 0.036252 0.037557 0.011820
v 0.035270 0.038008 0.010121
v 0.036717 0.038008 0.011191
v 0.035615 0.038700 0.009654
v 0.037062 0.038700 0.010724
v 0.035798 0.039549 0.009406
v 0.037246 0.039549 0.010476
v 0.035798 0.040451 0.009406
v 0.037246 0.040451 0.010476
v 0.035615 0.041300 0.009654
v 0.037062 0.041300 0.010724
v 0.035270 0.041992 0.010121
v 0.036717 0.041992 0.011191
v 0.034805 0.042443 0.010750
v 0.036252 0.042443 0.011820
v 0.034276 0.040000 0.011465
v 0.035724 0.040000 0.012535
v 0.035000 0.042000 0.011100
v 0.000000 0.042000 0.011100
v 0.000000 0.038000 0.011100
v 0.035000 0.038000 0.011100
v 0.035000 0.042000 0.012900
v 0.000000 0.042000 0.012900
v 0.000000 0.038000 0.012900
v 0.035000 0.038000 0.012900
v 0.037600 0.040000 0.011100
v 0.037600 0.040000 0.012900
v 0.037443 0.040889 0.011100
v 0.037443 0.040889 0.012900
v 0.036992 0.041671 0.011100
v 0.036992 0.041671 0.012900
v 0.036300 0.042252 0.011100
v 0.036300 0.042252 0.012900
v 0.035451 0.042561 0.011100
v 0.035451 0.042561 0.012900
v 0.034549 0.042561 0.011100
v 0.034549 0.042561 0.012900
v 0.033700 0.042252 0.011100
v 0.033700 0.042252 0.012900
v 0.033008 0.041671 0.011100
v 0.033008 0.041671 0.012900
v 0.032557 0.040889 0.011100
v 0.032557 0.040889 0.012900
v 0.032400 0.040000 0.011100
v 0.032400 0.040000 0.012900
v 0.032557 0.039111 0.011100
v 0.032557 0.039111 0.012900
v 0.033008 0.038329 0.011100
v 0.033008 0.038329 0.012900
v 0.033700 0.037748 0.011100
v 0.033700 0.037748 0.012900
v 0.034549 0.037439 0.011100
v 0.034549 0.037439 0.012900
v 0.035451 0.037439 0.011100
v 0.035451 0.037439 0.012900
v 0.036300 0.037748 0.011100
v 0.036300 0.037748 0.012900
v 0.036992 0.038329 0.011100
v 0.036992 0.038329 0.012900
v 0.037443 0.039111 0.011100
v 0.037443 0.039111 0.012900
v 0.035000 0.040000 0.011100
v 0.035000 0.040000 0.012900
v 0.002600 0.040000 0.011100
v 0.002600 0.040000 0.012900
v 0.002443 0.040889 0.011100
v 0.002443 0.040889 0.012900
v 0.001992 0.041671 0.011100
v 0.001992 0.041671 0.012900
v 0.001300 0.042252 0.011100
v 0.001300 0.042252 0.012900
v 0.000451 0.042561 0.011100
v 0.000451 0.042561 0.012900
v -0.000451 0.042561 0.011100
v -0.000451 0.042561 0.012900
v -0.001300 0.042252 0.011100
v -0.001300 0.042252 0.012900
v -0.001992 0.041671 0.011100
v -0.001992 0.041671 0.012900
v -0.002443 0.040889 0.011100
v -0.002443 0.040889 0.012900
v -0.002600 0.040000 0.011100
v -0.002600 0.040000 0.012900
v -0.002443 0.039111 0.011100
v -0.002443 0.039111 0.012900
v -0.001992 0.038329 0.011100
v -0.001992 0.038329 0.012900
v -0.001300 0.037748 0.011100
v -0.001300 0.037748 0.012900
v -0.000451 0.037439 0.011100
v -0.000451 0.037439 0.012900
v 0.000451 0.037439 0.011100
v 0.000451 0.037439 0.012900
v 0.001300 0.037748 0.011100
v 0.001300 0.037748 0.012900
v 0.001992 0.038329 0.011100
v 0.001992 0.038329 0.012900
v 0.002443 0.039111 0.011100
v 0.002443 0.039111 0.012900
v 0.000000 0.040000 0.011100
v 0.000000 0.040000 0.012900
g flared_bellmouth
usemtl cast_aluminum
f 1 5 6
f 1 6 2
g flared_bellmouth_inner
usemtl dark_cavity
f 7 3 4
f 7 4 8
g flared_bellmouth_front_lip
usemtl cast_aluminum
f 5 1 3
f 5 3 7
g flared_bellmouth_rear_lip
f 2 6 8
f 2 8 4
g flared_bellmouth
f 5 9 10
f 5 10 6
g flared_bellmouth_inner
usemtl dark_cavity
f 11 7 8
f 11 8 12
g flared_bellmouth_front_lip
usemtl cast_aluminum
f 9 5 7
f 9 7 11
g flared_bellmouth_rear_lip
f 6 10 12
f 6 12 8
g flared_bellmouth
f 9 13 14
f 9 14 10
g flared_bellmouth_inner
usemtl dark_cavity
f 15 11 12
f 15 12 16
g flared_bellmouth_front_lip
usemtl cast_aluminum
f 13 9 11
f 13 11 15
g flared_bellmouth_rear_lip
f 10 14 16
f 10 16 12
g flared_bellmouth
f 13 17 18
f 13 18 14
g flared_bellmouth_inner
usemtl dark_cavity
f 19 15 16
f 19 16 20
g flared_bellmouth_front_lip
usemtl cast_aluminum
f 17 13 15
f 17 15 19
g flared_bellmouth_rear_lip
f 14 18 20
f 14 20 16
g flared_bellmouth
f 17 21 22
f 17 22 18
g flared_bellmouth_inner
usemtl dark_cavity
f 23 19 20
f 23 20 24
g flared_bellmouth_front_lip
usemtl cast_aluminum
f 21 17 19
f 21 19 23
g flared_bellmouth_rear_lip
f 18 22 24
f 18 24 20
g flared_bellmouth
f 21 25 26
f 21 26 22
g flared_bellmouth_inner
usemtl dark_cavity
f 27 23 24
f 27 24 28
g flared_bellmouth_front_lip
usemtl cast_aluminum
f 25 21 23
f 25 23 27
g flared_bellmouth_rear_lip
f 22 26 28
f 22 28 24
g flared_bellmouth
f 25 29 30
f 25 30 26
g flared_bellmouth_inner
usemtl dark_cavity
f 31 27 28
f 31 28 32
g flared_bellmouth_front_lip
usemtl cast_aluminum
f 29 25 27
f 29 27 31
g flared_bellmouth_rear_lip
f 26 30 32
f 26 32 28
g flared_bellmouth
f 29 33 34
f 29 34 30
g flared_bellmouth_inner
usemtl dark_cavity
f 35 31 32
f 35 32 36
g flared_bellmouth_front_lip
usemtl cast_aluminum
f 33 29 31
f 33 31 35
g flared_bellmouth_rear_lip
f 30 34 36
f 30 36 32
g flared_bellmouth
f 33 37 38
f 33 38 34
g flared_bellmouth_inner
usemtl dark_cavity
f 39 35 36
f 39 36 40
g flared_bellmouth_front_lip
usemtl cast_aluminum
f 37 33 35
f 37 35 39
g flared_bellmouth_rear_lip
f 34 38 40
f 34 40 36
g flared_bellmouth
f 37 41 42
f 37 42 38
g flared_bellmouth_inner
usemtl dark_cavity
f 43 39 40
f 43 40 44
g flared_bellmouth_front_lip
usemtl cast_aluminum
f 41 37 39
f 41 39 43
g flared_bellmouth_rear_lip
f 38 42 44
f 38 44 40
g flared_bellmouth
f 41 45 46
f 41 46 42
g flared_bellmouth_inner
usemtl dark_cavity
f 47 43 44
f 47 44 48
g flared_bellmouth_front_lip
usemtl cast_aluminum
f 45 41 43
f 45 43 47
g flared_bellmouth_rear_lip
f 42 46 48
f 42 48 44
g flared_bellmouth
f 45 49 50
f 45 50 46
g flared_bellmouth_inner
usemtl dark_cavity
f 51 47 48
f 51 48 52
g flared_bellmouth_front_lip
usemtl cast_aluminum
f 49 45 47
f 49 47 51
g flared_bellmouth_rear_lip
f 46 50 52
f 46 52 48
g flared_bellmouth
f 49 53 54
f 49 54 50
g flared_bellmouth_inner
usemtl dark_cavity
f 55 51 52
f 55 52 56
g flared_bellmouth_front_lip
usemtl cast_aluminum
f 53 49 51
f 53 51 55
g flared_bellmouth_rear_lip
f 50 54 56
f 50 56 52
g flared_bellmouth
f 53 57 58
f 53 58 54
g flared_bellmouth_inner
usemtl dark_cavity
f 59 55 56
f 59 56 60
g flared_bellmouth_front_lip
usemtl cast_aluminum
f 57 53 55
f 57 55 59
g flared_bellmouth_rear_lip
f 54 58 60
f 54 60 56
g flared_bellmouth
f 57 61 62
f 57 62 58
g flared_bellmouth_inner
usemtl dark_cavity
f 63 59 60
f 63 60 64
g flared_bellmouth_front_lip
usemtl cast_aluminum
f 61 57 59
f 61 59 63
g flared_bellmouth_rear_lip
f 58 62 64
f 58 64 60
g flared_bellmouth
f 61 65 66
f 61 66 62
g flared_bellmouth_inner
usemtl dark_cavity
f 67 63 64
f 67 64 68
g flared_bellmouth_front_lip
usemtl cast_aluminum
f 65 61 63
f 65 63 67
g flared_bellmouth_rear_lip
f 62 66 68
f 62 68 64
g flared_bellmouth
f 65 69 70
f 65 70 66
g flared_bellmouth_inner
usemtl dark_cavity
f 71 67 68
f 71 68 72
g flared_bellmouth_front_lip
usemtl cast_aluminum
f 69 65 67
f 69 67 71
g flared_bellmouth_rear_lip
f 66 70 72
f 66 72 68
g flared_bellmouth
f 69 73 74
f 69 74 70
g flared_bellmouth_inner
usemtl dark_cavity
f 75 71 72
f 75 72 76
g flared_bellmouth_front_lip
usemtl cast_aluminum
f 73 69 71
f 73 71 75
g flared_bellmouth_rear_lip
f 70 74 76
f 70 76 72
g flared_bellmouth
f 73 77 78
f 73 78 74
g flared_bellmouth_inner
usemtl dark_cavity
f 79 75 76
f 79 76 80
g flared_bellmouth_front_lip
usemtl cast_aluminum
f 77 73 75
f 77 75 79
g flared_bellmouth_rear_lip
f 74 78 80
f 74 80 76
g flared_bellmouth
f 77 81 82
f 77 82 78
g flared_bellmouth_inner
usemtl dark_cavity
f 83 79 80
f 83 80 84
g flared_bellmouth_front_lip
usemtl cast_aluminum
f 81 77 79
f 81 79 83
g flared_bellmouth_rear_lip
f 78 82 84
f 78 84 80
g flared_bellmouth
f 81 85 86
f 81 86 82
g flared_bellmouth_inner
usemtl dark_cavity
f 87 83 84
f 87 84 88
g flared_bellmouth_front_lip
usemtl cast_aluminum
f 85 81 83
f 85 83 87
g flared_bellmouth_rear_lip
f 82 86 88
f 82 88 84
g flared_bellmouth
f 85 89 90
f 85 90 86
g flared_bellmouth_inner
usemtl dark_cavity
f 91 87 88
f 91 88 92
g flared_bellmouth_front_lip
usemtl cast_aluminum
f 89 85 87
f 89 87 91
g flared_bellmouth_rear_lip
f 86 90 92
f 86 92 88
g flared_bellmouth
f 89 93 94
f 89 94 90
g flared_bellmouth_inner
usemtl dark_cavity
f 95 91 92
f 95 92 96
g flared_bellmouth_front_lip
usemtl cast_aluminum
f 93 89 91
f 93 91 95
g flared_bellmouth_rear_lip
f 90 94 96
f 90 96 92
g flared_bellmouth
f 93 97 98
f 93 98 94
g flared_bellmouth_inner
usemtl dark_cavity
f 99 95 96
f 99 96 100
g flared_bellmouth_front_lip
usemtl cast_aluminum
f 97 93 95
f 97 95 99
g flared_bellmouth_rear_lip
f 94 98 100
f 94 100 96
g flared_bellmouth
f 97 101 102
f 97 102 98
g flared_bellmouth_inner
usemtl dark_cavity
f 103 99 100
f 103 100 104
g flared_bellmouth_front_lip
usemtl cast_aluminum
f 101 97 99
f 101 99 103
g flared_bellmouth_rear_lip
f 98 102 104
f 98 104 100
g flared_bellmouth
f 101 105 106
f 101 106 102
g flared_bellmouth_inner
usemtl dark_cavity
f 107 103 104
f 107 104 108
g flared_bellmouth_front_lip
usemtl cast_aluminum
f 105 101 103
f 105 103 107
g flared_bellmouth_rear_lip
f 102 106 108
f 102 108 104
g flared_bellmouth
f 105 109 110
f 105 110 106
g flared_bellmouth_inner
usemtl dark_cavity
f 111 107 108
f 111 108 112
g flared_bellmouth_front_lip
usemtl cast_aluminum
f 109 105 107
f 109 107 111
g flared_bellmouth_rear_lip
f 106 110 112
f 106 112 108
g flared_bellmouth
f 109 113 114
f 109 114 110
g flared_bellmouth_inner
usemtl dark_cavity
f 115 111 112
f 115 112 116
g flared_bellmouth_front_lip
usemtl cast_aluminum
f 113 109 111
f 113 111 115
g flared_bellmouth_rear_lip
f 110 114 116
f 110 116 112
g flared_bellmouth
f 113 117 118
f 113 118 114
g flared_bellmouth_inner
usemtl dark_cavity
f 119 115 116
f 119 116 120
g flared_bellmouth_front_lip
usemtl cast_aluminum
f 117 113 115
f 117 115 119
g flared_bellmouth_rear_lip
f 114 118 120
f 114 120 116
g flared_bellmouth
f 117 121 122
f 117 122 118
g flared_bellmouth_inner
usemtl dark_cavity
f 123 119 120
f 123 120 124
g flared_bellmouth_front_lip
usemtl cast_aluminum
f 121 117 119
f 121 119 123
g flared_bellmouth_rear_lip
f 118 122 124
f 118 124 120
g flared_bellmouth
f 121 125 126
f 121 126 122
g flared_bellmouth_inner
usemtl dark_cavity
f 127 123 124
f 127 124 128
g flared_bellmouth_front_lip
usemtl cast_aluminum
f 125 121 123
f 125 123 127
g flared_bellmouth_rear_lip
f 122 126 128
f 122 128 124
g flared_bellmouth
f 125 129 130
f 125 130 126
g flared_bellmouth_inner
usemtl dark_cavity
f 131 127 128
f 131 128 132
g flared_bellmouth_front_lip
usemtl cast_aluminum
f 129 125 127
f 129 127 131
g flared_bellmouth_rear_lip
f 126 130 132
f 126 132 128
g flared_bellmouth
f 129 133 134
f 129 134 130
g flared_bellmouth_inner
usemtl dark_cavity
f 135 131 132
f 135 132 136
g flared_bellmouth_front_lip
usemtl cast_aluminum
f 133 129 131
f 133 131 135
g flared_bellmouth_rear_lip
f 130 134 136
f 130 136 132
g flared_bellmouth
f 133 137 138
f 133 138 134
g flared_bellmouth_inner
usemtl dark_cavity
f 139 135 136
f 139 136 140
g flared_bellmouth_front_lip
usemtl cast_aluminum
f 137 133 135
f 137 135 139
g flared_bellmouth_rear_lip
f 134 138 140
f 134 140 136
g flared_bellmouth
f 137 141 142
f 137 142 138
g flared_bellmouth_inner
usemtl dark_cavity
f 143 139 140
f 143 140 144
g flared_bellmouth_front_lip
usemtl cast_aluminum
f 141 137 139
f 141 139 143
g flared_bellmouth_rear_lip
f 138 142 144
f 138 144 140
g flared_bellmouth
f 141 145 146
f 141 146 142
g flared_bellmouth_inner
usemtl dark_cavity
f 147 143 144
f 147 144 148
g flared_bellmouth_front_lip
usemtl cast_aluminum
f 145 141 143
f 145 143 147
g flared_bellmouth_rear_lip
f 142 146 148
f 142 148 144
g flared_bellmouth
f 145 149 150
f 145 150 146
g flared_bellmouth_inner
usemtl dark_cavity
f 151 147 148
f 151 148 152
g flared_bellmouth_front_lip
usemtl cast_aluminum
f 149 145 147
f 149 147 151
g flared_bellmouth_rear_lip
f 146 150 152
f 146 152 148
g flared_bellmouth
f 149 153 154
f 149 154 150
g flared_bellmouth_inner
usemtl dark_cavity
f 155 151 152
f 155 152 156
g flared_bellmouth_front_lip
usemtl cast_aluminum
f 153 149 151
f 153 151 155
g flared_bellmouth_rear_lip
f 150 154 156
f 150 156 152
g flared_bellmouth
f 153 157 158
f 153 158 154
g flared_bellmouth_inner
usemtl dark_cavity
f 159 155 156
f 159 156 160
g flared_bellmouth_front_lip
usemtl cast_aluminum
f 157 153 155
f 157 155 159
g flared_bellmouth_rear_lip
f 154 158 160
f 154 160 156
g flared_bellmouth
f 157 161 162
f 157 162 158
g flared_bellmouth_inner
usemtl dark_cavity
f 163 159 160
f 163 160 164
g flared_bellmouth_front_lip
usemtl cast_aluminum
f 161 157 159
f 161 159 163
g flared_bellmouth_rear_lip
f 158 162 164
f 158 164 160
g flared_bellmouth
f 161 165 166
f 161 166 162
g flared_bellmouth_inner
usemtl dark_cavity
f 167 163 164
f 167 164 168
g flared_bellmouth_front_lip
usemtl cast_aluminum
f 165 161 163
f 165 163 167
g flared_bellmouth_rear_lip
f 162 166 168
f 162 168 164
g flared_bellmouth
f 165 169 170
f 165 170 166
g flared_bellmouth_inner
usemtl dark_cavity
f 171 167 168
f 171 168 172
g flared_bellmouth_front_lip
usemtl cast_aluminum
f 169 165 167
f 169 167 171
g flared_bellmouth_rear_lip
f 166 170 172
f 166 172 168
g flared_bellmouth
f 169 173 174
f 169 174 170
g flared_bellmouth_inner
usemtl dark_cavity
f 175 171 172
f 175 172 176
g flared_bellmouth_front_lip
usemtl cast_aluminum
f 173 169 171
f 173 171 175
g flared_bellmouth_rear_lip
f 170 174 176
f 170 176 172
g flared_bellmouth
f 173 177 178
f 173 178 174
g flared_bellmouth_inner
usemtl dark_cavity
f 179 175 176
f 179 176 180
g flared_bellmouth_front_lip
usemtl cast_aluminum
f 177 173 175
f 177 175 179
g flared_bellmouth_rear_lip
f 174 178 180
f 174 180 176
g flared_bellmouth
f 177 181 182
f 177 182 178
g flared_bellmouth_inner
usemtl dark_cavity
f 183 179 180
f 183 180 184
g flared_bellmouth_front_lip
usemtl cast_aluminum
f 181 177 179
f 181 179 183
g flared_bellmouth_rear_lip
f 178 182 184
f 178 184 180
g flared_bellmouth
f 181 185 186
f 181 186 182
g flared_bellmouth_inner
usemtl dark_cavity
f 187 183 184
f 187 184 188
g flared_bellmouth_front_lip
usemtl cast_aluminum
f 185 181 183
f 185 183 187
g flared_bellmouth_rear_lip
f 182 186 188
f 182 188 184
g flared_bellmouth
f 185 189 190
f 185 190 186
g flared_bellmouth_inner
usemtl dark_cavity
f 191 187 188
f 191 188 192
g flared_bellmouth_front_lip
usemtl cast_aluminum
f 189 185 187
f 189 187 191
g flared_bellmouth_rear_lip
f 186 190 192
f 186 192 188
g flared_bellmouth
f 189 193 194
f 189 194 190
g flared_bellmouth_inner
usemtl dark_cavity
f 195 191 192
f 195 192 196
g flared_bellmouth_front_lip
usemtl cast_aluminum
f 193 189 191
f 193 191 195
g flared_bellmouth_rear_lip
f 190 194 196
f 190 196 192
g flared_bellmouth
f 193 197 198
f 193 198 194
g flared_bellmouth_inner
usemtl dark_cavity
f 199 195 196
f 199 196 200
g flared_bellmouth_front_lip
usemtl cast_aluminum
f 197 193 195
f 197 195 199
g flared_bellmouth_rear_lip
f 194 198 200
f 194 200 196
g flared_bellmouth
f 197 201 202
f 197 202 198
g flared_bellmouth_inner
usemtl dark_cavity
f 203 199 200
f 203 200 204
g flared_bellmouth_front_lip
usemtl cast_aluminum
f 201 197 199
f 201 199 203
g flared_bellmouth_rear_lip
f 198 202 204
f 198 204 200
g flared_bellmouth
f 201 205 206
f 201 206 202
g flared_bellmouth_inner
usemtl dark_cavity
f 207 203 204
f 207 204 208
g flared_bellmouth_front_lip
usemtl cast_aluminum
f 205 201 203
f 205 203 207
g flared_bellmouth_rear_lip
f 202 206 208
f 202 208 204
g flared_bellmouth
f 205 209 210
f 205 210 206
g flared_bellmouth_inner
usemtl dark_cavity
f 211 207 208
f 211 208 212
g flared_bellmouth_front_lip
usemtl cast_aluminum
f 209 205 207
f 209 207 211
g flared_bellmouth_rear_lip
f 206 210 212
f 206 212 208
g flared_bellmouth
f 209 213 214
f 209 214 210
g flared_bellmouth_inner
usemtl dark_cavity
f 215 211 212
f 215 212 216
g flared_bellmouth_front_lip
usemtl cast_aluminum
f 213 209 211
f 213 211 215
g flared_bellmouth_rear_lip
f 210 214 216
f 210 216 212
g flared_bellmouth
f 213 217 218
f 213 218 214
g flared_bellmouth_inner
usemtl dark_cavity
f 219 215 216
f 219 216 220
g flared_bellmouth_front_lip
usemtl cast_aluminum
f 217 213 215
f 217 215 219
g flared_bellmouth_rear_lip
f 214 218 220
f 214 220 216
g flared_bellmouth
f 217 221 222
f 217 222 218
g flared_bellmouth_inner
usemtl dark_cavity
f 223 219 220
f 223 220 224
g flared_bellmouth_front_lip
usemtl cast_aluminum
f 221 217 219
f 221 219 223
g flared_bellmouth_rear_lip
f 218 222 224
f 218 224 220
g flared_bellmouth
f 221 1 2
f 221 2 222
g flared_bellmouth_inner
usemtl dark_cavity
f 3 223 224
f 3 224 4
g flared_bellmouth_front_lip
usemtl cast_aluminum
f 1 221 223
f 1 223 3
g flared_bellmouth_rear_lip
f 222 2 4
f 222 4 224
g rounded_bell_lip
usemtl aluminum_light
f 225 235 236
f 225 236 226
f 226 236 237
f 226 237 227
f 227 237 238
f 227 238 228
f 228 238 239
f 228 239 229
f 229 239 240
f 229 240 230
f 230 240 241
f 230 241 231
f 231 241 242
f 231 242 232
f 232 242 243
f 232 243 233
f 233 243 244
f 233 244 234
f 234 244 235
f 234 235 225
f 235 245 246
f 235 246 236
f 236 246 247
f 236 247 237
f 237 247 248
f 237 248 238
f 238 248 249
f 238 249 239
f 239 249 250
f 239 250 240
f 240 250 251
f 240 251 241
f 241 251 252
f 241 252 242
f 242 252 253
f 242 253 243
f 243 253 254
f 243 254 244
f 244 254 245
f 244 245 235
f 245 255 256
f 245 256 246
f 246 256 257
f 246 257 247
f 247 257 258
f 247 258 248
f 248 258 259
f 248 259 249
f 249 259 260
f 249 260 250
f 250 260 261
f 250 261 251
f 251 261 262
f 251 262 252
f 252 262 263
f 252 263 253
f 253 263 264
f 253 264 254
f 254 264 255
f 254 255 245
f 255 265 266
f 255 266 256
f 256 266 267
f 256 267 257
f 257 267 268
f 257 268 258
f 258 268 269
f 258 269 259
f 259 269 270
f 259 270 260
f 260 270 271
f 260 271 261
f 261 271 272
f 261 272 262
f 262 272 273
f 262 273 263
f 263 273 274
f 263 274 264
f 264 274 265
f 264 265 255
f 265 275 276
f 265 276 266
f 266 276 277
f 266 277 267
f 267 277 278
f 267 278 268
f 268 278 279
f 268 279 269
f 269 279 280
f 269 280 270
f 270 280 281
f 270 281 271
f 271 281 282
f 271 282 272
f 272 282 283
f 272 283 273
f 273 283 284
f 273 284 274
f 274 284 275
f 274 275 265
f 275 285 286
f 275 286 276
f 276 286 287
f 276 287 277
f 277 287 288
f 277 288 278
f 278 288 289
f 278 289 279
f 279 289 290
f 279 290 280
f 280 290 291
f 280 291 281
f 281 291 292
f 281 292 282
f 282 292 293
f 282 293 283
f 283 293 294
f 283 294 284
f 284 294 285
f 284 285 275
f 285 295 296
f 285 296 286
f 286 296 297
f 286 297 287
f 287 297 298
f 287 298 288
f 288 298 299
f 288 299 289
f 289 299 300
f 289 300 290
f 290 300 301
f 290 301 291
f 291 301 302
f 291 302 292
f 292 302 303
f 292 303 293
f 293 303 304
f 293 304 294
f 294 304 295
f 294 295 285
f 295 305 306
f 295 306 296
f 296 306 307
f 296 307 297
f 297 307 308
f 297 308 298
f 298 308 309
f 298 309 299
f 299 309 310
f 299 310 300
f 300 310 311
f 300 311 301
f 301 311 312
f 301 312 302
f 302 312 313
f 302 313 303
f 303 313 314
f 303 314 304
f 304 314 305
f 304 305 295
f 305 315 316
f 305 316 306
f 306 316 317
f 306 317 307
f 307 317 318
f 307 318 308
f 308 318 319
f 308 319 309
f 309 319 320
f 309 320 310
f 310 320 321
f 310 321 311
f 311 321 322
f 311 322 312
f 312 322 323
f 312 323 313
f 313 323 324
f 313 324 314
f 314 324 315
f 314 315 305
f 315 325 326
f 315 326 316
f 316 326 327
f 316 327 317
f 317 327 328
f 317 328 318
f 318 328 329
f 318 329 319
f 319 329 330
f 319 330 320
f 320 330 331
f 320 331 321
f 321 331 332
f 321 332 322
f 322 332 333
f 322 333 323
f 323 333 334
f 323 334 324
f 324 334 325
f 324 325 315
f 325 335 336
f 325 336 326
f 326 336 337
f 326 337 327
f 327 337 338
f 327 338 328
f 328 338 339
f 328 339 329
f 329 339 340
f 329 340 330
f 330 340 341
f 330 341 331
f 331 341 342
f 331 342 332
f 332 342 343
f 332 343 333
f 333 343 344
f 333 344 334
f 334 344 335
f 334 335 325
f 335 345 346
f 335 346 336
f 336 346 347
f 336 347 337
f 337 347 348
f 337 348 338
f 338 348 349
f 338 349 339
f 339 349 350
f 339 350 340
f 340 350 351
f 340 351 341
f 341 351 352
f 341 352 342
f 342 352 353
f 342 353 343
f 343 353 354
f 343 354 344
f 344 354 345
f 344 345 335
f 345 355 356
f 345 356 346
f 346 356 357
f 346 357 347
f 347 357 358
f 347 358 348
f 348 358 359
f 348 359 349
f 349 359 360
f 349 360 350
f 350 360 361
f 350 361 351
f 351 361 362
f 351 362 352
f 352 362 363
f 352 363 353
f 353 363 364
f 353 364 354
f 354 364 355
f 354 355 345
f 355 365 366
f 355 366 356
f 356 366 367
f 356 367 357
f 357 367 368
f 357 368 358
f 358 368 369
f 358 369 359
f 359 369 370
f 359 370 360
f 360 370 371
f 360 371 361
f 361 371 372
f 361 372 362
f 362 372 373
f 362 373 363
f 363 373 374
f 363 374 364
f 364 374 365
f 364 365 355
f 365 375 376
f 365 376 366
f 366 376 377
f 366 377 367
f 367 377 378
f 367 378 368
f 368 378 379
f 368 379 369
f 369 379 380
f 369 380 370
f 370 380 381
f 370 381 371
f 371 381 382
f 371 382 372
f 372 382 383
f 372 383 373
f 373 383 384
f 373 384 374
f 374 384 375
f 374 375 365
f 375 385 386
f 375 386 376
f 376 386 387
f 376 387 377
f 377 387 388
f 377 388 378
f 378 388 389
f 378 389 379
f 379 389 390
f 379 390 380
f 380 390 391
f 380 391 381
f 381 391 392
f 381 392 382
f 382 392 393
f 382 393 383
f 383 393 394
f 383 394 384
f 384 394 385
f 384 385 375
f 385 395 396
f 385 396 386
f 386 396 397
f 386 397 387
f 387 397 398
f 387 398 388
f 388 398 399
f 388 399 389
f 389 399 400
f 389 400 390
f 390 400 401
f 390 401 391
f 391 401 402
f 391 402 392
f 392 402 403
f 392 403 393
f 393 403 404
f 393 404 394
f 394 404 395
f 394 395 385
f 395 405 406
f 395 406 396
f 396 406 407
f 396 407 397
f 397 407 408
f 397 408 398
f 398 408 409
f 398 409 399
f 399 409 410
f 399 410 400
f 400 410 411
f 400 411 401
f 401 411 412
f 401 412 402
f 402 412 413
f 402 413 403
f 403 413 414
f 403 414 404
f 404 414 405
f 404 405 395
f 405 415 416
f 405 416 406
f 406 416 417
f 406 417 407
f 407 417 418
f 407 418 408
f 408 418 419
f 408 419 409
f 409 419 420
f 409 420 410
f 410 420 421
f 410 421 411
f 411 421 422
f 411 422 412
f 412 422 423
f 412 423 413
f 413 423 424
f 413 424 414
f 414 424 415
f 414 415 405
f 415 425 426
f 415 426 416
f 416 426 427
f 416 427 417
f 417 427 428
f 417 428 418
f 418 428 429
f 418 429 419
f 419 429 430
f 419 430 420
f 420 430 431
f 420 431 421
f 421 431 432
f 421 432 422
f 422 432 433
f 422 433 423
f 423 433 434
f 423 434 424
f 424 434 425
f 424 425 415
f 425 435 436
f 425 436 426
f 426 436 437
f 426 437 427
f 427 437 438
f 427 438 428
f 428 438 439
f 428 439 429
f 429 439 440
f 429 440 430
f 430 440 441
f 430 441 431
f 431 441 442
f 431 442 432
f 432 442 443
f 432 443 433
f 433 443 444
f 433 444 434
f 434 444 435
f 434 435 425
f 435 445 446
f 435 446 436
f 436 446 447
f 436 447 437
f 437 447 448
f 437 448 438
f 438 448 449
f 438 449 439
f 439 449 450
f 439 450 440
f 440 450 451
f 440 451 441
f 441 451 452
f 441 452 442
f 442 452 453
f 442 453 443
f 443 453 454
f 443 454 444
f 444 454 445
f 444 445 435
f 445 455 456
f 445 456 446
f 446 456 457
f 446 457 447
f 447 457 458
f 447 458 448
f 448 458 459
f 448 459 449
f 449 459 460
f 449 460 450
f 450 460 461
f 450 461 451
f 451 461 462
f 451 462 452
f 452 462 463
f 452 463 453
f 453 463 464
f 453 464 454
f 454 464 455
f 454 455 445
f 455 465 466
f 455 466 456
f 456 466 467
f 456 467 457
f 457 467 468
f 457 468 458
f 458 468 469
f 458 469 459
f 459 469 470
f 459 470 460
f 460 470 471
f 460 471 461
f 461 471 472
f 461 472 462
f 462 472 473
f 462 473 463
f 463 473 474
f 463 474 464
f 464 474 465
f 464 465 455
f 465 475 476
f 465 476 466
f 466 476 477
f 466 477 467
f 467 477 478
f 467 478 468
f 468 478 479
f 468 479 469
f 469 479 480
f 469 480 470
f 470 480 481
f 470 481 471
f 471 481 482
f 471 482 472
f 472 482 483
f 472 483 473
f 473 483 484
f 473 484 474
f 474 484 475
f 474 475 465
f 475 485 486
f 475 486 476
f 476 486 487
f 476 487 477
f 477 487 488
f 477 488 478
f 478 488 489
f 478 489 479
f 479 489 490
f 479 490 480
f 480 490 491
f 480 491 481
f 481 491 492
f 481 492 482
f 482 492 493
f 482 493 483
f 483 493 494
f 483 494 484
f 484 494 485
f 484 485 475
f 485 495 496
f 485 496 486
f 486 496 497
f 486 497 487
f 487 497 498
f 487 498 488
f 488 498 499
f 488 499 489
f 489 499 500
f 489 500 490
f 490 500 501
f 490 501 491
f 491 501 502
f 491 502 492
f 492 502 503
f 492 503 493
f 493 503 504
f 493 504 494
f 494 504 495
f 494 495 485
f 495 505 506
f 495 506 496
f 496 506 507
f 496 507 497
f 497 507 508
f 497 508 498
f 498 508 509
f 498 509 499
f 499 509 510
f 499 510 500
f 500 510 511
f 500 511 501
f 501 511 512
f 501 512 502
f 502 512 513
f 502 513 503
f 503 513 514
f 503 514 504
f 504 514 505
f 504 505 495
f 505 515 516
f 505 516 506
f 506 516 517
f 506 517 507
f 507 517 518
f 507 518 508
f 508 518 519
f 508 519 509
f 509 519 520
f 509 520 510
f 510 520 521
f 510 521 511
f 511 521 522
f 511 522 512
f 512 522 523
f 512 523 513
f 513 523 524
f 513 524 514
f 514 524 515
f 514 515 505
f 515 525 526
f 515 526 516
f 516 526 527
f 516 527 517
f 517 527 528
f 517 528 518
f 518 528 529
f 518 529 519
f 519 529 530
f 519 530 520
f 520 530 531
f 520 531 521
f 521 531 532
f 521 532 522
f 522 532 533
f 522 533 523
f 523 533 534
f 523 534 524
f 524 534 525
f 524 525 515
f 525 535 536
f 525 536 526
f 526 536 537
f 526 537 527
f 527 537 538
f 527 538 528
f 528 538 539
f 528 539 529
f 529 539 540
f 529 540 530
f 530 540 541
f 530 541 531
f 531 541 542
f 531 542 532
f 532 542 543
f 532 543 533
f 533 543 544
f 533 544 534
f 534 544 535
f 534 535 525
f 535 545 546
f 535 546 536
f 536 546 547
f 536 547 537
f 537 547 548
f 537 548 538
f 538 548 549
f 538 549 539
f 539 549 550
f 539 550 540
f 540 550 551
f 540 551 541
f 541 551 552
f 541 552 542
f 542 552 553
f 542 553 543
f 543 553 554
f 543 554 544
f 544 554 545
f 544 545 535
f 545 555 556
f 545 556 546
f 546 556 557
f 546 557 547
f 547 557 558
f 547 558 548
f 548 558 559
f 548 559 549
f 549 559 560
f 549 560 550
f 550 560 561
f 550 561 551
f 551 561 562
f 551 562 552
f 552 562 563
f 552 563 553
f 553 563 564
f 553 564 554
f 554 564 555
f 554 555 545
f 555 565 566
f 555 566 556
f 556 566 567
f 556 567 557
f 557 567 568
f 557 568 558
f 558 568 569
f 558 569 559
f 559 569 570
f 559 570 560
f 560 570 571
f 560 571 561
f 561 571 572
f 561 572 562
f 562 572 573
f 562 573 563
f 563 573 574
f 563 574 564
f 564 574 565
f 564 565 555
f 565 575 576
f 565 576 566
f 566 576 577
f 566 577 567
f 567 577 578
f 567 578 568
f 568 578 579
f 568 579 569
f 569 579 580
f 569 580 570
f 570 580 581
f 570 581 571
f 571 581 582
f 571 582 572
f 572 582 583
f 572 583 573
f 573 583 584
f 573 584 574
f 574 584 575
f 574 575 565
f 575 585 586
f 575 586 576
f 576 586 587
f 576 587 577
f 577 587 588
f 577 588 578
f 578 588 589
f 578 589 579
f 579 589 590
f 579 590 580
f 580 590 591
f 580 591 581
f 581 591 592
f 581 592 582
f 582 592 593
f 582 593 583
f 583 593 594
f 583 594 584
f 584 594 585
f 584 585 575
f 585 595 596
f 585 596 586
f 586 596 597
f 586 597 587
f 587 597 598
f 587 598 588
f 588 598 599
f 588 599 589
f 589 599 600
f 589 600 590
f 590 600 601
f 590 601 591
f 591 601 602
f 591 602 592
f 592 602 603
f 592 603 593
f 593 603 604
f 593 604 594
f 594 604 595
f 594 595 585
f 595 605 606
f 595 606 596
f 596 606 607
f 596 607 597
f 597 607 608
f 597 608 598
f 598 608 609
f 598 609 599
f 599 609 610
f 599 610 600
f 600 610 611
f 600 611 601
f 601 611 612
f 601 612 602
f 602 612 613
f 602 613 603
f 603 613 614
f 603 614 604
f 604 614 605
f 604 605 595
f 605 615 616
f 605 616 606
f 606 616 617
f 606 617 607
f 607 617 618
f 607 618 608
f 608 618 619
f 608 619 609
f 609 619 620
f 609 620 610
f 610 620 621
f 610 621 611
f 611 621 622
f 611 622 612
f 612 622 623
f 612 623 613
f 613 623 624
f 613 624 614
f 614 624 615
f 614 615 605
f 615 625 626
f 615 626 616
f 616 626 627
f 616 627 617
f 617 627 628
f 617 628 618
f 618 628 629
f 618 629 619
f 619 629 630
f 619 630 620
f 620 630 631
f 620 631 621
f 621 631 632
f 621 632 622
f 622 632 633
f 622 633 623
f 623 633 634
f 623 634 624
f 624 634 625
f 624 625 615
f 625 635 636
f 625 636 626
f 626 636 637
f 626 637 627
f 627 637 638
f 627 638 628
f 628 638 639
f 628 639 629
f 629 639 640
f 629 640 630
f 630 640 641
f 630 641 631
f 631 641 642
f 631 642 632
f 632 642 643
f 632 643 633
f 633 643 644
f 633 644 634
f 634 644 635
f 634 635 625
f 635 645 646
f 635 646 636
f 636 646 647
f 636 647 637
f 637 647 648
f 637 648 638
f 638 648 649
f 638 649 639
f 639 649 650
f 639 650 640
f 640 650 651
f 640 651 641
f 641 651 652
f 641 652 642
f 642 652 653
f 642 653 643
f 643 653 654
f 643 654 644
f 644 654 645
f 644 645 635
f 645 655 656
f 645 656 646
f 646 656 657
f 646 657 647
f 647 657 658
f 647 658 648
f 648 658 659
f 648 659 649
f 649 659 660
f 649 660 650
f 650 660 661
f 650 661 651
f 651 661 662
f 651 662 652
f 652 662 663
f 652 663 653
f 653 663 664
f 653 664 654
f 654 664 655
f 654 655 645
f 655 665 666
f 655 666 656
f 656 666 667
f 656 667 657
f 657 667 668
f 657 668 658
f 658 668 669
f 658 669 659
f 659 669 670
f 659 670 660
f 660 670 671
f 660 671 661
f 661 671 672
f 661 672 662
f 662 672 673
f 662 673 663
f 663 673 674
f 663 674 664
f 664 674 665
f 664 665 655
f 665 675 676
f 665 676 666
f 666 676 677
f 666 677 667
f 667 677 678
f 667 678 668
f 668 678 679
f 668 679 669
f 669 679 680
f 669 680 670
f 670 680 681
f 670 681 671
f 671 681 682
f 671 682 672
f 672 682 683
f 672 683 673
f 673 683 684
f 673 684 674
f 674 684 675
f 674 675 665
f 675 685 686
f 675 686 676
f 676 686 687
f 676 687 677
f 677 687 688
f 677 688 678
f 678 688 689
f 678 689 679
f 679 689 690
f 679 690 680
f 680 690 691
f 680 691 681
f 681 691 692
f 681 692 682
f 682 692 693
f 682 693 683
f 683 693 694
f 683 694 684
f 684 694 685
f 684 685 675
f 685 695 696
f 685 696 686
f 686 696 697
f 686 697 687
f 687 697 698
f 687 698 688
f 688 698 699
f 688 699 689
f 689 699 700
f 689 700 690
f 690 700 701
f 690 701 691
f 691 701 702
f 691 702 692
f 692 702 703
f 692 703 693
f 693 703 704
f 693 704 694
f 694 704 695
f 694 695 685
f 695 705 706
f 695 706 696
f 696 706 707
f 696 707 697
f 697 707 708
f 697 708 698
f 698 708 709
f 698 709 699
f 699 709 710
f 699 710 700
f 700 710 711
f 700 711 701
f 701 711 712
f 701 712 702
f 702 712 713
f 702 713 703
f 703 713 714
f 703 714 704
f 704 714 705
f 704 705 695
f 705 715 716
f 705 716 706
f 706 716 717
f 706 717 707
f 707 717 718
f 707 718 708
f 708 718 719
f 708 719 709
f 709 719 720
f 709 720 710
f 710 720 721
f 710 721 711
f 711 721 722
f 711 722 712
f 712 722 723
f 712 723 713
f 713 723 724
f 713 724 714
f 714 724 715
f 714 715 705
f 715 725 726
f 715 726 716
f 716 726 727
f 716 727 717
f 717 727 728
f 717 728 718
f 718 728 729
f 718 729 719
f 719 729 730
f 719 730 720
f 720 730 731
f 720 731 721
f 721 731 732
f 721 732 722
f 722 732 733
f 722 733 723
f 723 733 734
f 723 734 724
f 724 734 725
f 724 725 715
f 725 735 736
f 725 736 726
f 726 736 737
f 726 737 727
f 727 737 738
f 727 738 728
f 728 738 739
f 728 739 729
f 729 739 740
f 729 740 730
f 730 740 741
f 730 741 731
f 731 741 742
f 731 742 732
f 732 742 743
f 732 743 733
f 733 743 744
f 733 744 734
f 734 744 735
f 734 735 725
f 735 745 746
f 735 746 736
f 736 746 747
f 736 747 737
f 737 747 748
f 737 748 738
f 738 748 749
f 738 749 739
f 739 749 750
f 739 750 740
f 740 750 751
f 740 751 741
f 741 751 752
f 741 752 742
f 742 752 753
f 742 753 743
f 743 753 754
f 743 754 744
f 744 754 745
f 744 745 735
f 745 755 756
f 745 756 746
f 746 756 757
f 746 757 747
f 747 757 758
f 747 758 748
f 748 758 759
f 748 759 749
f 749 759 760
f 749 760 750
f 750 760 761
f 750 761 751
f 751 761 762
f 751 762 752
f 752 762 763
f 752 763 753
f 753 763 764
f 753 764 754
f 754 764 755
f 754 755 745
f 755 765 766
f 755 766 756
f 756 766 767
f 756 767 757
f 757 767 768
f 757 768 758
f 758 768 769
f 758 769 759
f 759 769 770
f 759 770 760
f 760 770 771
f 760 771 761
f 761 771 772
f 761 772 762
f 762 772 773
f 762 773 763
f 763 773 774
f 763 774 764
f 764 774 765
f 764 765 755
f 765 775 776
f 765 776 766
f 766 776 777
f 766 777 767
f 767 777 778
f 767 778 768
f 768 778 779
f 768 779 769
f 769 779 780
f 769 780 770
f 770 780 781
f 770 781 771
f 771 781 782
f 771 782 772
f 772 782 783
f 772 783 773
f 773 783 784
f 773 784 774
f 774 784 775
f 774 775 765
f 775 225 226
f 775 226 776
f 776 226 227
f 776 227 777
f 777 227 228
f 777 228 778
f 778 228 229
f 778 229 779
f 779 229 230
f 779 230 780
f 780 230 231
f 780 231 781
f 781 231 232
f 781 232 782
f 782 232 233
f 782 233 783
f 783 233 234
f 783 234 784
f 784 234 225
f 784 225 775
g main_venturi_body
usemtl cast_aluminum
f 785 789 790
f 785 790 786
g main_venturi_body_inner
usemtl dark_cavity
f 791 787 788
f 791 788 792
g main_venturi_body_front_lip
usemtl cast_aluminum
f 789 785 787
f 789 787 791
g main_venturi_body_rear_lip
f 786 790 792
f 786 792 788
g main_venturi_body
f 789 793 794
f 789 794 790
g main_venturi_body_inner
usemtl dark_cavity
f 795 791 792
f 795 792 796
g main_venturi_body_front_lip
usemtl cast_aluminum
f 793 789 791
f 793 791 795
g main_venturi_body_rear_lip
f 790 794 796
f 790 796 792
g main_venturi_body
f 793 797 798
f 793 798 794
g main_venturi_body_inner
usemtl dark_cavity
f 799 795 796
f 799 796 800
g main_venturi_body_front_lip
usemtl cast_aluminum
f 797 793 795
f 797 795 799
g main_venturi_body_rear_lip
f 794 798 800
f 794 800 796
g main_venturi_body
f 797 801 802
f 797 802 798
g main_venturi_body_inner
usemtl dark_cavity
f 803 799 800
f 803 800 804
g main_venturi_body_front_lip
usemtl cast_aluminum
f 801 797 799
f 801 799 803
g main_venturi_body_rear_lip
f 798 802 804
f 798 804 800
g main_venturi_body
f 801 805 806
f 801 806 802
g main_venturi_body_inner
usemtl dark_cavity
f 807 803 804
f 807 804 808
g main_venturi_body_front_lip
usemtl cast_aluminum
f 805 801 803
f 805 803 807
g main_venturi_body_rear_lip
f 802 806 808
f 802 808 804
g main_venturi_body
f 805 809 810
f 805 810 806
g main_venturi_body_inner
usemtl dark_cavity
f 811 807 808
f 811 808 812
g main_venturi_body_front_lip
usemtl cast_aluminum
f 809 805 807
f 809 807 811
g main_venturi_body_rear_lip
f 806 810 812
f 806 812 808
g main_venturi_body
f 809 813 814
f 809 814 810
g main_venturi_body_inner
usemtl dark_cavity
f 815 811 812
f 815 812 816
g main_venturi_body_front_lip
usemtl cast_aluminum
f 813 809 811
f 813 811 815
g main_venturi_body_rear_lip
f 810 814 816
f 810 816 812
g main_venturi_body
f 813 817 818
f 813 818 814
g main_venturi_body_inner
usemtl dark_cavity
f 819 815 816
f 819 816 820
g main_venturi_body_front_lip
usemtl cast_aluminum
f 817 813 815
f 817 815 819
g main_venturi_body_rear_lip
f 814 818 820
f 814 820 816
g main_venturi_body
f 817 821 822
f 817 822 818
g main_venturi_body_inner
usemtl dark_cavity
f 823 819 820
f 823 820 824
g main_venturi_body_front_lip
usemtl cast_aluminum
f 821 817 819
f 821 819 823
g main_venturi_body_rear_lip
f 818 822 824
f 818 824 820
g main_venturi_body
f 821 825 826
f 821 826 822
g main_venturi_body_inner
usemtl dark_cavity
f 827 823 824
f 827 824 828
g main_venturi_body_front_lip
usemtl cast_aluminum
f 825 821 823
f 825 823 827
g main_venturi_body_rear_lip
f 822 826 828
f 822 828 824
g main_venturi_body
f 825 829 830
f 825 830 826
g main_venturi_body_inner
usemtl dark_cavity
f 831 827 828
f 831 828 832
g main_venturi_body_front_lip
usemtl cast_aluminum
f 829 825 827
f 829 827 831
g main_venturi_body_rear_lip
f 826 830 832
f 826 832 828
g main_venturi_body
f 829 833 834
f 829 834 830
g main_venturi_body_inner
usemtl dark_cavity
f 835 831 832
f 835 832 836
g main_venturi_body_front_lip
usemtl cast_aluminum
f 833 829 831
f 833 831 835
g main_venturi_body_rear_lip
f 830 834 836
f 830 836 832
g main_venturi_body
f 833 837 838
f 833 838 834
g main_venturi_body_inner
usemtl dark_cavity
f 839 835 836
f 839 836 840
g main_venturi_body_front_lip
usemtl cast_aluminum
f 837 833 835
f 837 835 839
g main_venturi_body_rear_lip
f 834 838 840
f 834 840 836
g main_venturi_body
f 837 841 842
f 837 842 838
g main_venturi_body_inner
usemtl dark_cavity
f 843 839 840
f 843 840 844
g main_venturi_body_front_lip
usemtl cast_aluminum
f 841 837 839
f 841 839 843
g main_venturi_body_rear_lip
f 838 842 844
f 838 844 840
g main_venturi_body
f 841 845 846
f 841 846 842
g main_venturi_body_inner
usemtl dark_cavity
f 847 843 844
f 847 844 848
g main_venturi_body_front_lip
usemtl cast_aluminum
f 845 841 843
f 845 843 847
g main_venturi_body_rear_lip
f 842 846 848
f 842 848 844
g main_venturi_body
f 845 849 850
f 845 850 846
g main_venturi_body_inner
usemtl dark_cavity
f 851 847 848
f 851 848 852
g main_venturi_body_front_lip
usemtl cast_aluminum
f 849 845 847
f 849 847 851
g main_venturi_body_rear_lip
f 846 850 852
f 846 852 848
g main_venturi_body
f 849 853 854
f 849 854 850
g main_venturi_body_inner
usemtl dark_cavity
f 855 851 852
f 855 852 856
g main_venturi_body_front_lip
usemtl cast_aluminum
f 853 849 851
f 853 851 855
g main_venturi_body_rear_lip
f 850 854 856
f 850 856 852
g main_venturi_body
f 853 857 858
f 853 858 854
g main_venturi_body_inner
usemtl dark_cavity
f 859 855 856
f 859 856 860
g main_venturi_body_front_lip
usemtl cast_aluminum
f 857 853 855
f 857 855 859
g main_venturi_body_rear_lip
f 854 858 860
f 854 860 856
g main_venturi_body
f 857 861 862
f 857 862 858
g main_venturi_body_inner
usemtl dark_cavity
f 863 859 860
f 863 860 864
g main_venturi_body_front_lip
usemtl cast_aluminum
f 861 857 859
f 861 859 863
g main_venturi_body_rear_lip
f 858 862 864
f 858 864 860
g main_venturi_body
f 861 865 866
f 861 866 862
g main_venturi_body_inner
usemtl dark_cavity
f 867 863 864
f 867 864 868
g main_venturi_body_front_lip
usemtl cast_aluminum
f 865 861 863
f 865 863 867
g main_venturi_body_rear_lip
f 862 866 868
f 862 868 864
g main_venturi_body
f 865 869 870
f 865 870 866
g main_venturi_body_inner
usemtl dark_cavity
f 871 867 868
f 871 868 872
g main_venturi_body_front_lip
usemtl cast_aluminum
f 869 865 867
f 869 867 871
g main_venturi_body_rear_lip
f 866 870 872
f 866 872 868
g main_venturi_body
f 869 873 874
f 869 874 870
g main_venturi_body_inner
usemtl dark_cavity
f 875 871 872
f 875 872 876
g main_venturi_body_front_lip
usemtl cast_aluminum
f 873 869 871
f 873 871 875
g main_venturi_body_rear_lip
f 870 874 876
f 870 876 872
g main_venturi_body
f 873 877 878
f 873 878 874
g main_venturi_body_inner
usemtl dark_cavity
f 879 875 876
f 879 876 880
g main_venturi_body_front_lip
usemtl cast_aluminum
f 877 873 875
f 877 875 879
g main_venturi_body_rear_lip
f 874 878 880
f 874 880 876
g main_venturi_body
f 877 881 882
f 877 882 878
g main_venturi_body_inner
usemtl dark_cavity
f 883 879 880
f 883 880 884
g main_venturi_body_front_lip
usemtl cast_aluminum
f 881 877 879
f 881 879 883
g main_venturi_body_rear_lip
f 878 882 884
f 878 884 880
g main_venturi_body
f 881 885 886
f 881 886 882
g main_venturi_body_inner
usemtl dark_cavity
f 887 883 884
f 887 884 888
g main_venturi_body_front_lip
usemtl cast_aluminum
f 885 881 883
f 885 883 887
g main_venturi_body_rear_lip
f 882 886 888
f 882 888 884
g main_venturi_body
f 885 889 890
f 885 890 886
g main_venturi_body_inner
usemtl dark_cavity
f 891 887 888
f 891 888 892
g main_venturi_body_front_lip
usemtl cast_aluminum
f 889 885 887
f 889 887 891
g main_venturi_body_rear_lip
f 886 890 892
f 886 892 888
g main_venturi_body
f 889 893 894
f 889 894 890
g main_venturi_body_inner
usemtl dark_cavity
f 895 891 892
f 895 892 896
g main_venturi_body_front_lip
usemtl cast_aluminum
f 893 889 891
f 893 891 895
g main_venturi_body_rear_lip
f 890 894 896
f 890 896 892
g main_venturi_body
f 893 897 898
f 893 898 894
g main_venturi_body_inner
usemtl dark_cavity
f 899 895 896
f 899 896 900
g main_venturi_body_front_lip
usemtl cast_aluminum
f 897 893 895
f 897 895 899
g main_venturi_body_rear_lip
f 894 898 900
f 894 900 896
g main_venturi_body
f 897 901 902
f 897 902 898
g main_venturi_body_inner
usemtl dark_cavity
f 903 899 900
f 903 900 904
g main_venturi_body_front_lip
usemtl cast_aluminum
f 901 897 899
f 901 899 903
g main_venturi_body_rear_lip
f 898 902 904
f 898 904 900
g main_venturi_body
f 901 905 906
f 901 906 902
g main_venturi_body_inner
usemtl dark_cavity
f 907 903 904
f 907 904 908
g main_venturi_body_front_lip
usemtl cast_aluminum
f 905 901 903
f 905 903 907
g main_venturi_body_rear_lip
f 902 906 908
f 902 908 904
g main_venturi_body
f 905 909 910
f 905 910 906
g main_venturi_body_inner
usemtl dark_cavity
f 911 907 908
f 911 908 912
g main_venturi_body_front_lip
usemtl cast_aluminum
f 909 905 907
f 909 907 911
g main_venturi_body_rear_lip
f 906 910 912
f 906 912 908
g main_venturi_body
f 909 913 914
f 909 914 910
g main_venturi_body_inner
usemtl dark_cavity
f 915 911 912
f 915 912 916
g main_venturi_body_front_lip
usemtl cast_aluminum
f 913 909 911
f 913 911 915
g main_venturi_body_rear_lip
f 910 914 916
f 910 916 912
g main_venturi_body
f 913 917 918
f 913 918 914
g main_venturi_body_inner
usemtl dark_cavity
f 919 915 916
f 919 916 920
g main_venturi_body_front_lip
usemtl cast_aluminum
f 917 913 915
f 917 915 919
g main_venturi_body_rear_lip
f 914 918 920
f 914 920 916
g main_venturi_body
f 917 921 922
f 917 922 918
g main_venturi_body_inner
usemtl dark_cavity
f 923 919 920
f 923 920 924
g main_venturi_body_front_lip
usemtl cast_aluminum
f 921 917 919
f 921 919 923
g main_venturi_body_rear_lip
f 918 922 924
f 918 924 920
g main_venturi_body
f 921 925 926
f 921 926 922
g main_venturi_body_inner
usemtl dark_cavity
f 927 923 924
f 927 924 928
g main_venturi_body_front_lip
usemtl cast_aluminum
f 925 921 923
f 925 923 927
g main_venturi_body_rear_lip
f 922 926 928
f 922 928 924
g main_venturi_body
f 925 929 930
f 925 930 926
g main_venturi_body_inner
usemtl dark_cavity
f 931 927 928
f 931 928 932
g main_venturi_body_front_lip
usemtl cast_aluminum
f 929 925 927
f 929 927 931
g main_venturi_body_rear_lip
f 926 930 932
f 926 932 928
g main_venturi_body
f 929 933 934
f 929 934 930
g main_venturi_body_inner
usemtl dark_cavity
f 935 931 932
f 935 932 936
g main_venturi_body_front_lip
usemtl cast_aluminum
f 933 929 931
f 933 931 935
g main_venturi_body_rear_lip
f 930 934 936
f 930 936 932
g main_venturi_body
f 933 937 938
f 933 938 934
g main_venturi_body_inner
usemtl dark_cavity
f 939 935 936
f 939 936 940
g main_venturi_body_front_lip
usemtl cast_aluminum
f 937 933 935
f 937 935 939
g main_venturi_body_rear_lip
f 934 938 940
f 934 940 936
g main_venturi_body
f 937 941 942
f 937 942 938
g main_venturi_body_inner
usemtl dark_cavity
f 943 939 940
f 943 940 944
g main_venturi_body_front_lip
usemtl cast_aluminum
f 941 937 939
f 941 939 943
g main_venturi_body_rear_lip
f 938 942 944
f 938 944 940
g main_venturi_body
f 941 945 946
f 941 946 942
g main_venturi_body_inner
usemtl dark_cavity
f 947 943 944
f 947 944 948
g main_venturi_body_front_lip
usemtl cast_aluminum
f 945 941 943
f 945 943 947
g main_venturi_body_rear_lip
f 942 946 948
f 942 948 944
g main_venturi_body
f 945 949 950
f 945 950 946
g main_venturi_body_inner
usemtl dark_cavity
f 951 947 948
f 951 948 952
g main_venturi_body_front_lip
usemtl cast_aluminum
f 949 945 947
f 949 947 951
g main_venturi_body_rear_lip
f 946 950 952
f 946 952 948
g main_venturi_body
f 949 953 954
f 949 954 950
g main_venturi_body_inner
usemtl dark_cavity
f 955 951 952
f 955 952 956
g main_venturi_body_front_lip
usemtl cast_aluminum
f 953 949 951
f 953 951 955
g main_venturi_body_rear_lip
f 950 954 956
f 950 956 952
g main_venturi_body
f 953 957 958
f 953 958 954
g main_venturi_body_inner
usemtl dark_cavity
f 959 955 956
f 959 956 960
g main_venturi_body_front_lip
usemtl cast_aluminum
f 957 953 955
f 957 955 959
g main_venturi_body_rear_lip
f 954 958 960
f 954 960 956
g main_venturi_body
f 957 961 962
f 957 962 958
g main_venturi_body_inner
usemtl dark_cavity
f 963 959 960
f 963 960 964
g main_venturi_body_front_lip
usemtl cast_aluminum
f 961 957 959
f 961 959 963
g main_venturi_body_rear_lip
f 958 962 964
f 958 964 960
g main_venturi_body
f 961 965 966
f 961 966 962
g main_venturi_body_inner
usemtl dark_cavity
f 967 963 964
f 967 964 968
g main_venturi_body_front_lip
usemtl cast_aluminum
f 965 961 963
f 965 963 967
g main_venturi_body_rear_lip
f 962 966 968
f 962 968 964
g main_venturi_body
f 965 969 970
f 965 970 966
g main_venturi_body_inner
usemtl dark_cavity
f 971 967 968
f 971 968 972
g main_venturi_body_front_lip
usemtl cast_aluminum
f 969 965 967
f 969 967 971
g main_venturi_body_rear_lip
f 966 970 972
f 966 972 968
g main_venturi_body
f 969 973 974
f 969 974 970
g main_venturi_body_inner
usemtl dark_cavity
f 975 971 972
f 975 972 976
g main_venturi_body_front_lip
usemtl cast_aluminum
f 973 969 971
f 973 971 975
g main_venturi_body_rear_lip
f 970 974 976
f 970 976 972
g main_venturi_body
f 973 785 786
f 973 786 974
g main_venturi_body_inner
usemtl dark_cavity
f 787 975 976
f 787 976 788
g main_venturi_body_front_lip
usemtl cast_aluminum
f 785 973 975
f 785 975 787
g main_venturi_body_rear_lip
f 974 786 788
f 974 788 976
g rear_outlet_spigot
f 977 979 980
f 977 980 978
f 979 981 982
f 979 982 980
f 981 983 984
f 981 984 982
f 983 985 986
f 983 986 984
f 985 987 988
f 985 988 986
f 987 989 990
f 987 990 988
f 989 991 992
f 989 992 990
f 991 993 994
f 991 994 992
f 993 995 996
f 993 996 994
f 995 997 998
f 995 998 996
f 997 999 1000
f 997 1000 998
f 999 1001 1002
f 999 1002 1000
f 1001 1003 1004
f 1001 1004 1002
f 1003 1005 1006
f 1003 1006 1004
f 1005 1007 1008
f 1005 1008 1006
f 1007 1009 1010
f 1007 1010 1008
f 1009 1011 1012
f 1009 1012 1010
f 1011 1013 1014
f 1011 1014 1012
f 1013 1015 1016
f 1013 1016 1014
f 1015 1017 1018
f 1015 1018 1016
f 1017 1019 1020
f 1017 1020 1018
f 1019 1021 1022
f 1019 1022 1020
f 1021 1023 1024
f 1021 1024 1022
f 1023 1025 1026
f 1023 1026 1024
f 1025 1027 1028
f 1025 1028 1026
f 1027 1029 1030
f 1027 1030 1028
f 1029 1031 1032
f 1029 1032 1030
f 1031 1033 1034
f 1031 1034 1032
f 1033 1035 1036
f 1033 1036 1034
f 1035 1037 1038
f 1035 1038 1036
f 1037 1039 1040
f 1037 1040 1038
f 1039 1041 1042
f 1039 1042 1040
f 1041 1043 1044
f 1041 1044 1042
f 1043 1045 1046
f 1043 1046 1044
f 1045 1047 1048
f 1045 1048 1046
f 1047 1049 1050
f 1047 1050 1048
f 1049 1051 1052
f 1049 1052 1050
f 1051 1053 1054
f 1051 1054 1052
f 1053 1055 1056
f 1053 1056 1054
f 1055 1057 1058
f 1055 1058 1056
f 1057 1059 1060
f 1057 1060 1058
f 1059 1061 1062
f 1059 1062 1060
f 1061 1063 1064
f 1061 1064 1062
f 1063 1065 1066
f 1063 1066 1064
f 1065 1067 1068
f 1065 1068 1066
f 1067 1069 1070
f 1067 1070 1068
f 1069 1071 1072
f 1069 1072 1070
f 1071 977 978
f 1071 978 1072
f 1073 979 977
f 1074 978 980
f 1073 981 979
f 1074 980 982
f 1073 983 981
f 1074 982 984
f 1073 985 983
f 1074 984 986
f 1073 987 985
f 1074 986 988
f 1073 989 987
f 1074 988 990
f 1073 991 989
f 1074 990 992
f 1073 993 991
f 1074 992 994
f 1073 995 993
f 1074 994 996
f 1073 997 995
f 1074 996 998
f 1073 999 997
f 1074 998 1000
f 1073 1001 999
f 1074 1000 1002
f 1073 1003 1001
f 1074 1002 1004
f 1073 1005 1003
f 1074 1004 1006
f 1073 1007 1005
f 1074 1006 1008
f 1073 1009 1007
f 1074 1008 1010
f 1073 1011 1009
f 1074 1010 1012
f 1073 1013 1011
f 1074 1012 1014
f 1073 1015 1013
f 1074 1014 1016
f 1073 1017 1015
f 1074 1016 1018
f 1073 1019 1017
f 1074 1018 1020
f 1073 1021 1019
f 1074 1020 1022
f 1073 1023 1021
f 1074 1022 1024
f 1073 1025 1023
f 1074 1024 1026
f 1073 1027 1025
f 1074 1026 1028
f 1073 1029 1027
f 1074 1028 1030
f 1073 1031 1029
f 1074 1030 1032
f 1073 1033 1031
f 1074 1032 1034
f 1073 1035 1033
f 1074 1034 1036
f 1073 1037 1035
f 1074 1036 1038
f 1073 1039 1037
f 1074 1038 1040
f 1073 1041 1039
f 1074 1040 1042
f 1073 1043 1041
f 1074 1042 1044
f 1073 1045 1043
f 1074 1044 1046
f 1073 1047 1045
f 1074 1046 1048
f 1073 1049 1047
f 1074 1048 1050
f 1073 1051 1049
f 1074 1050 1052
f 1073 1053 1051
f 1074 1052 1054
f 1073 1055 1053
f 1074 1054 1056
f 1073 1057 1055
f 1074 1056 1058
f 1073 1059 1057
f 1074 1058 1060
f 1073 1061 1059
f 1074 1060 1062
f 1073 1063 1061
f 1074 1062 1064
f 1073 1065 1063
f 1074 1064 1066
f 1073 1067 1065
f 1074 1066 1068
f 1073 1069 1067
f 1074 1068 1070
f 1073 1071 1069
f 1074 1070 1072
f 1073 977 1071
f 1074 1072 978
g rear_outlet_bead
usemtl aluminum_light
f 1075 1083 1084
f 1075 1084 1076
f 1076 1084 1085
f 1076 1085 1077
f 1077 1085 1086
f 1077 1086 1078
f 1078 1086 1087
f 1078 1087 1079
f 1079 1087 1088
f 1079 1088 1080
f 1080 1088 1089
f 1080 1089 1081
f 1081 1089 1090
f 1081 1090 1082
f 1082 1090 1083
f 1082 1083 1075
f 1083 1091 1092
f 1083 1092 1084
f 1084 1092 1093
f 1084 1093 1085
f 1085 1093 1094
f 1085 1094 1086
f 1086 1094 1095
f 1086 1095 1087
f 1087 1095 1096
f 1087 1096 1088
f 1088 1096 1097
f 1088 1097 1089
f 1089 1097 1098
f 1089 1098 1090
f 1090 1098 1091
f 1090 1091 1083
f 1091 1099 1100
f 1091 1100 1092
f 1092 1100 1101
f 1092 1101 1093
f 1093 1101 1102
f 1093 1102 1094
f 1094 1102 1103
f 1094 1103 1095
f 1095 1103 1104
f 1095 1104 1096
f 1096 1104 1105
f 1096 1105 1097
f 1097 1105 1106
f 1097 1106 1098
f 1098 1106 1099
f 1098 1099 1091
f 1099 1107 1108
f 1099 1108 1100
f 1100 1108 1109
f 1100 1109 1101
f 1101 1109 1110
f 1101 1110 1102
f 1102 1110 1111
f 1102 1111 1103
f 1103 1111 1112
f 1103 1112 1104
f 1104 1112 1113
f 1104 1113 1105
f 1105 1113 1114
f 1105 1114 1106
f 1106 1114 1107
f 1106 1107 1099
f 1107 1115 1116
f 1107 1116 1108
f 1108 1116 1117
f 1108 1117 1109
f 1109 1117 1118
f 1109 1118 1110
f 1110 1118 1119
f 1110 1119 1111
f 1111 1119 1120
f 1111 1120 1112
f 1112 1120 1121
f 1112 1121 1113
f 1113 1121 1122
f 1113 1122 1114
f 1114 1122 1115
f 1114 1115 1107
f 1115 1123 1124
f 1115 1124 1116
f 1116 1124 1125
f 1116 1125 1117
f 1117 1125 1126
f 1117 1126 1118
f 1118 1126 1127
f 1118 1127 1119
f 1119 1127 1128
f 1119 1128 1120
f 1120 1128 1129
f 1120 1129 1121
f 1121 1129 1130
f 1121 1130 1122
f 1122 1130 1123
f 1122 1123 1115
f 1123 1131 1132
f 1123 1132 1124
f 1124 1132 1133
f 1124 1133 1125
f 1125 1133 1134
f 1125 1134 1126
f 1126 1134 1135
f 1126 1135 1127
f 1127 1135 1136
f 1127 1136 1128
f 1128 1136 1137
f 1128 1137 1129
f 1129 1137 1138
f 1129 1138 1130
f 1130 1138 1131
f 1130 1131 1123
f 1131 1139 1140
f 1131 1140 1132
f 1132 1140 1141
f 1132 1141 1133
f 1133 1141 1142
f 1133 1142 1134
f 1134 1142 1143
f 1134 1143 1135
f 1135 1143 1144
f 1135 1144 1136
f 1136 1144 1145
f 1136 1145 1137
f 1137 1145 1146
f 1137 1146 1138
f 1138 1146 1139
f 1138 1139 1131
f 1139 1147 1148
f 1139 1148 1140
f 1140 1148 1149
f 1140 1149 1141
f 1141 1149 1150
f 1141 1150 1142
f 1142 1150 1151
f 1142 1151 1143
f 1143 1151 1152
f 1143 1152 1144
f 1144 1152 1153
f 1144 1153 1145
f 1145 1153 1154
f 1145 1154 1146
f 1146 1154 1147
f 1146 1147 1139
f 1147 1155 1156
f 1147 1156 1148
f 1148 1156 1157
f 1148 1157 1149
f 1149 1157 1158
f 1149 1158 1150
f 1150 1158 1159
f 1150 1159 1151
f 1151 1159 1160
f 1151 1160 1152
f 1152 1160 1161
f 1152 1161 1153
f 1153 1161 1162
f 1153 1162 1154
f 1154 1162 1155
f 1154 1155 1147
f 1155 1163 1164
f 1155 1164 1156
f 1156 1164 1165
f 1156 1165 1157
f 1157 1165 1166
f 1157 1166 1158
f 1158 1166 1167
f 1158 1167 1159
f 1159 1167 1168
f 1159 1168 1160
f 1160 1168 1169
f 1160 1169 1161
f 1161 1169 1170
f 1161 1170 1162
f 1162 1170 1163
f 1162 1163 1155
f 1163 1171 1172
f 1163 1172 1164
f 1164 1172 1173
f 1164 1173 1165
f 1165 1173 1174
f 1165 1174 1166
f 1166 1174 1175
f 1166 1175 1167
f 1167 1175 1176
f 1167 1176 1168
f 1168 1176 1177
f 1168 1177 1169
f 1169 1177 1178
f 1169 1178 1170
f 1170 1178 1171
f 1170 1171 1163
f 1171 1179 1180
f 1171 1180 1172
f 1172 1180 1181
f 1172 1181 1173
f 1173 1181 1182
f 1173 1182 1174
f 1174 1182 1183
f 1174 1183 1175
f 1175 1183 1184
f 1175 1184 1176
f 1176 1184 1185
f 1176 1185 1177
f 1177 1185 1186
f 1177 1186 1178
f 1178 1186 1179
f 1178 1179 1171
f 1179 1187 1188
f 1179 1188 1180
f 1180 1188 1189
f 1180 1189 1181
f 1181 1189 1190
f 1181 1190 1182
f 1182 1190 1191
f 1182 1191 1183
f 1183 1191 1192
f 1183 1192 1184
f 1184 1192 1193
f 1184 1193 1185
f 1185 1193 1194
f 1185 1194 1186
f 1186 1194 1187
f 1186 1187 1179
f 1187 1195 1196
f 1187 1196 1188
f 1188 1196 1197
f 1188 1197 1189
f 1189 1197 1198
f 1189 1198 1190
f 1190 1198 1199
f 1190 1199 1191
f 1191 1199 1200
f 1191 1200 1192
f 1192 1200 1201
f 1192 1201 1193
f 1193 1201 1202
f 1193 1202 1194
f 1194 1202 1195
f 1194 1195 1187
f 1195 1203 1204
f 1195 1204 1196
f 1196 1204 1205
f 1196 1205 1197
f 1197 1205 1206
f 1197 1206 1198
f 1198 1206 1207
f 1198 1207 1199
f 1199 1207 1208
f 1199 1208 1200
f 1200 1208 1209
f 1200 1209 1201
f 1201 1209 1210
f 1201 1210 1202
f 1202 1210 1203
f 1202 1203 1195
f 1203 1211 1212
f 1203 1212 1204
f 1204 1212 1213
f 1204 1213 1205
f 1205 1213 1214
f 1205 1214 1206
f 1206 1214 1215
f 1206 1215 1207
f 1207 1215 1216
f 1207 1216 1208
f 1208 1216 1217
f 1208 1217 1209
f 1209 1217 1218
f 1209 1218 1210
f 1210 1218 1211
f 1210 1211 1203
f 1211 1219 1220
f 1211 1220 1212
f 1212 1220 1221
f 1212 1221 1213
f 1213 1221 1222
f 1213 1222 1214
f 1214 1222 1223
f 1214 1223 1215
f 1215 1223 1224
f 1215 1224 1216
f 1216 1224 1225
f 1216 1225 1217
f 1217 1225 1226
f 1217 1226 1218
f 1218 1226 1219
f 1218 1219 1211
f 1219 1227 1228
f 1219 1228 1220
f 1220 1228 1229
f 1220 1229 1221
f 1221 1229 1230
f 1221 1230 1222
f 1222 1230 1231
f 1222 1231 1223
f 1223 1231 1232
f 1223 1232 1224
f 1224 1232 1233
f 1224 1233 1225
f 1225 1233 1234
f 1225 1234 1226
f 1226 1234 1227
f 1226 1227 1219
f 1227 1235 1236
f 1227 1236 1228
f 1228 1236 1237
f 1228 1237 1229
f 1229 1237 1238
f 1229 1238 1230
f 1230 1238 1239
f 1230 1239 1231
f 1231 1239 1240
f 1231 1240 1232
f 1232 1240 1241
f 1232 1241 1233
f 1233 1241 1242
f 1233 1242 1234
f 1234 1242 1235
f 1234 1235 1227
f 1235 1243 1244
f 1235 1244 1236
f 1236 1244 1245
f 1236 1245 1237
f 1237 1245 1246
f 1237 1246 1238
f 1238 1246 1247
f 1238 1247 1239
f 1239 1247 1248
f 1239 1248 1240
f 1240 1248 1249
f 1240 1249 1241
f 1241 1249 1250
f 1241 1250 1242
f 1242 1250 1243
f 1242 1243 1235
f 1243 1251 1252
f 1243 1252 1244
f 1244 1252 1253
f 1244 1253 1245
f 1245 1253 1254
f 1245 1254 1246
f 1246 1254 1255
f 1246 1255 1247
f 1247 1255 1256
f 1247 1256 1248
f 1248 1256 1257
f 1248 1257 1249
f 1249 1257 1258
f 1249 1258 1250
f 1250 1258 1251
f 1250 1251 1243
f 1251 1259 1260
f 1251 1260 1252
f 1252 1260 1261
f 1252 1261 1253
f 1253 1261 1262
f 1253 1262 1254
f 1254 1262 1263
f 1254 1263 1255
f 1255 1263 1264
f 1255 1264 1256
f 1256 1264 1265
f 1256 1265 1257
f 1257 1265 1266
f 1257 1266 1258
f 1258 1266 1259
f 1258 1259 1251
f 1259 1267 1268
f 1259 1268 1260
f 1260 1268 1269
f 1260 1269 1261
f 1261 1269 1270
f 1261 1270 1262
f 1262 1270 1271
f 1262 1271 1263
f 1263 1271 1272
f 1263 1272 1264
f 1264 1272 1273
f 1264 1273 1265
f 1265 1273 1274
f 1265 1274 1266
f 1266 1274 1267
f 1266 1267 1259
f 1267 1275 1276
f 1267 1276 1268
f 1268 1276 1277
f 1268 1277 1269
f 1269 1277 1278
f 1269 1278 1270
f 1270 1278 1279
f 1270 1279 1271
f 1271 1279 1280
f 1271 1280 1272
f 1272 1280 1281
f 1272 1281 1273
f 1273 1281 1282
f 1273 1282 1274
f 1274 1282 1275
f 1274 1275 1267
f 1275 1283 1284
f 1275 1284 1276
f 1276 1284 1285
f 1276 1285 1277
f 1277 1285 1286
f 1277 1286 1278
f 1278 1286 1287
f 1278 1287 1279
f 1279 1287 1288
f 1279 1288 1280
f 1280 1288 1289
f 1280 1289 1281
f 1281 1289 1290
f 1281 1290 1282
f 1282 1290 1283
f 1282 1283 1275
f 1283 1291 1292
f 1283 1292 1284
f 1284 1292 1293
f 1284 1293 1285
f 1285 1293 1294
f 1285 1294 1286
f 1286 1294 1295
f 1286 1295 1287
f 1287 1295 1296
f 1287 1296 1288
f 1288 1296 1297
f 1288 1297 1289
f 1289 1297 1298
f 1289 1298 1290
f 1290 1298 1291
f 1290 1291 1283
f 1291 1299 1300
f 1291 1300 1292
f 1292 1300 1301
f 1292 1301 1293
f 1293 1301 1302
f 1293 1302 1294
f 1294 1302 1303
f 1294 1303 1295
f 1295 1303 1304
f 1295 1304 1296
f 1296 1304 1305
f 1296 1305 1297
f 1297 1305 1306
f 1297 1306 1298
f 1298 1306 1299
f 1298 1299 1291
f 1299 1307 1308
f 1299 1308 1300
f 1300 1308 1309
f 1300 1309 1301
f 1301 1309 1310
f 1301 1310 1302
f 1302 1310 1311
f 1302 1311 1303
f 1303 1311 1312
f 1303 1312 1304
f 1304 1312 1313
f 1304 1313 1305
f 1305 1313 1314
f 1305 1314 1306
f 1306 1314 1307
f 1306 1307 1299
f 1307 1315 1316
f 1307 1316 1308
f 1308 1316 1317
f 1308 1317 1309
f 1309 1317 1318
f 1309 1318 1310
f 1310 1318 1319
f 1310 1319 1311
f 1311 1319 1320
f 1311 1320 1312
f 1312 1320 1321
f 1312 1321 1313
f 1313 1321 1322
f 1313 1322 1314
f 1314 1322 1315
f 1314 1315 1307
f 1315 1323 1324
f 1315 1324 1316
f 1316 1324 1325
f 1316 1325 1317
f 1317 1325 1326
f 1317 1326 1318
f 1318 1326 1327
f 1318 1327 1319
f 1319 1327 1328
f 1319 1328 1320
f 1320 1328 1329
f 1320 1329 1321
f 1321 1329 1330
f 1321 1330 1322
f 1322 1330 1323
f 1322 1323 1315
f 1323 1331 1332
f 1323 1332 1324
f 1324 1332 1333
f 1324 1333 1325
f 1325 1333 1334
f 1325 1334 1326
f 1326 1334 1335
f 1326 1335 1327
f 1327 1335 1336
f 1327 1336 1328
f 1328 1336 1337
f 1328 1337 1329
f 1329 1337 1338
f 1329 1338 1330
f 1330 1338 1331
f 1330 1331 1323
f 1331 1339 1340
f 1331 1340 1332
f 1332 1340 1341
f 1332 1341 1333
f 1333 1341 1342
f 1333 1342 1334
f 1334 1342 1343
f 1334 1343 1335
f 1335 1343 1344
f 1335 1344 1336
f 1336 1344 1345
f 1336 1345 1337
f 1337 1345 1346
f 1337 1346 1338
f 1338 1346 1339
f 1338 1339 1331
f 1339 1347 1348
f 1339 1348 1340
f 1340 1348 1349
f 1340 1349 1341
f 1341 1349 1350
f 1341 1350 1342
f 1342 1350 1351
f 1342 1351 1343
f 1343 1351 1352
f 1343 1352 1344
f 1344 1352 1353
f 1344 1353 1345
f 1345 1353 1354
f 1345 1354 1346
f 1346 1354 1347
f 1346 1347 1339
f 1347 1355 1356
f 1347 1356 1348
f 1348 1356 1357
f 1348 1357 1349
f 1349 1357 1358
f 1349 1358 1350
f 1350 1358 1359
f 1350 1359 1351
f 1351 1359 1360
f 1351 1360 1352
f 1352 1360 1361
f 1352 1361 1353
f 1353 1361 1362
f 1353 1362 1354
f 1354 1362 1355
f 1354 1355 1347
f 1355 1363 1364
f 1355 1364 1356
f 1356 1364 1365
f 1356 1365 1357
f 1357 1365 1366
f 1357 1366 1358
f 1358 1366 1367
f 1358 1367 1359
f 1359 1367 1368
f 1359 1368 1360
f 1360 1368 1369
f 1360 1369 1361
f 1361 1369 1370
f 1361 1370 1362
f 1362 1370 1363
f 1362 1363 1355
f 1363 1371 1372
f 1363 1372 1364
f 1364 1372 1373
f 1364 1373 1365
f 1365 1373 1374
f 1365 1374 1366
f 1366 1374 1375
f 1366 1375 1367
f 1367 1375 1376
f 1367 1376 1368
f 1368 1376 1377
f 1368 1377 1369
f 1369 1377 1378
f 1369 1378 1370
f 1370 1378 1371
f 1370 1371 1363
f 1371 1379 1380
f 1371 1380 1372
f 1372 1380 1381
f 1372 1381 1373
f 1373 1381 1382
f 1373 1382 1374
f 1374 1382 1383
f 1374 1383 1375
f 1375 1383 1384
f 1375 1384 1376
f 1376 1384 1385
f 1376 1385 1377
f 1377 1385 1386
f 1377 1386 1378
f 1378 1386 1379
f 1378 1379 1371
f 1379 1387 1388
f 1379 1388 1380
f 1380 1388 1389
f 1380 1389 1381
f 1381 1389 1390
f 1381 1390 1382
f 1382 1390 1391
f 1382 1391 1383
f 1383 1391 1392
f 1383 1392 1384
f 1384 1392 1393
f 1384 1393 1385
f 1385 1393 1394
f 1385 1394 1386
f 1386 1394 1387
f 1386 1387 1379
f 1387 1395 1396
f 1387 1396 1388
f 1388 1396 1397
f 1388 1397 1389
f 1389 1397 1398
f 1389 1398 1390
f 1390 1398 1399
f 1390 1399 1391
f 1391 1399 1400
f 1391 1400 1392
f 1392 1400 1401
f 1392 1401 1393
f 1393 1401 1402
f 1393 1402 1394
f 1394 1402 1395
f 1394 1395 1387
f 1395 1403 1404
f 1395 1404 1396
f 1396 1404 1405
f 1396 1405 1397
f 1397 1405 1406
f 1397 1406 1398
f 1398 1406 1407
f 1398 1407 1399
f 1399 1407 1408
f 1399 1408 1400
f 1400 1408 1409
f 1400 1409 1401
f 1401 1409 1410
f 1401 1410 1402
f 1402 1410 1403
f 1402 1403 1395
f 1403 1411 1412
f 1403 1412 1404
f 1404 1412 1413
f 1404 1413 1405
f 1405 1413 1414
f 1405 1414 1406
f 1406 1414 1415
f 1406 1415 1407
f 1407 1415 1416
f 1407 1416 1408
f 1408 1416 1417
f 1408 1417 1409
f 1409 1417 1418
f 1409 1418 1410
f 1410 1418 1411
f 1410 1411 1403
f 1411 1419 1420
f 1411 1420 1412
f 1412 1420 1421
f 1412 1421 1413
f 1413 1421 1422
f 1413 1422 1414
f 1414 1422 1423
f 1414 1423 1415
f 1415 1423 1424
f 1415 1424 1416
f 1416 1424 1425
f 1416 1425 1417
f 1417 1425 1426
f 1417 1426 1418
f 1418 1426 1419
f 1418 1419 1411
f 1419 1427 1428
f 1419 1428 1420
f 1420 1428 1429
f 1420 1429 1421
f 1421 1429 1430
f 1421 1430 1422
f 1422 1430 1431
f 1422 1431 1423
f 1423 1431 1432
f 1423 1432 1424
f 1424 1432 1433
f 1424 1433 1425
f 1425 1433 1434
f 1425 1434 1426
f 1426 1434 1427
f 1426 1427 1419
f 1427 1435 1436
f 1427 1436 1428
f 1428 1436 1437
f 1428 1437 1429
f 1429 1437 1438
f 1429 1438 1430
f 1430 1438 1439
f 1430 1439 1431
f 1431 1439 1440
f 1431 1440 1432
f 1432 1440 1441
f 1432 1441 1433
f 1433 1441 1442
f 1433 1442 1434
f 1434 1442 1435
f 1434 1435 1427
f 1435 1443 1444
f 1435 1444 1436
f 1436 1444 1445
f 1436 1445 1437
f 1437 1445 1446
f 1437 1446 1438
f 1438 1446 1447
f 1438 1447 1439
f 1439 1447 1448
f 1439 1448 1440
f 1440 1448 1449
f 1440 1449 1441
f 1441 1449 1450
f 1441 1450 1442
f 1442 1450 1443
f 1442 1443 1435
f 1443 1451 1452
f 1443 1452 1444
f 1444 1452 1453
f 1444 1453 1445
f 1445 1453 1454
f 1445 1454 1446
f 1446 1454 1455
f 1446 1455 1447
f 1447 1455 1456
f 1447 1456 1448
f 1448 1456 1457
f 1448 1457 1449
f 1449 1457 1458
f 1449 1458 1450
f 1450 1458 1451
f 1450 1451 1443
f 1451 1075 1076
f 1451 1076 1452
f 1452 1076 1077
f 1452 1077 1453
f 1453 1077 1078
f 1453 1078 1454
f 1454 1078 1079
f 1454 1079 1455
f 1455 1079 1080
f 1455 1080 1456
f 1456 1080 1081
f 1456 1081 1457
f 1457 1081 1082
f 1457 1082 1458
f 1458 1082 1075
f 1458 1075 1451
g vertical_slide_tower
usemtl cast_aluminum
f 1459 1461 1462
f 1459 1462 1460
f 1461 1463 1464
f 1461 1464 1462
f 1463 1465 1466
f 1463 1466 1464
f 1465 1467 1468
f 1465 1468 1466
f 1467 1469 1470
f 1467 1470 1468
f 1469 1471 1472
f 1469 1472 1470
f 1471 1473 1474
f 1471 1474 1472
f 1473 1475 1476
f 1473 1476 1474
f 1475 1477 1478
f 1475 1478 1476
f 1477 1479 1480
f 1477 1480 1478
f 1479 1481 1482
f 1479 1482 1480
f 1481 1483 1484
f 1481 1484 1482
f 1483 1485 1486
f 1483 1486 1484
f 1485 1487 1488
f 1485 1488 1486
f 1487 1489 1490
f 1487 1490 1488
f 1489 1491 1492
f 1489 1492 1490
f 1491 1493 1494
f 1491 1494 1492
f 1493 1495 1496
f 1493 1496 1494
f 1495 1497 1498
f 1495 1498 1496
f 1497 1499 1500
f 1497 1500 1498
f 1499 1501 1502
f 1499 1502 1500
f 1501 1503 1504
f 1501 1504 1502
f 1503 1505 1506
f 1503 1506 1504
f 1505 1507 1508
f 1505 1508 1506
f 1507 1509 1510
f 1507 1510 1508
f 1509 1511 1512
f 1509 1512 1510
f 1511 1513 1514
f 1511 1514 1512
f 1513 1515 1516
f 1513 1516 1514
f 1515 1517 1518
f 1515 1518 1516
f 1517 1519 1520
f 1517 1520 1518
f 1519 1521 1522
f 1519 1522 1520
f 1521 1523 1524
f 1521 1524 1522
f 1523 1525 1526
f 1523 1526 1524
f 1525 1527 1528
f 1525 1528 1526
f 1527 1529 1530
f 1527 1530 1528
f 1529 1531 1532
f 1529 1532 1530
f 1531 1533 1534
f 1531 1534 1532
f 1533 1535 1536
f 1533 1536 1534
f 1535 1537 1538
f 1535 1538 1536
f 1537 1539 1540
f 1537 1540 1538
f 1539 1541 1542
f 1539 1542 1540
f 1541 1543 1544
f 1541 1544 1542
f 1543 1545 1546
f 1543 1546 1544
f 1545 1547 1548
f 1545 1548 1546
f 1547 1549 1550
f 1547 1550 1548
f 1549 1551 1552
f 1549 1552 1550
f 1551 1553 1554
f 1551 1554 1552
f 1553 1459 1460
f 1553 1460 1554
f 1555 1461 1459
f 1556 1460 1462
f 1555 1463 1461
f 1556 1462 1464
f 1555 1465 1463
f 1556 1464 1466
f 1555 1467 1465
f 1556 1466 1468
f 1555 1469 1467
f 1556 1468 1470
f 1555 1471 1469
f 1556 1470 1472
f 1555 1473 1471
f 1556 1472 1474
f 1555 1475 1473
f 1556 1474 1476
f 1555 1477 1475
f 1556 1476 1478
f 1555 1479 1477
f 1556 1478 1480
f 1555 1481 1479
f 1556 1480 1482
f 1555 1483 1481
f 1556 1482 1484
f 1555 1485 1483
f 1556 1484 1486
f 1555 1487 1485
f 1556 1486 1488
f 1555 1489 1487
f 1556 1488 1490
f 1555 1491 1489
f 1556 1490 1492
f 1555 1493 1491
f 1556 1492 1494
f 1555 1495 1493
f 1556 1494 1496
f 1555 1497 1495
f 1556 1496 1498
f 1555 1499 1497
f 1556 1498 1500
f 1555 1501 1499
f 1556 1500 1502
f 1555 1503 1501
f 1556 1502 1504
f 1555 1505 1503
f 1556 1504 1506
f 1555 1507 1505
f 1556 1506 1508
f 1555 1509 1507
f 1556 1508 1510
f 1555 1511 1509
f 1556 1510 1512
f 1555 1513 1511
f 1556 1512 1514
f 1555 1515 1513
f 1556 1514 1516
f 1555 1517 1515
f 1556 1516 1518
f 1555 1519 1517
f 1556 1518 1520
f 1555 1521 1519
f 1556 1520 1522
f 1555 1523 1521
f 1556 1522 1524
f 1555 1525 1523
f 1556 1524 1526
f 1555 1527 1525
f 1556 1526 1528
f 1555 1529 1527
f 1556 1528 1530
f 1555 1531 1529
f 1556 1530 1532
f 1555 1533 1531
f 1556 1532 1534
f 1555 1535 1533
f 1556 1534 1536
f 1555 1537 1535
f 1556 1536 1538
f 1555 1539 1537
f 1556 1538 1540
f 1555 1541 1539
f 1556 1540 1542
f 1555 1543 1541
f 1556 1542 1544
f 1555 1545 1543
f 1556 1544 1546
f 1555 1547 1545
f 1556 1546 1548
f 1555 1549 1547
f 1556 1548 1550
f 1555 1551 1549
f 1556 1550 1552
f 1555 1553 1551
f 1556 1552 1554
f 1555 1459 1553
f 1556 1554 1460
g top_cap_lower
f 1557 1559 1560
f 1557 1560 1558
f 1559 1561 1562
f 1559 1562 1560
f 1561 1563 1564
f 1561 1564 1562
f 1563 1565 1566
f 1563 1566 1564
f 1565 1567 1568
f 1565 1568 1566
f 1567 1569 1570
f 1567 1570 1568
f 1569 1571 1572
f 1569 1572 1570
f 1571 1573 1574
f 1571 1574 1572
f 1573 1575 1576
f 1573 1576 1574
f 1575 1577 1578
f 1575 1578 1576
f 1577 1579 1580
f 1577 1580 1578
f 1579 1581 1582
f 1579 1582 1580
f 1581 1583 1584
f 1581 1584 1582
f 1583 1585 1586
f 1583 1586 1584
f 1585 1587 1588
f 1585 1588 1586
f 1587 1589 1590
f 1587 1590 1588
f 1589 1591 1592
f 1589 1592 1590
f 1591 1593 1594
f 1591 1594 1592
f 1593 1595 1596
f 1593 1596 1594
f 1595 1597 1598
f 1595 1598 1596
f 1597 1599 1600
f 1597 1600 1598
f 1599 1601 1602
f 1599 1602 1600
f 1601 1603 1604
f 1601 1604 1602
f 1603 1605 1606
f 1603 1606 1604
f 1605 1607 1608
f 1605 1608 1606
f 1607 1609 1610
f 1607 1610 1608
f 1609 1611 1612
f 1609 1612 1610
f 1611 1613 1614
f 1611 1614 1612
f 1613 1615 1616
f 1613 1616 1614
f 1615 1617 1618
f 1615 1618 1616
f 1617 1619 1620
f 1617 1620 1618
f 1619 1621 1622
f 1619 1622 1620
f 1621 1623 1624
f 1621 1624 1622
f 1623 1625 1626
f 1623 1626 1624
f 1625 1627 1628
f 1625 1628 1626
f 1627 1629 1630
f 1627 1630 1628
f 1629 1631 1632
f 1629 1632 1630
f 1631 1633 1634
f 1631 1634 1632
f 1633 1635 1636
f 1633 1636 1634
f 1635 1637 1638
f 1635 1638 1636
f 1637 1639 1640
f 1637 1640 1638
f 1639 1641 1642
f 1639 1642 1640
f 1641 1643 1644
f 1641 1644 1642
f 1643 1645 1646
f 1643 1646 1644
f 1645 1647 1648
f 1645 1648 1646
f 1647 1649 1650
f 1647 1650 1648
f 1649 1651 1652
f 1649 1652 1650
f 1651 1557 1558
f 1651 1558 1652
f 1653 1559 1557
f 1654 1558 1560
f 1653 1561 1559
f 1654 1560 1562
f 1653 1563 1561
f 1654 1562 1564
f 1653 1565 1563
f 1654 1564 1566
f 1653 1567 1565
f 1654 1566 1568
f 1653 1569 1567
f 1654 1568 1570
f 1653 1571 1569
f 1654 1570 1572
f 1653 1573 1571
f 1654 1572 1574
f 1653 1575 1573
f 1654 1574 1576
f 1653 1577 1575
f 1654 1576 1578
f 1653 1579 1577
f 1654 1578 1580
f 1653 1581 1579
f 1654 1580 1582
f 1653 1583 1581
f 1654 1582 1584
f 1653 1585 1583
f 1654 1584 1586
f 1653 1587 1585
f 1654 1586 1588
f 1653 1589 1587
f 1654 1588 1590
f 1653 1591 1589
f 1654 1590 1592
f 1653 1593 1591
f 1654 1592 1594
f 1653 1595 1593
f 1654 1594 1596
f 1653 1597 1595
f 1654 1596 1598
f 1653 1599 1597
f 1654 1598 1600
f 1653 1601 1599
f 1654 1600 1602
f 1653 1603 1601
f 1654 1602 1604
f 1653 1605 1603
f 1654 1604 1606
f 1653 1607 1605
f 1654 1606 1608
f 1653 1609 1607
f 1654 1608 1610
f 1653 1611 1609
f 1654 1610 1612
f 1653 1613 1611
f 1654 1612 1614
f 1653 1615 1613
f 1654 1614 1616
f 1653 1617 1615
f 1654 1616 1618
f 1653 1619 1617
f 1654 1618 1620
f 1653 1621 1619
f 1654 1620 1622
f 1653 1623 1621
f 1654 1622 1624
f 1653 1625 1623
f 1654 1624 1626
f 1653 1627 1625
f 1654 1626 1628
f 1653 1629 1627
f 1654 1628 1630
f 1653 1631 1629
f 1654 1630 1632
f 1653 1633 1631
f 1654 1632 1634
f 1653 1635 1633
f 1654 1634 1636
f 1653 1637 1635
f 1654 1636 1638
f 1653 1639 1637
f 1654 1638 1640
f 1653 1641 1639
f 1654 1640 1642
f 1653 1643 1641
f 1654 1642 1644
f 1653 1645 1643
f 1654 1644 1646
f 1653 1647 1645
f 1654 1646 1648
f 1653 1649 1647
f 1654 1648 1650
f 1653 1651 1649
f 1654 1650 1652
f 1653 1557 1651
f 1654 1652 1558
g top_cap_round_edge
usemtl aluminum_light
f 1655 1663 1664
f 1655 1664 1656
f 1656 1664 1665
f 1656 1665 1657
f 1657 1665 1666
f 1657 1666 1658
f 1658 1666 1667
f 1658 1667 1659
f 1659 1667 1668
f 1659 1668 1660
f 1660 1668 1669
f 1660 1669 1661
f 1661 1669 1670
f 1661 1670 1662
f 1662 1670 1663
f 1662 1663 1655
f 1663 1671 1672
f 1663 1672 1664
f 1664 1672 1673
f 1664 1673 1665
f 1665 1673 1674
f 1665 1674 1666
f 1666 1674 1675
f 1666 1675 1667
f 1667 1675 1676
f 1667 1676 1668
f 1668 1676 1677
f 1668 1677 1669
f 1669 1677 1678
f 1669 1678 1670
f 1670 1678 1671
f 1670 1671 1663
f 1671 1679 1680
f 1671 1680 1672
f 1672 1680 1681
f 1672 1681 1673
f 1673 1681 1682
f 1673 1682 1674
f 1674 1682 1683
f 1674 1683 1675
f 1675 1683 1684
f 1675 1684 1676
f 1676 1684 1685
f 1676 1685 1677
f 1677 1685 1686
f 1677 1686 1678
f 1678 1686 1679
f 1678 1679 1671
f 1679 1687 1688
f 1679 1688 1680
f 1680 1688 1689
f 1680 1689 1681
f 1681 1689 1690
f 1681 1690 1682
f 1682 1690 1691
f 1682 1691 1683
f 1683 1691 1692
f 1683 1692 1684
f 1684 1692 1693
f 1684 1693 1685
f 1685 1693 1694
f 1685 1694 1686
f 1686 1694 1687
f 1686 1687 1679
f 1687 1695 1696
f 1687 1696 1688
f 1688 1696 1697
f 1688 1697 1689
f 1689 1697 1698
f 1689 1698 1690
f 1690 1698 1699
f 1690 1699 1691
f 1691 1699 1700
f 1691 1700 1692
f 1692 1700 1701
f 1692 1701 1693
f 1693 1701 1702
f 1693 1702 1694
f 1694 1702 1695
f 1694 1695 1687
f 1695 1703 1704
f 1695 1704 1696
f 1696 1704 1705
f 1696 1705 1697
f 1697 1705 1706
f 1697 1706 1698
f 1698 1706 1707
f 1698 1707 1699
f 1699 1707 1708
f 1699 1708 1700
f 1700 1708 1709
f 1700 1709 1701
f 1701 1709 1710
f 1701 1710 1702
f 1702 1710 1703
f 1702 1703 1695
f 1703 1711 1712
f 1703 1712 1704
f 1704 1712 1713
f 1704 1713 1705
f 1705 1713 1714
f 1705 1714 1706
f 1706 1714 1715
f 1706 1715 1707
f 1707 1715 1716
f 1707 1716 1708
f 1708 1716 1717
f 1708 1717 1709
f 1709 1717 1718
f 1709 1718 1710
f 1710 1718 1711
f 1710 1711 1703
f 1711 1719 1720
f 1711 1720 1712
f 1712 1720 1721
f 1712 1721 1713
f 1713 1721 1722
f 1713 1722 1714
f 1714 1722 1723
f 1714 1723 1715
f 1715 1723 1724
f 1715 1724 1716
f 1716 1724 1725
f 1716 1725 1717
f 1717 1725 1726
f 1717 1726 1718
f 1718 1726 1719
f 1718 1719 1711
f 1719 1727 1728
f 1719 1728 1720
f 1720 1728 1729
f 1720 1729 1721
f 1721 1729 1730
f 1721 1730 1722
f 1722 1730 1731
f 1722 1731 1723
f 1723 1731 1732
f 1723 1732 1724
f 1724 1732 1733
f 1724 1733 1725
f 1725 1733 1734
f 1725 1734 1726
f 1726 1734 1727
f 1726 1727 1719
f 1727 1735 1736
f 1727 1736 1728
f 1728 1736 1737
f 1728 1737 1729
f 1729 1737 1738
f 1729 1738 1730
f 1730 1738 1739
f 1730 1739 1731
f 1731 1739 1740
f 1731 1740 1732
f 1732 1740 1741
f 1732 1741 1733
f 1733 1741 1742
f 1733 1742 1734
f 1734 1742 1735
f 1734 1735 1727
f 1735 1743 1744
f 1735 1744 1736
f 1736 1744 1745
f 1736 1745 1737
f 1737 1745 1746
f 1737 1746 1738
f 1738 1746 1747
f 1738 1747 1739
f 1739 1747 1748
f 1739 1748 1740
f 1740 1748 1749
f 1740 1749 1741
f 1741 1749 1750
f 1741 1750 1742
f 1742 1750 1743
f 1742 1743 1735
f 1743 1751 1752
f 1743 1752 1744
f 1744 1752 1753
f 1744 1753 1745
f 1745 1753 1754
f 1745 1754 1746
f 1746 1754 1755
f 1746 1755 1747
f 1747 1755 1756
f 1747 1756 1748
f 1748 1756 1757
f 1748 1757 1749
f 1749 1757 1758
f 1749 1758 1750
f 1750 1758 1751
f 1750 1751 1743
f 1751 1759 1760
f 1751 1760 1752
f 1752 1760 1761
f 1752 1761 1753
f 1753 1761 1762
f 1753 1762 1754
f 1754 1762 1763
f 1754 1763 1755
f 1755 1763 1764
f 1755 1764 1756
f 1756 1764 1765
f 1756 1765 1757
f 1757 1765 1766
f 1757 1766 1758
f 1758 1766 1759
f 1758 1759 1751
f 1759 1767 1768
f 1759 1768 1760
f 1760 1768 1769
f 1760 1769 1761
f 1761 1769 1770
f 1761 1770 1762
f 1762 1770 1771
f 1762 1771 1763
f 1763 1771 1772
f 1763 1772 1764
f 1764 1772 1773
f 1764 1773 1765
f 1765 1773 1774
f 1765 1774 1766
f 1766 1774 1767
f 1766 1767 1759
f 1767 1775 1776
f 1767 1776 1768
f 1768 1776 1777
f 1768 1777 1769
f 1769 1777 1778
f 1769 1778 1770
f 1770 1778 1779
f 1770 1779 1771
f 1771 1779 1780
f 1771 1780 1772
f 1772 1780 1781
f 1772 1781 1773
f 1773 1781 1782
f 1773 1782 1774
f 1774 1782 1775
f 1774 1775 1767
f 1775 1783 1784
f 1775 1784 1776
f 1776 1784 1785
f 1776 1785 1777
f 1777 1785 1786
f 1777 1786 1778
f 1778 1786 1787
f 1778 1787 1779
f 1779 1787 1788
f 1779 1788 1780
f 1780 1788 1789
f 1780 1789 1781
f 1781 1789 1790
f 1781 1790 1782
f 1782 1790 1783
f 1782 1783 1775
f 1783 1791 1792
f 1783 1792 1784
f 1784 1792 1793
f 1784 1793 1785
f 1785 1793 1794
f 1785 1794 1786
f 1786 1794 1795
f 1786 1795 1787
f 1787 1795 1796
f 1787 1796 1788
f 1788 1796 1797
f 1788 1797 1789
f 1789 1797 1798
f 1789 1798 1790
f 1790 1798 1791
f 1790 1791 1783
f 1791 1799 1800
f 1791 1800 1792
f 1792 1800 1801
f 1792 1801 1793
f 1793 1801 1802
f 1793 1802 1794
f 1794 1802 1803
f 1794 1803 1795
f 1795 1803 1804
f 1795 1804 1796
f 1796 1804 1805
f 1796 1805 1797
f 1797 1805 1806
f 1797 1806 1798
f 1798 1806 1799
f 1798 1799 1791
f 1799 1807 1808
f 1799 1808 1800
f 1800 1808 1809
f 1800 1809 1801
f 1801 1809 1810
f 1801 1810 1802
f 1802 1810 1811
f 1802 1811 1803
f 1803 1811 1812
f 1803 1812 1804
f 1804 1812 1813
f 1804 1813 1805
f 1805 1813 1814
f 1805 1814 1806
f 1806 1814 1807
f 1806 1807 1799
f 1807 1815 1816
f 1807 1816 1808
f 1808 1816 1817
f 1808 1817 1809
f 1809 1817 1818
f 1809 1818 1810
f 1810 1818 1819
f 1810 1819 1811
f 1811 1819 1820
f 1811 1820 1812
f 1812 1820 1821
f 1812 1821 1813
f 1813 1821 1822
f 1813 1822 1814
f 1814 1822 1815
f 1814 1815 1807
f 1815 1823 1824
f 1815 1824 1816
f 1816 1824 1825
f 1816 1825 1817
f 1817 1825 1826
f 1817 1826 1818
f 1818 1826 1827
f 1818 1827 1819
f 1819 1827 1828
f 1819 1828 1820
f 1820 1828 1829
f 1820 1829 1821
f 1821 1829 1830
f 1821 1830 1822
f 1822 1830 1823
f 1822 1823 1815
f 1823 1831 1832
f 1823 1832 1824
f 1824 1832 1833
f 1824 1833 1825
f 1825 1833 1834
f 1825 1834 1826
f 1826 1834 1835
f 1826 1835 1827
f 1827 1835 1836
f 1827 1836 1828
f 1828 1836 1837
f 1828 1837 1829
f 1829 1837 1838
f 1829 1838 1830
f 1830 1838 1831
f 1830 1831 1823
f 1831 1839 1840
f 1831 1840 1832
f 1832 1840 1841
f 1832 1841 1833
f 1833 1841 1842
f 1833 1842 1834
f 1834 1842 1843
f 1834 1843 1835
f 1835 1843 1844
f 1835 1844 1836
f 1836 1844 1845
f 1836 1845 1837
f 1837 1845 1846
f 1837 1846 1838
f 1838 1846 1839
f 1838 1839 1831
f 1839 1847 1848
f 1839 1848 1840
f 1840 1848 1849
f 1840 1849 1841
f 1841 1849 1850
f 1841 1850 1842
f 1842 1850 1851
f 1842 1851 1843
f 1843 1851 1852
f 1843 1852 1844
f 1844 1852 1853
f 1844 1853 1845
f 1845 1853 1854
f 1845 1854 1846
f 1846 1854 1847
f 1846 1847 1839
f 1847 1855 1856
f 1847 1856 1848
f 1848 1856 1857
f 1848 1857 1849
f 1849 1857 1858
f 1849 1858 1850
f 1850 1858 1859
f 1850 1859 1851
f 1851 1859 1860
f 1851 1860 1852
f 1852 1860 1861
f 1852 1861 1853
f 1853 1861 1862
f 1853 1862 1854
f 1854 1862 1855
f 1854 1855 1847
f 1855 1863 1864
f 1855 1864 1856
f 1856 1864 1865
f 1856 1865 1857
f 1857 1865 1866
f 1857 1866 1858
f 1858 1866 1867
f 1858 1867 1859
f 1859 1867 1868
f 1859 1868 1860
f 1860 1868 1869
f 1860 1869 1861
f 1861 1869 1870
f 1861 1870 1862
f 1862 1870 1863
f 1862 1863 1855
f 1863 1871 1872
f 1863 1872 1864
f 1864 1872 1873
f 1864 1873 1865
f 1865 1873 1874
f 1865 1874 1866
f 1866 1874 1875
f 1866 1875 1867
f 1867 1875 1876
f 1867 1876 1868
f 1868 1876 1877
f 1868 1877 1869
f 1869 1877 1878
f 1869 1878 1870
f 1870 1878 1871
f 1870 1871 1863
f 1871 1879 1880
f 1871 1880 1872
f 1872 1880 1881
f 1872 1881 1873
f 1873 1881 1882
f 1873 1882 1874
f 1874 1882 1883
f 1874 1883 1875
f 1875 1883 1884
f 1875 1884 1876
f 1876 1884 1885
f 1876 1885 1877
f 1877 1885 1886
f 1877 1886 1878
f 1878 1886 1879
f 1878 1879 1871
f 1879 1887 1888
f 1879 1888 1880
f 1880 1888 1889
f 1880 1889 1881
f 1881 1889 1890
f 1881 1890 1882
f 1882 1890 1891
f 1882 1891 1883
f 1883 1891 1892
f 1883 1892 1884
f 1884 1892 1893
f 1884 1893 1885
f 1885 1893 1894
f 1885 1894 1886
f 1886 1894 1887
f 1886 1887 1879
f 1887 1895 1896
f 1887 1896 1888
f 1888 1896 1897
f 1888 1897 1889
f 1889 1897 1898
f 1889 1898 1890
f 1890 1898 1899
f 1890 1899 1891
f 1891 1899 1900
f 1891 1900 1892
f 1892 1900 1901
f 1892 1901 1893
f 1893 1901 1902
f 1893 1902 1894
f 1894 1902 1895
f 1894 1895 1887
f 1895 1903 1904
f 1895 1904 1896
f 1896 1904 1905
f 1896 1905 1897
f 1897 1905 1906
f 1897 1906 1898
f 1898 1906 1907
f 1898 1907 1899
f 1899 1907 1908
f 1899 1908 1900
f 1900 1908 1909
f 1900 1909 1901
f 1901 1909 1910
f 1901 1910 1902
f 1902 1910 1903
f 1902 1903 1895
f 1903 1911 1912
f 1903 1912 1904
f 1904 1912 1913
f 1904 1913 1905
f 1905 1913 1914
f 1905 1914 1906
f 1906 1914 1915
f 1906 1915 1907
f 1907 1915 1916
f 1907 1916 1908
f 1908 1916 1917
f 1908 1917 1909
f 1909 1917 1918
f 1909 1918 1910
f 1910 1918 1911
f 1910 1911 1903
f 1911 1919 1920
f 1911 1920 1912
f 1912 1920 1921
f 1912 1921 1913
f 1913 1921 1922
f 1913 1922 1914
f 1914 1922 1923
f 1914 1923 1915
f 1915 1923 1924
f 1915 1924 1916
f 1916 1924 1925
f 1916 1925 1917
f 1917 1925 1926
f 1917 1926 1918
f 1918 1926 1919
f 1918 1919 1911
f 1919 1927 1928
f 1919 1928 1920
f 1920 1928 1929
f 1920 1929 1921
f 1921 1929 1930
f 1921 1930 1922
f 1922 1930 1931
f 1922 1931 1923
f 1923 1931 1932
f 1923 1932 1924
f 1924 1932 1933
f 1924 1933 1925
f 1925 1933 1934
f 1925 1934 1926
f 1926 1934 1927
f 1926 1927 1919
f 1927 1935 1936
f 1927 1936 1928
f 1928 1936 1937
f 1928 1937 1929
f 1929 1937 1938
f 1929 1938 1930
f 1930 1938 1939
f 1930 1939 1931
f 1931 1939 1940
f 1931 1940 1932
f 1932 1940 1941
f 1932 1941 1933
f 1933 1941 1942
f 1933 1942 1934
f 1934 1942 1935
f 1934 1935 1927
f 1935 1943 1944
f 1935 1944 1936
f 1936 1944 1945
f 1936 1945 1937
f 1937 1945 1946
f 1937 1946 1938
f 1938 1946 1947
f 1938 1947 1939
f 1939 1947 1948
f 1939 1948 1940
f 1940 1948 1949
f 1940 1949 1941
f 1941 1949 1950
f 1941 1950 1942
f 1942 1950 1943
f 1942 1943 1935
f 1943 1951 1952
f 1943 1952 1944
f 1944 1952 1953
f 1944 1953 1945
f 1945 1953 1954
f 1945 1954 1946
f 1946 1954 1955
f 1946 1955 1947
f 1947 1955 1956
f 1947 1956 1948
f 1948 1956 1957
f 1948 1957 1949
f 1949 1957 1958
f 1949 1958 1950
f 1950 1958 1951
f 1950 1951 1943
f 1951 1959 1960
f 1951 1960 1952
f 1952 1960 1961
f 1952 1961 1953
f 1953 1961 1962
f 1953 1962 1954
f 1954 1962 1963
f 1954 1963 1955
f 1955 1963 1964
f 1955 1964 1956
f 1956 1964 1965
f 1956 1965 1957
f 1957 1965 1966
f 1957 1966 1958
f 1958 1966 1959
f 1958 1959 1951
f 1959 1967 1968
f 1959 1968 1960
f 1960 1968 1969
f 1960 1969 1961
f 1961 1969 1970
f 1961 1970 1962
f 1962 1970 1971
f 1962 1971 1963
f 1963 1971 1972
f 1963 1972 1964
f 1964 1972 1973
f 1964 1973 1965
f 1965 1973 1974
f 1965 1974 1966
f 1966 1974 1967
f 1966 1967 1959
f 1967 1975 1976
f 1967 1976 1968
f 1968 1976 1977
f 1968 1977 1969
f 1969 1977 1978
f 1969 1978 1970
f 1970 1978 1979
f 1970 1979 1971
f 1971 1979 1980
f 1971 1980 1972
f 1972 1980 1981
f 1972 1981 1973
f 1973 1981 1982
f 1973 1982 1974
f 1974 1982 1975
f 1974 1975 1967
f 1975 1983 1984
f 1975 1984 1976
f 1976 1984 1985
f 1976 1985 1977
f 1977 1985 1986
f 1977 1986 1978
f 1978 1986 1987
f 1978 1987 1979
f 1979 1987 1988
f 1979 1988 1980
f 1980 1988 1989
f 1980 1989 1981
f 1981 1989 1990
f 1981 1990 1982
f 1982 1990 1983
f 1982 1983 1975
f 1983 1991 1992
f 1983 1992 1984
f 1984 1992 1993
f 1984 1993 1985
f 1985 1993 1994
f 1985 1994 1986
f 1986 1994 1995
f 1986 1995 1987
f 1987 1995 1996
f 1987 1996 1988
f 1988 1996 1997
f 1988 1997 1989
f 1989 1997 1998
f 1989 1998 1990
f 1990 1998 1991
f 1990 1991 1983
f 1991 1999 2000
f 1991 2000 1992
f 1992 2000 2001
f 1992 2001 1993
f 1993 2001 2002
f 1993 2002 1994
f 1994 2002 2003
f 1994 2003 1995
f 1995 2003 2004
f 1995 2004 1996
f 1996 2004 2005
f 1996 2005 1997
f 1997 2005 2006
f 1997 2006 1998
f 1998 2006 1999
f 1998 1999 1991
f 1999 2007 2008
f 1999 2008 2000
f 2000 2008 2009
f 2000 2009 2001
f 2001 2009 2010
f 2001 2010 2002
f 2002 2010 2011
f 2002 2011 2003
f 2003 2011 2012
f 2003 2012 2004
f 2004 2012 2013
f 2004 2013 2005
f 2005 2013 2014
f 2005 2014 2006
f 2006 2014 2007
f 2006 2007 1999
f 2007 2015 2016
f 2007 2016 2008
f 2008 2016 2017
f 2008 2017 2009
f 2009 2017 2018
f 2009 2018 2010
f 2010 2018 2019
f 2010 2019 2011
f 2011 2019 2020
f 2011 2020 2012
f 2012 2020 2021
f 2012 2021 2013
f 2013 2021 2022
f 2013 2022 2014
f 2014 2022 2015
f 2014 2015 2007
f 2015 2023 2024
f 2015 2024 2016
f 2016 2024 2025
f 2016 2025 2017
f 2017 2025 2026
f 2017 2026 2018
f 2018 2026 2027
f 2018 2027 2019
f 2019 2027 2028
f 2019 2028 2020
f 2020 2028 2029
f 2020 2029 2021
f 2021 2029 2030
f 2021 2030 2022
f 2022 2030 2023
f 2022 2023 2015
f 2023 2031 2032
f 2023 2032 2024
f 2024 2032 2033
f 2024 2033 2025
f 2025 2033 2034
f 2025 2034 2026
f 2026 2034 2035
f 2026 2035 2027
f 2027 2035 2036
f 2027 2036 2028
f 2028 2036 2037
f 2028 2037 2029
f 2029 2037 2038
f 2029 2038 2030
f 2030 2038 2031
f 2030 2031 2023
f 2031 1655 1656
f 2031 1656 2032
f 2032 1656 1657
f 2032 1657 2033
f 2033 1657 1658
f 2033 1658 2034
f 2034 1658 1659
f 2034 1659 2035
f 2035 1659 1660
f 2035 1660 2036
f 2036 1660 1661
f 2036 1661 2037
f 2037 1661 1662
f 2037 1662 2038
f 2038 1662 1655
f 2038 1655 2031
g top_cable_boss
f 2039 2041 2042
f 2039 2042 2040
f 2041 2043 2044
f 2041 2044 2042
f 2043 2045 2046
f 2043 2046 2044
f 2045 2047 2048
f 2045 2048 2046
f 2047 2049 2050
f 2047 2050 2048
f 2049 2051 2052
f 2049 2052 2050
f 2051 2053 2054
f 2051 2054 2052
f 2053 2055 2056
f 2053 2056 2054
f 2055 2057 2058
f 2055 2058 2056
f 2057 2059 2060
f 2057 2060 2058
f 2059 2061 2062
f 2059 2062 2060
f 2061 2063 2064
f 2061 2064 2062
f 2063 2065 2066
f 2063 2066 2064
f 2065 2067 2068
f 2065 2068 2066
f 2067 2069 2070
f 2067 2070 2068
f 2069 2071 2072
f 2069 2072 2070
f 2071 2073 2074
f 2071 2074 2072
f 2073 2075 2076
f 2073 2076 2074
f 2075 2077 2078
f 2075 2078 2076
f 2077 2079 2080
f 2077 2080 2078
f 2079 2081 2082
f 2079 2082 2080
f 2081 2083 2084
f 2081 2084 2082
f 2083 2085 2086
f 2083 2086 2084
f 2085 2087 2088
f 2085 2088 2086
f 2087 2089 2090
f 2087 2090 2088
f 2089 2091 2092
f 2089 2092 2090
f 2091 2093 2094
f 2091 2094 2092
f 2093 2095 2096
f 2093 2096 2094
f 2095 2097 2098
f 2095 2098 2096
f 2097 2099 2100
f 2097 2100 2098
f 2099 2101 2102
f 2099 2102 2100
f 2101 2103 2104
f 2101 2104 2102
f 2103 2105 2106
f 2103 2106 2104
f 2105 2107 2108
f 2105 2108 2106
f 2107 2109 2110
f 2107 2110 2108
f 2109 2039 2040
f 2109 2040 2110
f 2111 2041 2039
f 2112 2040 2042
f 2111 2043 2041
f 2112 2042 2044
f 2111 2045 2043
f 2112 2044 2046
f 2111 2047 2045
f 2112 2046 2048
f 2111 2049 2047
f 2112 2048 2050
f 2111 2051 2049
f 2112 2050 2052
f 2111 2053 2051
f 2112 2052 2054
f 2111 2055 2053
f 2112 2054 2056
f 2111 2057 2055
f 2112 2056 2058
f 2111 2059 2057
f 2112 2058 2060
f 2111 2061 2059
f 2112 2060 2062
f 2111 2063 2061
f 2112 2062 2064
f 2111 2065 2063
f 2112 2064 2066
f 2111 2067 2065
f 2112 2066 2068
f 2111 2069 2067
f 2112 2068 2070
f 2111 2071 2069
f 2112 2070 2072
f 2111 2073 2071
f 2112 2072 2074
f 2111 2075 2073
f 2112 2074 2076
f 2111 2077 2075
f 2112 2076 2078
f 2111 2079 2077
f 2112 2078 2080
f 2111 2081 2079
f 2112 2080 2082
f 2111 2083 2081
f 2112 2082 2084
f 2111 2085 2083
f 2112 2084 2086
f 2111 2087 2085
f 2112 2086 2088
f 2111 2089 2087
f 2112 2088 2090
f 2111 2091 2089
f 2112 2090 2092
f 2111 2093 2091
f 2112 2092 2094
f 2111 2095 2093
f 2112 2094 2096
f 2111 2097 2095
f 2112 2096 2098
f 2111 2099 2097
f 2112 2098 2100
f 2111 2101 2099
f 2112 2100 2102
f 2111 2103 2101
f 2112 2102 2104
f 2111 2105 2103
f 2112 2104 2106
f 2111 2107 2105
f 2112 2106 2108
f 2111 2109 2107
f 2112 2108 2110
f 2111 2039 2109
f 2112 2110 2040
g top_cable_hole
usemtl steel
f 2113 2117 2118
f 2113 2118 2114
g top_cable_hole_inner
usemtl dark_cavity
f 2119 2115 2116
f 2119 2116 2120
g top_cable_hole_front_lip
usemtl steel
f 2117 2113 2115
f 2117 2115 2119
g top_cable_hole_rear_lip
f 2114 2118 2120
f 2114 2120 2116
g top_cable_hole
f 2117 2121 2122
f 2117 2122 2118
g top_cable_hole_inner
usemtl dark_cavity
f 2123 2119 2120
f 2123 2120 2124
g top_cable_hole_front_lip
usemtl steel
f 2121 2117 2119
f 2121 2119 2123
g top_cable_hole_rear_lip
f 2118 2122 2124
f 2118 2124 2120
g top_cable_hole
f 2121 2125 2126
f 2121 2126 2122
g top_cable_hole_inner
usemtl dark_cavity
f 2127 2123 2124
f 2127 2124 2128
g top_cable_hole_front_lip
usemtl steel
f 2125 2121 2123
f 2125 2123 2127
g top_cable_hole_rear_lip
f 2122 2126 2128
f 2122 2128 2124
g top_cable_hole
f 2125 2129 2130
f 2125 2130 2126
g top_cable_hole_inner
usemtl dark_cavity
f 2131 2127 2128
f 2131 2128 2132
g top_cable_hole_front_lip
usemtl steel
f 2129 2125 2127
f 2129 2127 2131
g top_cable_hole_rear_lip
f 2126 2130 2132
f 2126 2132 2128
g top_cable_hole
f 2129 2133 2134
f 2129 2134 2130
g top_cable_hole_inner
usemtl dark_cavity
f 2135 2131 2132
f 2135 2132 2136
g top_cable_hole_front_lip
usemtl steel
f 2133 2129 2131
f 2133 2131 2135
g top_cable_hole_rear_lip
f 2130 2134 2136
f 2130 2136 2132
g top_cable_hole
f 2133 2137 2138
f 2133 2138 2134
g top_cable_hole_inner
usemtl dark_cavity
f 2139 2135 2136
f 2139 2136 2140
g top_cable_hole_front_lip
usemtl steel
f 2137 2133 2135
f 2137 2135 2139
g top_cable_hole_rear_lip
f 2134 2138 2140
f 2134 2140 2136
g top_cable_hole
f 2137 2141 2142
f 2137 2142 2138
g top_cable_hole_inner
usemtl dark_cavity
f 2143 2139 2140
f 2143 2140 2144
g top_cable_hole_front_lip
usemtl steel
f 2141 2137 2139
f 2141 2139 2143
g top_cable_hole_rear_lip
f 2138 2142 2144
f 2138 2144 2140
g top_cable_hole
f 2141 2145 2146
f 2141 2146 2142
g top_cable_hole_inner
usemtl dark_cavity
f 2147 2143 2144
f 2147 2144 2148
g top_cable_hole_front_lip
usemtl steel
f 2145 2141 2143
f 2145 2143 2147
g top_cable_hole_rear_lip
f 2142 2146 2148
f 2142 2148 2144
g top_cable_hole
f 2145 2149 2150
f 2145 2150 2146
g top_cable_hole_inner
usemtl dark_cavity
f 2151 2147 2148
f 2151 2148 2152
g top_cable_hole_front_lip
usemtl steel
f 2149 2145 2147
f 2149 2147 2151
g top_cable_hole_rear_lip
f 2146 2150 2152
f 2146 2152 2148
g top_cable_hole
f 2149 2153 2154
f 2149 2154 2150
g top_cable_hole_inner
usemtl dark_cavity
f 2155 2151 2152
f 2155 2152 2156
g top_cable_hole_front_lip
usemtl steel
f 2153 2149 2151
f 2153 2151 2155
g top_cable_hole_rear_lip
f 2150 2154 2156
f 2150 2156 2152
g top_cable_hole
f 2153 2157 2158
f 2153 2158 2154
g top_cable_hole_inner
usemtl dark_cavity
f 2159 2155 2156
f 2159 2156 2160
g top_cable_hole_front_lip
usemtl steel
f 2157 2153 2155
f 2157 2155 2159
g top_cable_hole_rear_lip
f 2154 2158 2160
f 2154 2160 2156
g top_cable_hole
f 2157 2161 2162
f 2157 2162 2158
g top_cable_hole_inner
usemtl dark_cavity
f 2163 2159 2160
f 2163 2160 2164
g top_cable_hole_front_lip
usemtl steel
f 2161 2157 2159
f 2161 2159 2163
g top_cable_hole_rear_lip
f 2158 2162 2164
f 2158 2164 2160
g top_cable_hole
f 2161 2165 2166
f 2161 2166 2162
g top_cable_hole_inner
usemtl dark_cavity
f 2167 2163 2164
f 2167 2164 2168
g top_cable_hole_front_lip
usemtl steel
f 2165 2161 2163
f 2165 2163 2167
g top_cable_hole_rear_lip
f 2162 2166 2168
f 2162 2168 2164
g top_cable_hole
f 2165 2169 2170
f 2165 2170 2166
g top_cable_hole_inner
usemtl dark_cavity
f 2171 2167 2168
f 2171 2168 2172
g top_cable_hole_front_lip
usemtl steel
f 2169 2165 2167
f 2169 2167 2171
g top_cable_hole_rear_lip
f 2166 2170 2172
f 2166 2172 2168
g top_cable_hole
f 2169 2173 2174
f 2169 2174 2170
g top_cable_hole_inner
usemtl dark_cavity
f 2175 2171 2172
f 2175 2172 2176
g top_cable_hole_front_lip
usemtl steel
f 2173 2169 2171
f 2173 2171 2175
g top_cable_hole_rear_lip
f 2170 2174 2176
f 2170 2176 2172
g top_cable_hole
f 2173 2177 2178
f 2173 2178 2174
g top_cable_hole_inner
usemtl dark_cavity
f 2179 2175 2176
f 2179 2176 2180
g top_cable_hole_front_lip
usemtl steel
f 2177 2173 2175
f 2177 2175 2179
g top_cable_hole_rear_lip
f 2174 2178 2180
f 2174 2180 2176
g top_cable_hole
f 2177 2181 2182
f 2177 2182 2178
g top_cable_hole_inner
usemtl dark_cavity
f 2183 2179 2180
f 2183 2180 2184
g top_cable_hole_front_lip
usemtl steel
f 2181 2177 2179
f 2181 2179 2183
g top_cable_hole_rear_lip
f 2178 2182 2184
f 2178 2184 2180
g top_cable_hole
f 2181 2185 2186
f 2181 2186 2182
g top_cable_hole_inner
usemtl dark_cavity
f 2187 2183 2184
f 2187 2184 2188
g top_cable_hole_front_lip
usemtl steel
f 2185 2181 2183
f 2185 2183 2187
g top_cable_hole_rear_lip
f 2182 2186 2188
f 2182 2188 2184
g top_cable_hole
f 2185 2189 2190
f 2185 2190 2186
g top_cable_hole_inner
usemtl dark_cavity
f 2191 2187 2188
f 2191 2188 2192
g top_cable_hole_front_lip
usemtl steel
f 2189 2185 2187
f 2189 2187 2191
g top_cable_hole_rear_lip
f 2186 2190 2192
f 2186 2192 2188
g top_cable_hole
f 2189 2193 2194
f 2189 2194 2190
g top_cable_hole_inner
usemtl dark_cavity
f 2195 2191 2192
f 2195 2192 2196
g top_cable_hole_front_lip
usemtl steel
f 2193 2189 2191
f 2193 2191 2195
g top_cable_hole_rear_lip
f 2190 2194 2196
f 2190 2196 2192
g top_cable_hole
f 2193 2197 2198
f 2193 2198 2194
g top_cable_hole_inner
usemtl dark_cavity
f 2199 2195 2196
f 2199 2196 2200
g top_cable_hole_front_lip
usemtl steel
f 2197 2193 2195
f 2197 2195 2199
g top_cable_hole_rear_lip
f 2194 2198 2200
f 2194 2200 2196
g top_cable_hole
f 2197 2201 2202
f 2197 2202 2198
g top_cable_hole_inner
usemtl dark_cavity
f 2203 2199 2200
f 2203 2200 2204
g top_cable_hole_front_lip
usemtl steel
f 2201 2197 2199
f 2201 2199 2203
g top_cable_hole_rear_lip
f 2198 2202 2204
f 2198 2204 2200
g top_cable_hole
f 2201 2205 2206
f 2201 2206 2202
g top_cable_hole_inner
usemtl dark_cavity
f 2207 2203 2204
f 2207 2204 2208
g top_cable_hole_front_lip
usemtl steel
f 2205 2201 2203
f 2205 2203 2207
g top_cable_hole_rear_lip
f 2202 2206 2208
f 2202 2208 2204
g top_cable_hole
f 2205 2113 2114
f 2205 2114 2206
g top_cable_hole_inner
usemtl dark_cavity
f 2115 2207 2208
f 2115 2208 2116
g top_cable_hole_front_lip
usemtl steel
f 2113 2205 2207
f 2113 2207 2115
g top_cable_hole_rear_lip
f 2206 2114 2116
f 2206 2116 2208
g cap_ridges_00
usemtl aluminum_light
f 2209 2210 2211
f 2209 2211 2212
f 2213 2216 2215
f 2213 2215 2214
f 2209 2213 2214
f 2209 2214 2210
f 2210 2214 2215
f 2210 2215 2211
f 2211 2215 2216
f 2211 2216 2212
f 2212 2216 2213
f 2212 2213 2209
g cap_ridges_01
f 2217 2218 2219
f 2217 2219 2220
f 2221 2224 2223
f 2221 2223 2222
f 2217 2221 2222
f 2217 2222 2218
f 2218 2222 2223
f 2218 2223 2219
f 2219 2223 2224
f 2219 2224 2220
f 2220 2224 2221
f 2220 2221 2217
g cap_ridges_02
f 2225 2226 2227
f 2225 2227 2228
f 2229 2232 2231
f 2229 2231 2230
f 2225 2229 2230
f 2225 2230 2226
f 2226 2230 2231
f 2226 2231 2227
f 2227 2231 2232
f 2227 2232 2228
f 2228 2232 2229
f 2228 2229 2225
g cap_ridges_03
f 2233 2234 2235
f 2233 2235 2236
f 2237 2240 2239
f 2237 2239 2238
f 2233 2237 2238
f 2233 2238 2234
f 2234 2238 2239
f 2234 2239 2235
f 2235 2239 2240
f 2235 2240 2236
f 2236 2240 2237
f 2236 2237 2233
g cap_ridges_04
f 2241 2242 2243
f 2241 2243 2244
f 2245 2248 2247
f 2245 2247 2246
f 2241 2245 2246
f 2241 2246 2242
f 2242 2246 2247
f 2242 2247 2243
f 2243 2247 2248
f 2243 2248 2244
f 2244 2248 2245
f 2244 2245 2241
g cap_ridges_05
f 2249 2250 2251
f 2249 2251 2252
f 2253 2256 2255
f 2253 2255 2254
f 2249 2253 2254
f 2249 2254 2250
f 2250 2254 2255
f 2250 2255 2251
f 2251 2255 2256
f 2251 2256 2252
f 2252 2256 2253
f 2252 2253 2249
g cap_ridges_06
f 2257 2258 2259
f 2257 2259 2260
f 2261 2264 2263
f 2261 2263 2262
f 2257 2261 2262
f 2257 2262 2258
f 2258 2262 2263
f 2258 2263 2259
f 2259 2263 2264
f 2259 2264 2260
f 2260 2264 2261
f 2260 2261 2257
g cap_ridges_07
f 2265 2266 2267
f 2265 2267 2268
f 2269 2272 2271
f 2269 2271 2270
f 2265 2269 2270
f 2265 2270 2266
f 2266 2270 2271
f 2266 2271 2267
f 2267 2271 2272
f 2267 2272 2268
f 2268 2272 2269
f 2268 2269 2265
g cap_ridges_08
f 2273 2274 2275
f 2273 2275 2276
f 2277 2280 2279
f 2277 2279 2278
f 2273 2277 2278
f 2273 2278 2274
f 2274 2278 2279
f 2274 2279 2275
f 2275 2279 2280
f 2275 2280 2276
f 2276 2280 2277
f 2276 2277 2273
g cap_ridges_09
f 2281 2282 2283
f 2281 2283 2284
f 2285 2288 2287
f 2285 2287 2286
f 2281 2285 2286
f 2281 2286 2282
f 2282 2286 2287
f 2282 2287 2283
f 2283 2287 2288
f 2283 2288 2284
f 2284 2288 2285
f 2284 2285 2281
g cap_ridges_10
f 2289 2290 2291
f 2289 2291 2292
f 2293 2296 2295
f 2293 2295 2294
f 2289 2293 2294
f 2289 2294 2290
f 2290 2294 2295
f 2290 2295 2291
f 2291 2295 2296
f 2291 2296 2292
f 2292 2296 2293
f 2292 2293 2289
g cap_ridges_11
f 2297 2298 2299
f 2297 2299 2300
f 2301 2304 2303
f 2301 2303 2302
f 2297 2301 2302
f 2297 2302 2298
f 2298 2302 2303
f 2298 2303 2299
f 2299 2303 2304
f 2299 2304 2300
f 2300 2304 2301
f 2300 2301 2297
g cap_ridges_12
f 2305 2306 2307
f 2305 2307 2308
f 2309 2312 2311
f 2309 2311 2310
f 2305 2309 2310
f 2305 2310 2306
f 2306 2310 2311
f 2306 2311 2307
f 2307 2311 2312
f 2307 2312 2308
f 2308 2312 2309
f 2308 2309 2305
g cap_ridges_13
f 2313 2314 2315
f 2313 2315 2316
f 2317 2320 2319
f 2317 2319 2318
f 2313 2317 2318
f 2313 2318 2314
f 2314 2318 2319
f 2314 2319 2315
f 2315 2319 2320
f 2315 2320 2316
f 2316 2320 2317
f 2316 2317 2313
g cap_ridges_14
f 2321 2322 2323
f 2321 2323 2324
f 2325 2328 2327
f 2325 2327 2326
f 2321 2325 2326
f 2321 2326 2322
f 2322 2326 2327
f 2322 2327 2323
f 2323 2327 2328
f 2323 2328 2324
f 2324 2328 2325
f 2324 2325 2321
g cap_ridges_15
f 2329 2330 2331
f 2329 2331 2332
f 2333 2336 2335
f 2333 2335 2334
f 2329 2333 2334
f 2329 2334 2330
f 2330 2334 2335
f 2330 2335 2331
f 2331 2335 2336
f 2331 2336 2332
f 2332 2336 2333
f 2332 2333 2329
g cap_ridges_16
f 2337 2338 2339
f 2337 2339 2340
f 2341 2344 2343
f 2341 2343 2342
f 2337 2341 2342
f 2337 2342 2338
f 2338 2342 2343
f 2338 2343 2339
f 2339 2343 2344
f 2339 2344 2340
f 2340 2344 2341
f 2340 2341 2337
g cap_ridges_17
f 2345 2346 2347
f 2345 2347 2348
f 2349 2352 2351
f 2349 2351 2350
f 2345 2349 2350
f 2345 2350 2346
f 2346 2350 2351
f 2346 2351 2347
f 2347 2351 2352
f 2347 2352 2348
f 2348 2352 2349
f 2348 2349 2345
g cap_ridges_18
f 2353 2354 2355
f 2353 2355 2356
f 2357 2360 2359
f 2357 2359 2358
f 2353 2357 2358
f 2353 2358 2354
f 2354 2358 2359
f 2354 2359 2355
f 2355 2359 2360
f 2355 2360 2356
f 2356 2360 2357
f 2356 2357 2353
g cap_ridges_19
f 2361 2362 2363
f 2361 2363 2364
f 2365 2368 2367
f 2365 2367 2366
f 2361 2365 2366
f 2361 2366 2362
f 2362 2366 2367
f 2362 2367 2363
f 2363 2367 2368
f 2363 2368 2364
f 2364 2368 2365
f 2364 2365 2361
g cap_ridges_20
f 2369 2370 2371
f 2369 2371 2372
f 2373 2376 2375
f 2373 2375 2374
f 2369 2373 2374
f 2369 2374 2370
f 2370 2374 2375
f 2370 2375 2371
f 2371 2375 2376
f 2371 2376 2372
f 2372 2376 2373
f 2372 2373 2369
g cap_ridges_21
f 2377 2378 2379
f 2377 2379 2380
f 2381 2384 2383
f 2381 2383 2382
f 2377 2381 2382
f 2377 2382 2378
f 2378 2382 2383
f 2378 2383 2379
f 2379 2383 2384
f 2379 2384 2380
f 2380 2384 2381
f 2380 2381 2377
g machined_base_plate
usemtl cast_aluminum
f 2385 2386 2387
f 2385 2387 2388
f 2389 2392 2391
f 2389 2391 2390
f 2385 2389 2390
f 2385 2390 2386
f 2386 2390 2391
f 2386 2391 2387
f 2387 2391 2392
f 2387 2392 2388
f 2388 2392 2389
f 2388 2389 2385
g base_plate_soft_round
usemtl aluminum_light
f 2393 2401 2402
f 2393 2402 2394
f 2394 2402 2403
f 2394 2403 2395
f 2395 2403 2404
f 2395 2404 2396
f 2396 2404 2405
f 2396 2405 2397
f 2397 2405 2406
f 2397 2406 2398
f 2398 2406 2407
f 2398 2407 2399
f 2399 2407 2408
f 2399 2408 2400
f 2400 2408 2401
f 2400 2401 2393
f 2401 2409 2410
f 2401 2410 2402
f 2402 2410 2411
f 2402 2411 2403
f 2403 2411 2412
f 2403 2412 2404
f 2404 2412 2413
f 2404 2413 2405
f 2405 2413 2414
f 2405 2414 2406
f 2406 2414 2415
f 2406 2415 2407
f 2407 2415 2416
f 2407 2416 2408
f 2408 2416 2409
f 2408 2409 2401
f 2409 2417 2418
f 2409 2418 2410
f 2410 2418 2419
f 2410 2419 2411
f 2411 2419 2420
f 2411 2420 2412
f 2412 2420 2421
f 2412 2421 2413
f 2413 2421 2422
f 2413 2422 2414
f 2414 2422 2423
f 2414 2423 2415
f 2415 2423 2424
f 2415 2424 2416
f 2416 2424 2417
f 2416 2417 2409
f 2417 2425 2426
f 2417 2426 2418
f 2418 2426 2427
f 2418 2427 2419
f 2419 2427 2428
f 2419 2428 2420
f 2420 2428 2429
f 2420 2429 2421
f 2421 2429 2430
f 2421 2430 2422
f 2422 2430 2431
f 2422 2431 2423
f 2423 2431 2432
f 2423 2432 2424
f 2424 2432 2425
f 2424 2425 2417
f 2425 2433 2434
f 2425 2434 2426
f 2426 2434 2435
f 2426 2435 2427
f 2427 2435 2436
f 2427 2436 2428
f 2428 2436 2437
f 2428 2437 2429
f 2429 2437 2438
f 2429 2438 2430
f 2430 2438 2439
f 2430 2439 2431
f 2431 2439 2440
f 2431 2440 2432
f 2432 2440 2433
f 2432 2433 2425
f 2433 2441 2442
f 2433 2442 2434
f 2434 2442 2443
f 2434 2443 2435
f 2435 2443 2444
f 2435 2444 2436
f 2436 2444 2445
f 2436 2445 2437
f 2437 2445 2446
f 2437 2446 2438
f 2438 2446 2447
f 2438 2447 2439
f 2439 2447 2448
f 2439 2448 2440
f 2440 2448 2441
f 2440 2441 2433
f 2441 2449 2450
f 2441 2450 2442
f 2442 2450 2451
f 2442 2451 2443
f 2443 2451 2452
f 2443 2452 2444
f 2444 2452 2453
f 2444 2453 2445
f 2445 2453 2454
f 2445 2454 2446
f 2446 2454 2455
f 2446 2455 2447
f 2447 2455 2456
f 2447 2456 2448
f 2448 2456 2449
f 2448 2449 2441
f 2449 2457 2458
f 2449 2458 2450
f 2450 2458 2459
f 2450 2459 2451
f 2451 2459 2460
f 2451 2460 2452
f 2452 2460 2461
f 2452 2461 2453
f 2453 2461 2462
f 2453 2462 2454
f 2454 2462 2463
f 2454 2463 2455
f 2455 2463 2464
f 2455 2464 2456
f 2456 2464 2457
f 2456 2457 2449
f 2457 2465 2466
f 2457 2466 2458
f 2458 2466 2467
f 2458 2467 2459
f 2459 2467 2468
f 2459 2468 2460
f 2460 2468 2469
f 2460 2469 2461
f 2461 2469 2470
f 2461 2470 2462
f 2462 2470 2471
f 2462 2471 2463
f 2463 2471 2472
f 2463 2472 2464
f 2464 2472 2465
f 2464 2465 2457
f 2465 2473 2474
f 2465 2474 2466
f 2466 2474 2475
f 2466 2475 2467
f 2467 2475 2476
f 2467 2476 2468
f 2468 2476 2477
f 2468 2477 2469
f 2469 2477 2478
f 2469 2478 2470
f 2470 2478 2479
f 2470 2479 2471
f 2471 2479 2480
f 2471 2480 2472
f 2472 2480 2473
f 2472 2473 2465
f 2473 2481 2482
f 2473 2482 2474
f 2474 2482 2483
f 2474 2483 2475
f 2475 2483 2484
f 2475 2484 2476
f 2476 2484 2485
f 2476 2485 2477
f 2477 2485 2486
f 2477 2486 2478
f 2478 2486 2487
f 2478 2487 2479
f 2479 2487 2488
f 2479 2488 2480
f 2480 2488 2481
f 2480 2481 2473
f 2481 2489 2490
f 2481 2490 2482
f 2482 2490 2491
f 2482 2491 2483
f 2483 2491 2492
f 2483 2492 2484
f 2484 2492 2493
f 2484 2493 2485
f 2485 2493 2494
f 2485 2494 2486
f 2486 2494 2495
f 2486 2495 2487
f 2487 2495 2496
f 2487 2496 2488
f 2488 2496 2489
f 2488 2489 2481
f 2489 2497 2498
f 2489 2498 2490
f 2490 2498 2499
f 2490 2499 2491
f 2491 2499 2500
f 2491 2500 2492
f 2492 2500 2501
f 2492 2501 2493
f 2493 2501 2502
f 2493 2502 2494
f 2494 2502 2503
f 2494 2503 2495
f 2495 2503 2504
f 2495 2504 2496
f 2496 2504 2497
f 2496 2497 2489
f 2497 2505 2506
f 2497 2506 2498
f 2498 2506 2507
f 2498 2507 2499
f 2499 2507 2508
f 2499 2508 2500
f 2500 2508 2509
f 2500 2509 2501
f 2501 2509 2510
f 2501 2510 2502
f 2502 2510 2511
f 2502 2511 2503
f 2503 2511 2512
f 2503 2512 2504
f 2504 2512 2505
f 2504 2505 2497
f 2505 2513 2514
f 2505 2514 2506
f 2506 2514 2515
f 2506 2515 2507
f 2507 2515 2516
f 2507 2516 2508
f 2508 2516 2517
f 2508 2517 2509
f 2509 2517 2518
f 2509 2518 2510
f 2510 2518 2519
f 2510 2519 2511
f 2511 2519 2520
f 2511 2520 2512
f 2512 2520 2513
f 2512 2513 2505
f 2513 2521 2522
f 2513 2522 2514
f 2514 2522 2523
f 2514 2523 2515
f 2515 2523 2524
f 2515 2524 2516
f 2516 2524 2525
f 2516 2525 2517
f 2517 2525 2526
f 2517 2526 2518
f 2518 2526 2527
f 2518 2527 2519
f 2519 2527 2528
f 2519 2528 2520
f 2520 2528 2521
f 2520 2521 2513
f 2521 2529 2530
f 2521 2530 2522
f 2522 2530 2531
f 2522 2531 2523
f 2523 2531 2532
f 2523 2532 2524
f 2524 2532 2533
f 2524 2533 2525
f 2525 2533 2534
f 2525 2534 2526
f 2526 2534 2535
f 2526 2535 2527
f 2527 2535 2536
f 2527 2536 2528
f 2528 2536 2529
f 2528 2529 2521
f 2529 2537 2538
f 2529 2538 2530
f 2530 2538 2539
f 2530 2539 2531
f 2531 2539 2540
f 2531 2540 2532
f 2532 2540 2541
f 2532 2541 2533
f 2533 2541 2542
f 2533 2542 2534
f 2534 2542 2543
f 2534 2543 2535
f 2535 2543 2544
f 2535 2544 2536
f 2536 2544 2537
f 2536 2537 2529
f 2537 2545 2546
f 2537 2546 2538
f 2538 2546 2547
f 2538 2547 2539
f 2539 2547 2548
f 2539 2548 2540
f 2540 2548 2549
f 2540 2549 2541
f 2541 2549 2550
f 2541 2550 2542
f 2542 2550 2551
f 2542 2551 2543
f 2543 2551 2552
f 2543 2552 2544
f 2544 2552 2545
f 2544 2545 2537
f 2545 2553 2554
f 2545 2554 2546
f 2546 2554 2555
f 2546 2555 2547
f 2547 2555 2556
f 2547 2556 2548
f 2548 2556 2557
f 2548 2557 2549
f 2549 2557 2558
f 2549 2558 2550
f 2550 2558 2559
f 2550 2559 2551
f 2551 2559 2560
f 2551 2560 2552
f 2552 2560 2553
f 2552 2553 2545
f 2553 2561 2562
f 2553 2562 2554
f 2554 2562 2563
f 2554 2563 2555
f 2555 2563 2564
f 2555 2564 2556
f 2556 2564 2565
f 2556 2565 2557
f 2557 2565 2566
f 2557 2566 2558
f 2558 2566 2567
f 2558 2567 2559
f 2559 2567 2568
f 2559 2568 2560
f 2560 2568 2561
f 2560 2561 2553
f 2561 2569 2570
f 2561 2570 2562
f 2562 2570 2571
f 2562 2571 2563
f 2563 2571 2572
f 2563 2572 2564
f 2564 2572 2573
f 2564 2573 2565
f 2565 2573 2574
f 2565 2574 2566
f 2566 2574 2575
f 2566 2575 2567
f 2567 2575 2576
f 2567 2576 2568
f 2568 2576 2569
f 2568 2569 2561
f 2569 2577 2578
f 2569 2578 2570
f 2570 2578 2579
f 2570 2579 2571
f 2571 2579 2580
f 2571 2580 2572
f 2572 2580 2581
f 2572 2581 2573
f 2573 2581 2582
f 2573 2582 2574
f 2574 2582 2583
f 2574 2583 2575
f 2575 2583 2584
f 2575 2584 2576
f 2576 2584 2577
f 2576 2577 2569
f 2577 2585 2586
f 2577 2586 2578
f 2578 2586 2587
f 2578 2587 2579
f 2579 2587 2588
f 2579 2588 2580
f 2580 2588 2589
f 2580 2589 2581
f 2581 2589 2590
f 2581 2590 2582
f 2582 2590 2591
f 2582 2591 2583
f 2583 2591 2592
f 2583 2592 2584
f 2584 2592 2585
f 2584 2585 2577
f 2585 2593 2594
f 2585 2594 2586
f 2586 2594 2595
f 2586 2595 2587
f 2587 2595 2596
f 2587 2596 2588
f 2588 2596 2597
f 2588 2597 2589
f 2589 2597 2598
f 2589 2598 2590
f 2590 2598 2599
f 2590 2599 2591
f 2591 2599 2600
f 2591 2600 2592
f 2592 2600 2593
f 2592 2593 2585
f 2593 2601 2602
f 2593 2602 2594
f 2594 2602 2603
f 2594 2603 2595
f 2595 2603 2604
f 2595 2604 2596
f 2596 2604 2605
f 2596 2605 2597
f 2597 2605 2606
f 2597 2606 2598
f 2598 2606 2607
f 2598 2607 2599
f 2599 2607 2608
f 2599 2608 2600
f 2600 2608 2601
f 2600 2601 2593
f 2601 2609 2610
f 2601 2610 2602
f 2602 2610 2611
f 2602 2611 2603
f 2603 2611 2612
f 2603 2612 2604
f 2604 2612 2613
f 2604 2613 2605
f 2605 2613 2614
f 2605 2614 2606
f 2606 2614 2615
f 2606 2615 2607
f 2607 2615 2616
f 2607 2616 2608
f 2608 2616 2609
f 2608 2609 2601
f 2609 2617 2618
f 2609 2618 2610
f 2610 2618 2619
f 2610 2619 2611
f 2611 2619 2620
f 2611 2620 2612
f 2612 2620 2621
f 2612 2621 2613
f 2613 2621 2622
f 2613 2622 2614
f 2614 2622 2623
f 2614 2623 2615
f 2615 2623 2624
f 2615 2624 2616
f 2616 2624 2617
f 2616 2617 2609
f 2617 2625 2626
f 2617 2626 2618
f 2618 2626 2627
f 2618 2627 2619
f 2619 2627 2628
f 2619 2628 2620
f 2620 2628 2629
f 2620 2629 2621
f 2621 2629 2630
f 2621 2630 2622
f 2622 2630 2631
f 2622 2631 2623
f 2623 2631 2632
f 2623 2632 2624
f 2624 2632 2625
f 2624 2625 2617
f 2625 2633 2634
f 2625 2634 2626
f 2626 2634 2635
f 2626 2635 2627
f 2627 2635 2636
f 2627 2636 2628
f 2628 2636 2637
f 2628 2637 2629
f 2629 2637 2638
f 2629 2638 2630
f 2630 2638 2639
f 2630 2639 2631
f 2631 2639 2640
f 2631 2640 2632
f 2632 2640 2633
f 2632 2633 2625
f 2633 2641 2642
f 2633 2642 2634
f 2634 2642 2643
f 2634 2643 2635
f 2635 2643 2644
f 2635 2644 2636
f 2636 2644 2645
f 2636 2645 2637
f 2637 2645 2646
f 2637 2646 2638
f 2638 2646 2647
f 2638 2647 2639
f 2639 2647 2648
f 2639 2648 2640
f 2640 2648 2641
f 2640 2641 2633
f 2641 2649 2650
f 2641 2650 2642
f 2642 2650 2651
f 2642 2651 2643
f 2643 2651 2652
f 2643 2652 2644
f 2644 2652 2653
f 2644 2653 2645
f 2645 2653 2654
f 2645 2654 2646
f 2646 2654 2655
f 2646 2655 2647
f 2647 2655 2656
f 2647 2656 2648
f 2648 2656 2649
f 2648 2649 2641
f 2649 2657 2658
f 2649 2658 2650
f 2650 2658 2659
f 2650 2659 2651
f 2651 2659 2660
f 2651 2660 2652
f 2652 2660 2661
f 2652 2661 2653
f 2653 2661 2662
f 2653 2662 2654
f 2654 2662 2663
f 2654 2663 2655
f 2655 2663 2664
f 2655 2664 2656
f 2656 2664 2657
f 2656 2657 2649
f 2657 2665 2666
f 2657 2666 2658
f 2658 2666 2667
f 2658 2667 2659
f 2659 2667 2668
f 2659 2668 2660
f 2660 2668 2669
f 2660 2669 2661
f 2661 2669 2670
f 2661 2670 2662
f 2662 2670 2671
f 2662 2671 2663
f 2663 2671 2672
f 2663 2672 2664
f 2664 2672 2665
f 2664 2665 2657
f 2665 2673 2674
f 2665 2674 2666
f 2666 2674 2675
f 2666 2675 2667
f 2667 2675 2676
f 2667 2676 2668
f 2668 2676 2677
f 2668 2677 2669
f 2669 2677 2678
f 2669 2678 2670
f 2670 2678 2679
f 2670 2679 2671
f 2671 2679 2680
f 2671 2680 2672
f 2672 2680 2673
f 2672 2673 2665
f 2673 2681 2682
f 2673 2682 2674
f 2674 2682 2683
f 2674 2683 2675
f 2675 2683 2684
f 2675 2684 2676
f 2676 2684 2685
f 2676 2685 2677
f 2677 2685 2686
f 2677 2686 2678
f 2678 2686 2687
f 2678 2687 2679
f 2679 2687 2688
f 2679 2688 2680
f 2680 2688 2681
f 2680 2681 2673
f 2681 2689 2690
f 2681 2690 2682
f 2682 2690 2691
f 2682 2691 2683
f 2683 2691 2692
f 2683 2692 2684
f 2684 2692 2693
f 2684 2693 2685
f 2685 2693 2694
f 2685 2694 2686
f 2686 2694 2695
f 2686 2695 2687
f 2687 2695 2696
f 2687 2696 2688
f 2688 2696 2689
f 2688 2689 2681
f 2689 2697 2698
f 2689 2698 2690
f 2690 2698 2699
f 2690 2699 2691
f 2691 2699 2700
f 2691 2700 2692
f 2692 2700 2701
f 2692 2701 2693
f 2693 2701 2702
f 2693 2702 2694
f 2694 2702 2703
f 2694 2703 2695
f 2695 2703 2704
f 2695 2704 2696
f 2696 2704 2697
f 2696 2697 2689
f 2697 2705 2706
f 2697 2706 2698
f 2698 2706 2707
f 2698 2707 2699
f 2699 2707 2708
f 2699 2708 2700
f 2700 2708 2709
f 2700 2709 2701
f 2701 2709 2710
f 2701 2710 2702
f 2702 2710 2711
f 2702 2711 2703
f 2703 2711 2712
f 2703 2712 2704
f 2704 2712 2705
f 2704 2705 2697
f 2705 2713 2714
f 2705 2714 2706
f 2706 2714 2715
f 2706 2715 2707
f 2707 2715 2716
f 2707 2716 2708
f 2708 2716 2717
f 2708 2717 2709
f 2709 2717 2718
f 2709 2718 2710
f 2710 2718 2719
f 2710 2719 2711
f 2711 2719 2720
f 2711 2720 2712
f 2712 2720 2713
f 2712 2713 2705
f 2713 2721 2722
f 2713 2722 2714
f 2714 2722 2723
f 2714 2723 2715
f 2715 2723 2724
f 2715 2724 2716
f 2716 2724 2725
f 2716 2725 2717
f 2717 2725 2726
f 2717 2726 2718
f 2718 2726 2727
f 2718 2727 2719
f 2719 2727 2728
f 2719 2728 2720
f 2720 2728 2721
f 2720 2721 2713
f 2721 2729 2730
f 2721 2730 2722
f 2722 2730 2731
f 2722 2731 2723
f 2723 2731 2732
f 2723 2732 2724
f 2724 2732 2733
f 2724 2733 2725
f 2725 2733 2734
f 2725 2734 2726
f 2726 2734 2735
f 2726 2735 2727
f 2727 2735 2736
f 2727 2736 2728
f 2728 2736 2729
f 2728 2729 2721
f 2729 2737 2738
f 2729 2738 2730
f 2730 2738 2739
f 2730 2739 2731
f 2731 2739 2740
f 2731 2740 2732
f 2732 2740 2741
f 2732 2741 2733
f 2733 2741 2742
f 2733 2742 2734
f 2734 2742 2743
f 2734 2743 2735
f 2735 2743 2744
f 2735 2744 2736
f 2736 2744 2737
f 2736 2737 2729
f 2737 2745 2746
f 2737 2746 2738
f 2738 2746 2747
f 2738 2747 2739
f 2739 2747 2748
f 2739 2748 2740
f 2740 2748 2749
f 2740 2749 2741
f 2741 2749 2750
f 2741 2750 2742
f 2742 2750 2751
f 2742 2751 2743
f 2743 2751 2752
f 2743 2752 2744
f 2744 2752 2745
f 2744 2745 2737
f 2745 2753 2754
f 2745 2754 2746
f 2746 2754 2755
f 2746 2755 2747
f 2747 2755 2756
f 2747 2756 2748
f 2748 2756 2757
f 2748 2757 2749
f 2749 2757 2758
f 2749 2758 2750
f 2750 2758 2759
f 2750 2759 2751
f 2751 2759 2760
f 2751 2760 2752
f 2752 2760 2753
f 2752 2753 2745
f 2753 2761 2762
f 2753 2762 2754
f 2754 2762 2763
f 2754 2763 2755
f 2755 2763 2764
f 2755 2764 2756
f 2756 2764 2765
f 2756 2765 2757
f 2757 2765 2766
f 2757 2766 2758
f 2758 2766 2767
f 2758 2767 2759
f 2759 2767 2768
f 2759 2768 2760
f 2760 2768 2761
f 2760 2761 2753
f 2761 2769 2770
f 2761 2770 2762
f 2762 2770 2771
f 2762 2771 2763
f 2763 2771 2772
f 2763 2772 2764
f 2764 2772 2773
f 2764 2773 2765
f 2765 2773 2774
f 2765 2774 2766
f 2766 2774 2775
f 2766 2775 2767
f 2767 2775 2776
f 2767 2776 2768
f 2768 2776 2769
f 2768 2769 2761
f 2769 2393 2394
f 2769 2394 2770
f 2770 2394 2395
f 2770 2395 2771
f 2771 2395 2396
f 2771 2396 2772
f 2772 2396 2397
f 2772 2397 2773
f 2773 2397 2398
f 2773 2398 2774
f 2774 2398 2399
f 2774 2399 2775
f 2775 2399 2400
f 2775 2400 2776
f 2776 2400 2393
f 2776 2393 2769
g angular_float_bowl
usemtl cast_aluminum
f 2777 2778 2779
f 2777 2779 2780
f 2781 2784 2783
f 2781 2783 2782
f 2777 2781 2782
f 2777 2782 2778
f 2778 2782 2783
f 2778 2783 2779
f 2779 2783 2784
f 2779 2784 2780
f 2780 2784 2781
f 2780 2781 2777
g rounded_bowl_bottom
f 2785 2817 2818
f 2786 2818 2819
f 2787 2819 2820
f 2788 2820 2821
f 2789 2821 2822
f 2790 2822 2823
f 2791 2823 2824
f 2792 2824 2825
f 2793 2825 2826
f 2794 2826 2827
f 2795 2827 2828
f 2796 2828 2829
f 2797 2829 2830
f 2798 2830 2831
f 2799 2831 2832
f 2800 2832 2833
f 2801 2833 2834
f 2802 2834 2835
f 2803 2835 2836
f 2804 2836 2837
f 2805 2837 2838
f 2806 2838 2839
f 2807 2839 2840
f 2808 2840 2841
f 2809 2841 2842
f 2810 2842 2843
f 2811 2843 2844
f 2812 2844 2845
f 2813 2845 2846
f 2814 2846 2847
f 2815 2847 2848
f 2816 2848 2817
f 2817 2818 2850
f 2817 2850 2849
f 2818 2819 2851
f 2818 2851 2850
f 2819 2820 2852
f 2819 2852 2851
f 2820 2821 2853
f 2820 2853 2852
f 2821 2822 2854
f 2821 2854 2853
f 2822 2823 2855
f 2822 2855 2854
f 2823 2824 2856
f 2823 2856 2855
f 2824 2825 2857
f 2824 2857 2856
f 2825 2826 2858
f 2825 2858 2857
f 2826 2827 2859
f 2826 2859 2858
f 2827 2828 2860
f 2827 2860 2859
f 2828 2829 2861
f 2828 2861 2860
f 2829 2830 2862
f 2829 2862 2861
f 2830 2831 2863
f 2830 2863 2862
f 2831 2832 2864
f 2831 2864 2863
f 2832 2833 2865
f 2832 2865 2864
f 2833 2834 2866
f 2833 2866 2865
f 2834 2835 2867
f 2834 2867 2866
f 2835 2836 2868
f 2835 2868 2867
f 2836 2837 2869
f 2836 2869 2868
f 2837 2838 2870
f 2837 2870 2869
f 2838 2839 2871
f 2838 2871 2870
f 2839 2840 2872
f 2839 2872 2871
f 2840 2841 2873
f 2840 2873 2872
f 2841 2842 2874
f 2841 2874 2873
f 2842 2843 2875
f 2842 2875 2874
f 2843 2844 2876
f 2843 2876 2875
f 2844 2845 2877
f 2844 2877 2876
f 2845 2846 2878
f 2845 2878 2877
f 2846 2847 2879
f 2846 2879 2878
f 2847 2848 2880
f 2847 2880 2879
f 2848 2817 2849
f 2848 2849 2880
f 2849 2850 2882
f 2849 2882 2881
f 2850 2851 2883
f 2850 2883 2882
f 2851 2852 2884
f 2851 2884 2883
f 2852 2853 2885
f 2852 2885 2884
f 2853 2854 2886
f 2853 2886 2885
f 2854 2855 2887
f 2854 2887 2886
f 2855 2856 2888
f 2855 2888 2887
f 2856 2857 2889
f 2856 2889 2888
f 2857 2858 2890
f 2857 2890 2889
f 2858 2859 2891
f 2858 2891 2890
f 2859 2860 2892
f 2859 2892 2891
f 2860 2861 2893
f 2860 2893 2892
f 2861 2862 2894
f 2861 2894 2893
f 2862 2863 2895
f 2862 2895 2894
f 2863 2864 2896
f 2863 2896 2895
f 2864 2865 2897
f 2864 2897 2896
f 2865 2866 2898
f 2865 2898 2897
f 2866 2867 2899
f 2866 2899 2898
f 2867 2868 2900
f 2867 2900 2899
f 2868 2869 2901
f 2868 2901 2900
f 2869 2870 2902
f 2869 2902 2901
f 2870 2871 2903
f 2870 2903 2902
f 2871 2872 2904
f 2871 2904 2903
f 2872 2873 2905
f 2872 2905 2904
f 2873 2874 2906
f 2873 2906 2905
f 2874 2875 2907
f 2874 2907 2906
f 2875 2876 2908
f 2875 2908 2907
f 2876 2877 2909
f 2876 2909 2908
f 2877 2878 2910
f 2877 2910 2909
f 2878 2879 2911
f 2878 2911 2910
f 2879 2880 2912
f 2879 2912 2911
f 2880 2849 2881
f 2880 2881 2912
f 2881 2882 2914
f 2881 2914 2913
f 2882 2883 2915
f 2882 2915 2914
f 2883 2884 2916
f 2883 2916 2915
f 2884 2885 2917
f 2884 2917 2916
f 2885 2886 2918
f 2885 2918 2917
f 2886 2887 2919
f 2886 2919 2918
f 2887 2888 2920
f 2887 2920 2919
f 2888 2889 2921
f 2888 2921 2920
f 2889 2890 2922
f 2889 2922 2921
f 2890 2891 2923
f 2890 2923 2922
f 2891 2892 2924
f 2891 2924 2923
f 2892 2893 2925
f 2892 2925 2924
f 2893 2894 2926
f 2893 2926 2925
f 2894 2895 2927
f 2894 2927 2926
f 2895 2896 2928
f 2895 2928 2927
f 2896 2897 2929
f 2896 2929 2928
f 2897 2898 2930
f 2897 2930 2929
f 2898 2899 2931
f 2898 2931 2930
f 2899 2900 2932
f 2899 2932 2931
f 2900 2901 2933
f 2900 2933 2932
f 2901 2902 2934
f 2901 2934 2933
f 2902 2903 2935
f 2902 2935 2934
f 2903 2904 2936
f 2903 2936 2935
f 2904 2905 2937
f 2904 2937 2936
f 2905 2906 2938
f 2905 2938 2937
f 2906 2907 2939
f 2906 2939 2938
f 2907 2908 2940
f 2907 2940 2939
f 2908 2909 2941
f 2908 2941 2940
f 2909 2910 2942
f 2909 2942 2941
f 2910 2911 2943
f 2910 2943 2942
f 2911 2912 2944
f 2911 2944 2943
f 2912 2881 2913
f 2912 2913 2944
f 2913 2914 2946
f 2913 2946 2945
f 2914 2915 2947
f 2914 2947 2946
f 2915 2916 2948
f 2915 2948 2947
f 2916 2917 2949
f 2916 2949 2948
f 2917 2918 2950
f 2917 2950 2949
f 2918 2919 2951
f 2918 2951 2950
f 2919 2920 2952
f 2919 2952 2951
f 2920 2921 2953
f 2920 2953 2952
f 2921 2922 2954
f 2921 2954 2953
f 2922 2923 2955
f 2922 2955 2954
f 2923 2924 2956
f 2923 2956 2955
f 2924 2925 2957
f 2924 2957 2956
f 2925 2926 2958
f 2925 2958 2957
f 2926 2927 2959
f 2926 2959 2958
f 2927 2928 2960
f 2927 2960 2959
f 2928 2929 2961
f 2928 2961 2960
f 2929 2930 2962
f 2929 2962 2961
f 2930 2931 2963
f 2930 2963 2962
f 2931 2932 2964
f 2931 2964 2963
f 2932 2933 2965
f 2932 2965 2964
f 2933 2934 2966
f 2933 2966 2965
f 2934 2935 2967
f 2934 2967 2966
f 2935 2936 2968
f 2935 2968 2967
f 2936 2937 2969
f 2936 2969 2968
f 2937 2938 2970
f 2937 2970 2969
f 2938 2939 2971
f 2938 2971 2970
f 2939 2940 2972
f 2939 2972 2971
f 2940 2941 2973
f 2940 2973 2972
f 2941 2942 2974
f 2941 2974 2973
f 2942 2943 2975
f 2942 2975 2974
f 2943 2944 2976
f 2943 2976 2975
f 2944 2913 2945
f 2944 2945 2976
f 2945 2946 2978
f 2945 2978 2977
f 2946 2947 2979
f 2946 2979 2978
f 2947 2948 2980
f 2947 2980 2979
f 2948 2949 2981
f 2948 2981 2980
f 2949 2950 2982
f 2949 2982 2981
f 2950 2951 2983
f 2950 2983 2982
f 2951 2952 2984
f 2951 2984 2983
f 2952 2953 2985
f 2952 2985 2984
f 2953 2954 2986
f 2953 2986 2985
f 2954 2955 2987
f 2954 2987 2986
f 2955 2956 2988
f 2955 2988 2987
f 2956 2957 2989
f 2956 2989 2988
f 2957 2958 2990
f 2957 2990 2989
f 2958 2959 2991
f 2958 2991 2990
f 2959 2960 2992
f 2959 2992 2991
f 2960 2961 2993
f 2960 2993 2992
f 2961 2962 2994
f 2961 2994 2993
f 2962 2963 2995
f 2962 2995 2994
f 2963 2964 2996
f 2963 2996 2995
f 2964 2965 2997
f 2964 2997 2996
f 2965 2966 2998
f 2965 2998 2997
f 2966 2967 2999
f 2966 2999 2998
f 2967 2968 3000
f 2967 3000 2999
f 2968 2969 3001
f 2968 3001 3000
f 2969 2970 3002
f 2969 3002 3001
f 2970 2971 3003
f 2970 3003 3002
f 2971 2972 3004
f 2971 3004 3003
f 2972 2973 3005
f 2972 3005 3004
f 2973 2974 3006
f 2973 3006 3005
f 2974 2975 3007
f 2974 3007 3006
f 2975 2976 3008
f 2975 3008 3007
f 2976 2945 2977
f 2976 2977 3008
f 2977 2978 3010
f 2977 3010 3009
f 2978 2979 3011
f 2978 3011 3010
f 2979 2980 3012
f 2979 3012 3011
f 2980 2981 3013
f 2980 3013 3012
f 2981 2982 3014
f 2981 3014 3013
f 2982 2983 3015
f 2982 3015 3014
f 2983 2984 3016
f 2983 3016 3015
f 2984 2985 3017
f 2984 3017 3016
f 2985 2986 3018
f 2985 3018 3017
f 2986 2987 3019
f 2986 3019 3018
f 2987 2988 3020
f 2987 3020 3019
f 2988 2989 3021
f 2988 3021 3020
f 2989 2990 3022
f 2989 3022 3021
f 2990 2991 3023
f 2990 3023 3022
f 2991 2992 3024
f 2991 3024 3023
f 2992 2993 3025
f 2992 3025 3024
f 2993 2994 3026
f 2993 3026 3025
f 2994 2995 3027
f 2994 3027 3026
f 2995 2996 3028
f 2995 3028 3027
f 2996 2997 3029
f 2996 3029 3028
f 2997 2998 3030
f 2997 3030 3029
f 2998 2999 3031
f 2998 3031 3030
f 2999 3000 3032
f 2999 3032 3031
f 3000 3001 3033
f 3000 3033 3032
f 3001 3002 3034
f 3001 3034 3033
f 3002 3003 3035
f 3002 3035 3034
f 3003 3004 3036
f 3003 3036 3035
f 3004 3005 3037
f 3004 3037 3036
f 3005 3006 3038
f 3005 3038 3037
f 3006 3007 3039
f 3006 3039 3038
f 3007 3008 3040
f 3007 3040 3039
f 3008 2977 3009
f 3008 3009 3040
f 3009 3010 3041
f 3010 3011 3042
f 3011 3012 3043
f 3012 3013 3044
f 3013 3014 3045
f 3014 3015 3046
f 3015 3016 3047
f 3016 3017 3048
f 3017 3018 3049
f 3018 3019 3050
f 3019 3020 3051
f 3020 3021 3052
f 3021 3022 3053
f 3022 3023 3054
f 3023 3024 3055
f 3024 3025 3056
f 3025 3026 3057
f 3026 3027 3058
f 3027 3028 3059
f 3028 3029 3060
f 3029 3030 3061
f 3030 3031 3062
f 3031 3032 3063
f 3032 3033 3064
f 3033 3034 3065
f 3034 3035 3066
f 3035 3036 3067
f 3036 3037 3068
f 3037 3038 3069
f 3038 3039 3070
f 3039 3040 3071
f 3040 3009 3072
g float_bowl_corner_bolt
usemtl steel_dark
f 3073 3075 3076
f 3073 3076 3074
f 3075 3077 3078
f 3075 3078 3076
f 3077 3079 3080
f 3077 3080 3078
f 3079 3081 3082
f 3079 3082 3080
f 3081 3083 3084
f 3081 3084 3082
f 3083 3073 3074
f 3083 3074 3084
f 3085 3075 3073
f 3086 3074 3076
f 3085 3077 3075
f 3086 3076 3078
f 3085 3079 3077
f 3086 3078 3080
f 3085 3081 3079
f 3086 3080 3082
f 3085 3083 3081
f 3086 3082 3084
f 3085 3073 3083
f 3086 3084 3074
g float_bowl_corner_bolt_washer
usemtl steel
f 3087 3089 3090
f 3087 3090 3088
f 3089 3091 3092
f 3089 3092 3090
f 3091 3093 3094
f 3091 3094 3092
f 3093 3095 3096
f 3093 3096 3094
f 3095 3097 3098
f 3095 3098 3096
f 3097 3099 3100
f 3097 3100 3098
f 3099 3101 3102
f 3099 3102 3100
f 3101 3103 3104
f 3101 3104 3102
f 3103 3105 3106
f 3103 3106 3104
f 3105 3107 3108
f 3105 3108 3106
f 3107 3109 3110
f 3107 3110 3108
f 3109 3111 3112
f 3109 3112 3110
f 3111 3113 3114
f 3111 3114 3112
f 3113 3115 3116
f 3113 3116 3114
f 3115 3117 3118
f 3115 3118 3116
f 3117 3119 3120
f 3117 3120 3118
f 3119 3121 3122
f 3119 3122 3120
f 3121 3087 3088
f 3121 3088 3122
f 3123 3089 3087
f 3124 3088 3090
f 3123 3091 3089
f 3124 3090 3092
f 3123 3093 3091
f 3124 3092 3094
f 3123 3095 3093
f 3124 3094 3096
f 3123 3097 3095
f 3124 3096 3098
f 3123 3099 3097
f 3124 3098 3100
f 3123 3101 3099
f 3124 3100 3102
f 3123 3103 3101
f 3124 3102 3104
f 3123 3105 3103
f 3124 3104 3106
f 3123 3107 3105
f 3124 3106 3108
f 3123 3109 3107
f 3124 3108 3110
f 3123 3111 3109
f 3124 3110 3112
f 3123 3113 3111
f 3124 3112 3114
f 3123 3115 3113
f 3124 3114 3116
f 3123 3117 3115
f 3124 3116 3118
f 3123 3119 3117
f 3124 3118 3120
f 3123 3121 3119
f 3124 3120 3122
f 3123 3087 3121
f 3124 3122 3088
g float_bowl_corner_bolt
usemtl steel_dark
f 3125 3127 3128
f 3125 3128 3126
f 3127 3129 3130
f 3127 3130 3128
f 3129 3131 3132
f 3129 3132 3130
f 3131 3133 3134
f 3131 3134 3132
f 3133 3135 3136
f 3133 3136 3134
f 3135 3125 3126
f 3135 3126 3136
f 3137 3127 3125
f 3138 3126 3128
f 3137 3129 3127
f 3138 3128 3130
f 3137 3131 3129
f 3138 3130 3132
f 3137 3133 3131
f 3138 3132 3134
f 3137 3135 3133
f 3138 3134 3136
f 3137 3125 3135
f 3138 3136 3126
g float_bowl_corner_bolt_washer
usemtl steel
f 3139 3141 3142
f 3139 3142 3140
f 3141 3143 3144
f 3141 3144 3142
f 3143 3145 3146
f 3143 3146 3144
f 3145 3147 3148
f 3145 3148 3146
f 3147 3149 3150
f 3147 3150 3148
f 3149 3151 3152
f 3149 3152 3150
f 3151 3153 3154
f 3151 3154 3152
f 3153 3155 3156
f 3153 3156 3154
f 3155 3157 3158
f 3155 3158 3156
f 3157 3159 3160
f 3157 3160 3158
f 3159 3161 3162
f 3159 3162 3160
f 3161 3163 3164
f 3161 3164 3162
f 3163 3165 3166
f 3163 3166 3164
f 3165 3167 3168
f 3165 3168 3166
f 3167 3169 3170
f 3167 3170 3168
f 3169 3171 3172
f 3169 3172 3170
f 3171 3173 3174
f 3171 3174 3172
f 3173 3139 3140
f 3173 3140 3174
f 3175 3141 3139
f 3176 3140 3142
f 3175 3143 3141
f 3176 3142 3144
f 3175 3145 3143
f 3176 3144 3146
f 3175 3147 3145
f 3176 3146 3148
f 3175 3149 3147
f 3176 3148 3150
f 3175 3151 3149
f 3176 3150 3152
f 3175 3153 3151
f 3176 3152 3154
f 3175 3155 3153
f 3176 3154 3156
f 3175 3157 3155
f 3176 3156 3158
f 3175 3159 3157
f 3176 3158 3160
f 3175 3161 3159
f 3176 3160 3162
f 3175 3163 3161
f 3176 3162 3164
f 3175 3165 3163
f 3176 3164 3166
f 3175 3167 3165
f 3176 3166 3168
f 3175 3169 3167
f 3176 3168 3170
f 3175 3171 3169
f 3176 3170 3172
f 3175 3173 3171
f 3176 3172 3174
f 3175 3139 3173
f 3176 3174 3140
g float_bowl_corner_bolt
usemtl steel_dark
f 3177 3179 3180
f 3177 3180 3178
f 3179 3181 3182
f 3179 3182 3180
f 3181 3183 3184
f 3181 3184 3182
f 3183 3185 3186
f 3183 3186 3184
f 3185 3187 3188
f 3185 3188 3186
f 3187 3177 3178
f 3187 3178 3188
f 3189 3179 3177
f 3190 3178 3180
f 3189 3181 3179
f 3190 3180 3182
f 3189 3183 3181
f 3190 3182 3184
f 3189 3185 3183
f 3190 3184 3186
f 3189 3187 3185
f 3190 3186 3188
f 3189 3177 3187
f 3190 3188 3178
g float_bowl_corner_bolt_washer
usemtl steel
f 3191 3193 3194
f 3191 3194 3192
f 3193 3195 3196
f 3193 3196 3194
f 3195 3197 3198
f 3195 3198 3196
f 3197 3199 3200
f 3197 3200 3198
f 3199 3201 3202
f 3199 3202 3200
f 3201 3203 3204
f 3201 3204 3202
f 3203 3205 3206
f 3203 3206 3204
f 3205 3207 3208
f 3205 3208 3206
f 3207 3209 3210
f 3207 3210 3208
f 3209 3211 3212
f 3209 3212 3210
f 3211 3213 3214
f 3211 3214 3212
f 3213 3215 3216
f 3213 3216 3214
f 3215 3217 3218
f 3215 3218 3216
f 3217 3219 3220
f 3217 3220 3218
f 3219 3221 3222
f 3219 3222 3220
f 3221 3223 3224
f 3221 3224 3222
f 3223 3225 3226
f 3223 3226 3224
f 3225 3191 3192
f 3225 3192 3226
f 3227 3193 3191
f 3228 3192 3194
f 3227 3195 3193
f 3228 3194 3196
f 3227 3197 3195
f 3228 3196 3198
f 3227 3199 3197
f 3228 3198 3200
f 3227 3201 3199
f 3228 3200 3202
f 3227 3203 3201
f 3228 3202 3204
f 3227 3205 3203
f 3228 3204 3206
f 3227 3207 3205
f 3228 3206 3208
f 3227 3209 3207
f 3228 3208 3210
f 3227 3211 3209
f 3228 3210 3212
f 3227 3213 3211
f 3228 3212 3214
f 3227 3215 3213
f 3228 3214 3216
f 3227 3217 3215
f 3228 3216 3218
f 3227 3219 3217
f 3228 3218 3220
f 3227 3221 3219
f 3228 3220 3222
f 3227 3223 3221
f 3228 3222 3224
f 3227 3225 3223
f 3228 3224 3226
f 3227 3191 3225
f 3228 3226 3192
g float_bowl_corner_bolt
usemtl steel_dark
f 3229 3231 3232
f 3229 3232 3230
f 3231 3233 3234
f 3231 3234 3232
f 3233 3235 3236
f 3233 3236 3234
f 3235 3237 3238
f 3235 3238 3236
f 3237 3239 3240
f 3237 3240 3238
f 3239 3229 3230
f 3239 3230 3240
f 3241 3231 3229
f 3242 3230 3232
f 3241 3233 3231
f 3242 3232 3234
f 3241 3235 3233
f 3242 3234 3236
f 3241 3237 3235
f 3242 3236 3238
f 3241 3239 3237
f 3242 3238 3240
f 3241 3229 3239
f 3242 3240 3230
g float_bowl_corner_bolt_washer
usemtl steel
f 3243 3245 3246
f 3243 3246 3244
f 3245 3247 3248
f 3245 3248 3246
f 3247 3249 3250
f 3247 3250 3248
f 3249 3251 3252
f 3249 3252 3250
f 3251 3253 3254
f 3251 3254 3252
f 3253 3255 3256
f 3253 3256 3254
f 3255 3257 3258
f 3255 3258 3256
f 3257 3259 3260
f 3257 3260 3258
f 3259 3261 3262
f 3259 3262 3260
f 3261 3263 3264
f 3261 3264 3262
f 3263 3265 3266
f 3263 3266 3264
f 3265 3267 3268
f 3265 3268 3266
f 3267 3269 3270
f 3267 3270 3268
f 3269 3271 3272
f 3269 3272 3270
f 3271 3273 3274
f 3271 3274 3272
f 3273 3275 3276
f 3273 3276 3274
f 3275 3277 3278
f 3275 3278 3276
f 3277 3243 3244
f 3277 3244 3278
f 3279 3245 3243
f 3280 3244 3246
f 3279 3247 3245
f 3280 3246 3248
f 3279 3249 3247
f 3280 3248 3250
f 3279 3251 3249
f 3280 3250 3252
f 3279 3253 3251
f 3280 3252 3254
f 3279 3255 3253
f 3280 3254 3256
f 3279 3257 3255
f 3280 3256 3258
f 3279 3259 3257
f 3280 3258 3260
f 3279 3261 3259
f 3280 3260 3262
f 3279 3263 3261
f 3280 3262 3264
f 3279 3265 3263
f 3280 3264 3266
f 3279 3267 3265
f 3280 3266 3268
f 3279 3269 3267
f 3280 3268 3270
f 3279 3271 3269
f 3280 3270 3272
f 3279 3273 3271
f 3280 3272 3274
f 3279 3275 3273
f 3280 3274 3276
f 3279 3277 3275
f 3280 3276 3278
f 3279 3243 3277
f 3280 3278 3244
g ribbed_fuel_nipple_base
usemtl brass
f 3281 3283 3284
f 3281 3284 3282
f 3283 3285 3286
f 3283 3286 3284
f 3285 3287 3288
f 3285 3288 3286
f 3287 3289 3290
f 3287 3290 3288
f 3289 3291 3292
f 3289 3292 3290
f 3291 3293 3294
f 3291 3294 3292
f 3293 3295 3296
f 3293 3296 3294
f 3295 3297 3298
f 3295 3298 3296
f 3297 3299 3300
f 3297 3300 3298
f 3299 3301 3302
f 3299 3302 3300
f 3301 3303 3304
f 3301 3304 3302
f 3303 3305 3306
f 3303 3306 3304
f 3305 3307 3308
f 3305 3308 3306
f 3307 3309 3310
f 3307 3310 3308
f 3309 3311 3312
f 3309 3312 3310
f 3311 3313 3314
f 3311 3314 3312
f 3313 3315 3316
f 3313 3316 3314
f 3315 3281 3282
f 3315 3282 3316
f 3317 3283 3281
f 3318 3282 3284
f 3317 3285 3283
f 3318 3284 3286
f 3317 3287 3285
f 3318 3286 3288
f 3317 3289 3287
f 3318 3288 3290
f 3317 3291 3289
f 3318 3290 3292
f 3317 3293 3291
f 3318 3292 3294
f 3317 3295 3293
f 3318 3294 3296
f 3317 3297 3295
f 3318 3296 3298
f 3317 3299 3297
f 3318 3298 3300
f 3317 3301 3299
f 3318 3300 3302
f 3317 3303 3301
f 3318 3302 3304
f 3317 3305 3303
f 3318 3304 3306
f 3317 3307 3305
f 3318 3306 3308
f 3317 3309 3307
f 3318 3308 3310
f 3317 3311 3309
f 3318 3310 3312
f 3317 3313 3311
f 3318 3312 3314
f 3317 3315 3313
f 3318 3314 3316
f 3317 3281 3315
f 3318 3316 3282
g fuel_nipple_barb_a
f 3319 3325 3326
f 3319 3326 3320
f 3320 3326 3327
f 3320 3327 3321
f 3321 3327 3328
f 3321 3328 3322
f 3322 3328 3329
f 3322 3329 3323
f 3323 3329 3330
f 3323 3330 3324
f 3324 3330 3325
f 3324 3325 3319
f 3325 3331 3332
f 3325 3332 3326
f 3326 3332 3333
f 3326 3333 3327
f 3327 3333 3334
f 3327 3334 3328
f 3328 3334 3335
f 3328 3335 3329
f 3329 3335 3336
f 3329 3336 3330
f 3330 3336 3331
f 3330 3331 3325
f 3331 3337 3338
f 3331 3338 3332
f 3332 3338 3339
f 3332 3339 3333
f 3333 3339 3340
f 3333 3340 3334
f 3334 3340 3341
f 3334 3341 3335
f 3335 3341 3342
f 3335 3342 3336
f 3336 3342 3337
f 3336 3337 3331
f 3337 3343 3344
f 3337 3344 3338
f 3338 3344 3345
f 3338 3345 3339
f 3339 3345 3346
f 3339 3346 3340
f 3340 3346 3347
f 3340 3347 3341
f 3341 3347 3348
f 3341 3348 3342
f 3342 3348 3343
f 3342 3343 3337
f 3343 3349 3350
f 3343 3350 3344
f 3344 3350 3351
f 3344 3351 3345
f 3345 3351 3352
f 3345 3352 3346
f 3346 3352 3353
f 3346 3353 3347
f 3347 3353 3354
f 3347 3354 3348
f 3348 3354 3349
f 3348 3349 3343
f 3349 3355 3356
f 3349 3356 3350
f 3350 3356 3357
f 3350 3357 3351
f 3351 3357 3358
f 3351 3358 3352
f 3352 3358 3359
f 3352 3359 3353
f 3353 3359 3360
f 3353 3360 3354
f 3354 3360 3355
f 3354 3355 3349
f 3355 3361 3362
f 3355 3362 3356
f 3356 3362 3363
f 3356 3363 3357
f 3357 3363 3364
f 3357 3364 3358
f 3358 3364 3365
f 3358 3365 3359
f 3359 3365 3366
f 3359 3366 3360
f 3360 3366 3361
f 3360 3361 3355
f 3361 3367 3368
f 3361 3368 3362
f 3362 3368 3369
f 3362 3369 3363
f 3363 3369 3370
f 3363 3370 3364
f 3364 3370 3371
f 3364 3371 3365
f 3365 3371 3372
f 3365 3372 3366
f 3366 3372 3367
f 3366 3367 3361
f 3367 3373 3374
f 3367 3374 3368
f 3368 3374 3375
f 3368 3375 3369
f 3369 3375 3376
f 3369 3376 3370
f 3370 3376 3377
f 3370 3377 3371
f 3371 3377 3378
f 3371 3378 3372
f 3372 3378 3373
f 3372 3373 3367
f 3373 3379 3380
f 3373 3380 3374
f 3374 3380 3381
f 3374 3381 3375
f 3375 3381 3382
f 3375 3382 3376
f 3376 3382 3383
f 3376 3383 3377
f 3377 3383 3384
f 3377 3384 3378
f 3378 3384 3379
f 3378 3379 3373
f 3379 3385 3386
f 3379 3386 3380
f 3380 3386 3387
f 3380 3387 3381
f 3381 3387 3388
f 3381 3388 3382
f 3382 3388 3389
f 3382 3389 3383
f 3383 3389 3390
f 3383 3390 3384
f 3384 3390 3385
f 3384 3385 3379
f 3385 3391 3392
f 3385 3392 3386
f 3386 3392 3393
f 3386 3393 3387
f 3387 3393 3394
f 3387 3394 3388
f 3388 3394 3395
f 3388 3395 3389
f 3389 3395 3396
f 3389 3396 3390
f 3390 3396 3391
f 3390 3391 3385
f 3391 3397 3398
f 3391 3398 3392
f 3392 3398 3399
f 3392 3399 3393
f 3393 3399 3400
f 3393 3400 3394
f 3394 3400 3401
f 3394 3401 3395
f 3395 3401 3402
f 3395 3402 3396
f 3396 3402 3397
f 3396 3397 3391
f 3397 3403 3404
f 3397 3404 3398
f 3398 3404 3405
f 3398 3405 3399
f 3399 3405 3406
f 3399 3406 3400
f 3400 3406 3407
f 3400 3407 3401
f 3401 3407 3408
f 3401 3408 3402
f 3402 3408 3403
f 3402 3403 3397
f 3403 3409 3410
f 3403 3410 3404
f 3404 3410 3411
f 3404 3411 3405
f 3405 3411 3412
f 3405 3412 3406
f 3406 3412 3413
f 3406 3413 3407
f 3407 3413 3414
f 3407 3414 3408
f 3408 3414 3409
f 3408 3409 3403
f 3409 3415 3416
f 3409 3416 3410
f 3410 3416 3417
f 3410 3417 3411
f 3411 3417 3418
f 3411 3418 3412
f 3412 3418 3419
f 3412 3419 3413
f 3413 3419 3420
f 3413 3420 3414
f 3414 3420 3415
f 3414 3415 3409
f 3415 3421 3422
f 3415 3422 3416
f 3416 3422 3423
f 3416 3423 3417
f 3417 3423 3424
f 3417 3424 3418
f 3418 3424 3425
f 3418 3425 3419
f 3419 3425 3426
f 3419 3426 3420
f 3420 3426 3421
f 3420 3421 3415
f 3421 3319 3320
f 3421 3320 3422
f 3422 3320 3321
f 3422 3321 3423
f 3423 3321 3322
f 3423 3322 3424
f 3424 3322 3323
f 3424 3323 3425
f 3425 3323 3324
f 3425 3324 3426
f 3426 3324 3319
f 3426 3319 3421
g fuel_nipple_barb_b
f 3427 3433 3434
f 3427 3434 3428
f 3428 3434 3435
f 3428 3435 3429
f 3429 3435 3436
f 3429 3436 3430
f 3430 3436 3437
f 3430 3437 3431
f 3431 3437 3438
f 3431 3438 3432
f 3432 3438 3433
f 3432 3433 3427
f 3433 3439 3440
f 3433 3440 3434
f 3434 3440 3441
f 3434 3441 3435
f 3435 3441 3442
f 3435 3442 3436
f 3436 3442 3443
f 3436 3443 3437
f 3437 3443 3444
f 3437 3444 3438
f 3438 3444 3439
f 3438 3439 3433
f 3439 3445 3446
f 3439 3446 3440
f 3440 3446 3447
f 3440 3447 3441
f 3441 3447 3448
f 3441 3448 3442
f 3442 3448 3449
f 3442 3449 3443
f 3443 3449 3450
f 3443 3450 3444
f 3444 3450 3445
f 3444 3445 3439
f 3445 3451 3452
f 3445 3452 3446
f 3446 3452 3453
f 3446 3453 3447
f 3447 3453 3454
f 3447 3454 3448
f 3448 3454 3455
f 3448 3455 3449
f 3449 3455 3456
f 3449 3456 3450
f 3450 3456 3451
f 3450 3451 3445
f 3451 3457 3458
f 3451 3458 3452
f 3452 3458 3459
f 3452 3459 3453
f 3453 3459 3460
f 3453 3460 3454
f 3454 3460 3461
f 3454 3461 3455
f 3455 3461 3462
f 3455 3462 3456
f 3456 3462 3457
f 3456 3457 3451
f 3457 3463 3464
f 3457 3464 3458
f 3458 3464 3465
f 3458 3465 3459
f 3459 3465 3466
f 3459 3466 3460
f 3460 3466 3467
f 3460 3467 3461
f 3461 3467 3468
f 3461 3468 3462
f 3462 3468 3463
f 3462 3463 3457
f 3463 3469 3470
f 3463 3470 3464
f 3464 3470 3471
f 3464 3471 3465
f 3465 3471 3472
f 3465 3472 3466
f 3466 3472 3473
f 3466 3473 3467
f 3467 3473 3474
f 3467 3474 3468
f 3468 3474 3469
f 3468 3469 3463
f 3469 3475 3476
f 3469 3476 3470
f 3470 3476 3477
f 3470 3477 3471
f 3471 3477 3478
f 3471 3478 3472
f 3472 3478 3479
f 3472 3479 3473
f 3473 3479 3480
f 3473 3480 3474
f 3474 3480 3475
f 3474 3475 3469
f 3475 3481 3482
f 3475 3482 3476
f 3476 3482 3483
f 3476 3483 3477
f 3477 3483 3484
f 3477 3484 3478
f 3478 3484 3485
f 3478 3485 3479
f 3479 3485 3486
f 3479 3486 3480
f 3480 3486 3481
f 3480 3481 3475
f 3481 3487 3488
f 3481 3488 3482
f 3482 3488 3489
f 3482 3489 3483
f 3483 3489 3490
f 3483 3490 3484
f 3484 3490 3491
f 3484 3491 3485
f 3485 3491 3492
f 3485 3492 3486
f 3486 3492 3487
f 3486 3487 3481
f 3487 3493 3494
f 3487 3494 3488
f 3488 3494 3495
f 3488 3495 3489
f 3489 3495 3496
f 3489 3496 3490
f 3490 3496 3497
f 3490 3497 3491
f 3491 3497 3498
f 3491 3498 3492
f 3492 3498 3493
f 3492 3493 3487
f 3493 3499 3500
f 3493 3500 3494
f 3494 3500 3501
f 3494 3501 3495
f 3495 3501 3502
f 3495 3502 3496
f 3496 3502 3503
f 3496 3503 3497
f 3497 3503 3504
f 3497 3504 3498
f 3498 3504 3499
f 3498 3499 3493
f 3499 3505 3506
f 3499 3506 3500
f 3500 3506 3507
f 3500 3507 3501
f 3501 3507 3508
f 3501 3508 3502
f 3502 3508 3509
f 3502 3509 3503
f 3503 3509 3510
f 3503 3510 3504
f 3504 3510 3505
f 3504 3505 3499
f 3505 3511 3512
f 3505 3512 3506
f 3506 3512 3513
f 3506 3513 3507
f 3507 3513 3514
f 3507 3514 3508
f 3508 3514 3515
f 3508 3515 3509
f 3509 3515 3516
f 3509 3516 3510
f 3510 3516 3511
f 3510 3511 3505
f 3511 3517 3518
f 3511 3518 3512
f 3512 3518 3519
f 3512 3519 3513
f 3513 3519 3520
f 3513 3520 3514
f 3514 3520 3521
f 3514 3521 3515
f 3515 3521 3522
f 3515 3522 3516
f 3516 3522 3517
f 3516 3517 3511
f 3517 3523 3524
f 3517 3524 3518
f 3518 3524 3525
f 3518 3525 3519
f 3519 3525 3526
f 3519 3526 3520
f 3520 3526 3527
f 3520 3527 3521
f 3521 3527 3528
f 3521 3528 3522
f 3522 3528 3523
f 3522 3523 3517
f 3523 3529 3530
f 3523 3530 3524
f 3524 3530 3531
f 3524 3531 3525
f 3525 3531 3532
f 3525 3532 3526
f 3526 3532 3533
f 3526 3533 3527
f 3527 3533 3534
f 3527 3534 3528
f 3528 3534 3529
f 3528 3529 3523
f 3529 3427 3428
f 3529 3428 3530
f 3530 3428 3429
f 3530 3429 3531
f 3531 3429 3430
f 3531 3430 3532
f 3532 3430 3431
f 3532 3431 3533
f 3533 3431 3432
f 3533 3432 3534
f 3534 3432 3427
f 3534 3427 3529
g idle_mixture_screw
usemtl steel
f 3535 3537 3538
f 3535 3538 3536
f 3537 3539 3540
f 3537 3540 3538
f 3539 3541 3542
f 3539 3542 3540
f 3541 3543 3544
f 3541 3544 3542
f 3543 3545 3546
f 3543 3546 3544
f 3545 3547 3548
f 3545 3548 3546
f 3547 3549 3550
f 3547 3550 3548
f 3549 3551 3552
f 3549 3552 3550
f 3551 3553 3554
f 3551 3554 3552
f 3553 3555 3556
f 3553 3556 3554
f 3555 3557 3558
f 3555 3558 3556
f 3557 3559 3560
f 3557 3560 3558
f 3559 3561 3562
f 3559 3562 3560
f 3561 3563 3564
f 3561 3564 3562
f 3563 3565 3566
f 3563 3566 3564
f 3565 3567 3568
f 3565 3568 3566
f 3567 3569 3570
f 3567 3570 3568
f 3569 3571 3572
f 3569 3572 3570
f 3571 3573 3574
f 3571 3574 3572
f 3573 3575 3576
f 3573 3576 3574
f 3575 3577 3578
f 3575 3578 3576
f 3577 3579 3580
f 3577 3580 3578
f 3579 3581 3582
f 3579 3582 3580
f 3581 3535 3536
f 3581 3536 3582
f 3583 3537 3535
f 3584 3536 3538
f 3583 3539 3537
f 3584 3538 3540
f 3583 3541 3539
f 3584 3540 3542
f 3583 3543 3541
f 3584 3542 3544
f 3583 3545 3543
f 3584 3544 3546
f 3583 3547 3545
f 3584 3546 3548
f 3583 3549 3547
f 3584 3548 3550
f 3583 3551 3549
f 3584 3550 3552
f 3583 3553 3551
f 3584 3552 3554
f 3583 3555 3553
f 3584 3554 3556
f 3583 3557 3555
f 3584 3556 3558
f 3583 3559 3557
f 3584 3558 3560
f 3583 3561 3559
f 3584 3560 3562
f 3583 3563 3561
f 3584 3562 3564
f 3583 3565 3563
f 3584 3564 3566
f 3583 3567 3565
f 3584 3566 3568
f 3583 3569 3567
f 3584 3568 3570
f 3583 3571 3569
f 3584 3570 3572
f 3583 3573 3571
f 3584 3572 3574
f 3583 3575 3573
f 3584 3574 3576
f 3583 3577 3575
f 3584 3576 3578
f 3583 3579 3577
f 3584 3578 3580
f 3583 3581 3579
f 3584 3580 3582
f 3583 3535 3581
f 3584 3582 3536
g idle_mixture_screw_slot
usemtl dark_cavity
f 3585 3586 3587
f 3585 3587 3588
f 3589 3592 3591
f 3589 3591 3590
f 3585 3589 3590
f 3585 3590 3586
f 3586 3590 3591
f 3586 3591 3587
f 3587 3591 3592
f 3587 3592 3588
f 3588 3592 3589
f 3588 3589 3585
g angled_mixture_needle
usemtl brass
f 3593 3595 3596
f 3593 3596 3594
f 3595 3597 3598
f 3595 3598 3596
f 3597 3599 3600
f 3597 3600 3598
f 3599 3601 3602
f 3599 3602 3600
f 3601 3603 3604
f 3601 3604 3602
f 3603 3605 3606
f 3603 3606 3604
f 3605 3607 3608
f 3605 3608 3606
f 3607 3609 3610
f 3607 3610 3608
f 3609 3611 3612
f 3609 3612 3610
f 3611 3613 3614
f 3611 3614 3612
f 3613 3615 3616
f 3613 3616 3614
f 3615 3593 3594
f 3615 3594 3616
f 3617 3595 3593
f 3618 3594 3596
f 3617 3597 3595
f 3618 3596 3598
f 3617 3599 3597
f 3618 3598 3600
f 3617 3601 3599
f 3618 3600 3602
f 3617 3603 3601
f 3618 3602 3604
f 3617 3605 3603
f 3618 3604 3606
f 3617 3607 3605
f 3618 3606 3608
f 3617 3609 3607
f 3618 3608 3610
f 3617 3611 3609
f 3618 3610 3612
f 3617 3613 3611
f 3618 3612 3614
f 3617 3615 3613
f 3618 3614 3616
f 3617 3593 3615
f 3618 3616 3594
g vacuum_port
usemtl cast_aluminum
f 3619 3623 3624
f 3619 3624 3620
g vacuum_port_inner
usemtl dark_cavity
f 3625 3621 3622
f 3625 3622 3626
g vacuum_port_front_lip
usemtl cast_aluminum
f 3623 3619 3621
f 3623 3621 3625
g vacuum_port_rear_lip
f 3620 3624 3626
f 3620 3626 3622
g vacuum_port
f 3623 3627 3628
f 3623 3628 3624
g vacuum_port_inner
usemtl dark_cavity
f 3629 3625 3626
f 3629 3626 3630
g vacuum_port_front_lip
usemtl cast_aluminum
f 3627 3623 3625
f 3627 3625 3629
g vacuum_port_rear_lip
f 3624 3628 3630
f 3624 3630 3626
g vacuum_port
f 3627 3631 3632
f 3627 3632 3628
g vacuum_port_inner
usemtl dark_cavity
f 3633 3629 3630
f 3633 3630 3634
g vacuum_port_front_lip
usemtl cast_aluminum
f 3631 3627 3629
f 3631 3629 3633
g vacuum_port_rear_lip
f 3628 3632 3634
f 3628 3634 3630
g vacuum_port
f 3631 3635 3636
f 3631 3636 3632
g vacuum_port_inner
usemtl dark_cavity
f 3637 3633 3634
f 3637 3634 3638
g vacuum_port_front_lip
usemtl cast_aluminum
f 3635 3631 3633
f 3635 3633 3637
g vacuum_port_rear_lip
f 3632 3636 3638
f 3632 3638 3634
g vacuum_port
f 3635 3639 3640
f 3635 3640 3636
g vacuum_port_inner
usemtl dark_cavity
f 3641 3637 3638
f 3641 3638 3642
g vacuum_port_front_lip
usemtl cast_aluminum
f 3639 3635 3637
f 3639 3637 3641
g vacuum_port_rear_lip
f 3636 3640 3642
f 3636 3642 3638
g vacuum_port
f 3639 3643 3644
f 3639 3644 3640
g vacuum_port_inner
usemtl dark_cavity
f 3645 3641 3642
f 3645 3642 3646
g vacuum_port_front_lip
usemtl cast_aluminum
f 3643 3639 3641
f 3643 3641 3645
g vacuum_port_rear_lip
f 3640 3644 3646
f 3640 3646 3642
g vacuum_port
f 3643 3647 3648
f 3643 3648 3644
g vacuum_port_inner
usemtl dark_cavity
f 3649 3645 3646
f 3649 3646 3650
g vacuum_port_front_lip
usemtl cast_aluminum
f 3647 3643 3645
f 3647 3645 3649
g vacuum_port_rear_lip
f 3644 3648 3650
f 3644 3650 3646
g vacuum_port
f 3647 3651 3652
f 3647 3652 3648
g vacuum_port_inner
usemtl dark_cavity
f 3653 3649 3650
f 3653 3650 3654
g vacuum_port_front_lip
usemtl cast_aluminum
f 3651 3647 3649
f 3651 3649 3653
g vacuum_port_rear_lip
f 3648 3652 3654
f 3648 3654 3650
g vacuum_port
f 3651 3655 3656
f 3651 3656 3652
g vacuum_port_inner
usemtl dark_cavity
f 3657 3653 3654
f 3657 3654 3658
g vacuum_port_front_lip
usemtl cast_aluminum
f 3655 3651 3653
f 3655 3653 3657
g vacuum_port_rear_lip
f 3652 3656 3658
f 3652 3658 3654
g vacuum_port
f 3655 3659 3660
f 3655 3660 3656
g vacuum_port_inner
usemtl dark_cavity
f 3661 3657 3658
f 3661 3658 3662
g vacuum_port_front_lip
usemtl cast_aluminum
f 3659 3655 3657
f 3659 3657 3661
g vacuum_port_rear_lip
f 3656 3660 3662
f 3656 3662 3658
g vacuum_port
f 3659 3663 3664
f 3659 3664 3660
g vacuum_port_inner
usemtl dark_cavity
f 3665 3661 3662
f 3665 3662 3666
g vacuum_port_front_lip
usemtl cast_aluminum
f 3663 3659 3661
f 3663 3661 3665
g vacuum_port_rear_lip
f 3660 3664 3666
f 3660 3666 3662
g vacuum_port
f 3663 3667 3668
f 3663 3668 3664
g vacuum_port_inner
usemtl dark_cavity
f 3669 3665 3666
f 3669 3666 3670
g vacuum_port_front_lip
usemtl cast_aluminum
f 3667 3663 3665
f 3667 3665 3669
g vacuum_port_rear_lip
f 3664 3668 3670
f 3664 3670 3666
g vacuum_port
f 3667 3671 3672
f 3667 3672 3668
g vacuum_port_inner
usemtl dark_cavity
f 3673 3669 3670
f 3673 3670 3674
g vacuum_port_front_lip
usemtl cast_aluminum
f 3671 3667 3669
f 3671 3669 3673
g vacuum_port_rear_lip
f 3668 3672 3674
f 3668 3674 3670
g vacuum_port
f 3671 3675 3676
f 3671 3676 3672
g vacuum_port_inner
usemtl dark_cavity
f 3677 3673 3674
f 3677 3674 3678
g vacuum_port_front_lip
usemtl cast_aluminum
f 3675 3671 3673
f 3675 3673 3677
g vacuum_port_rear_lip
f 3672 3676 3678
f 3672 3678 3674
g vacuum_port
f 3675 3679 3680
f 3675 3680 3676
g vacuum_port_inner
usemtl dark_cavity
f 3681 3677 3678
f 3681 3678 3682
g vacuum_port_front_lip
usemtl cast_aluminum
f 3679 3675 3677
f 3679 3677 3681
g vacuum_port_rear_lip
f 3676 3680 3682
f 3676 3682 3678
g vacuum_port
f 3679 3683 3684
f 3679 3684 3680
g vacuum_port_inner
usemtl dark_cavity
f 3685 3681 3682
f 3685 3682 3686
g vacuum_port_front_lip
usemtl cast_aluminum
f 3683 3679 3681
f 3683 3681 3685
g vacuum_port_rear_lip
f 3680 3684 3686
f 3680 3686 3682
g vacuum_port
f 3683 3687 3688
f 3683 3688 3684
g vacuum_port_inner
usemtl dark_cavity
f 3689 3685 3686
f 3689 3686 3690
g vacuum_port_front_lip
usemtl cast_aluminum
f 3687 3683 3685
f 3687 3685 3689
g vacuum_port_rear_lip
f 3684 3688 3690
f 3684 3690 3686
g vacuum_port
f 3687 3691 3692
f 3687 3692 3688
g vacuum_port_inner
usemtl dark_cavity
f 3693 3689 3690
f 3693 3690 3694
g vacuum_port_front_lip
usemtl cast_aluminum
f 3691 3687 3689
f 3691 3689 3693
g vacuum_port_rear_lip
f 3688 3692 3694
f 3688 3694 3690
g vacuum_port
f 3691 3695 3696
f 3691 3696 3692
g vacuum_port_inner
usemtl dark_cavity
f 3697 3693 3694
f 3697 3694 3698
g vacuum_port_front_lip
usemtl cast_aluminum
f 3695 3691 3693
f 3695 3693 3697
g vacuum_port_rear_lip
f 3692 3696 3698
f 3692 3698 3694
g vacuum_port
f 3695 3619 3620
f 3695 3620 3696
g vacuum_port_inner
usemtl dark_cavity
f 3621 3697 3698
f 3621 3698 3622
g vacuum_port_front_lip
usemtl cast_aluminum
f 3619 3695 3697
f 3619 3697 3621
g vacuum_port_rear_lip
f 3696 3620 3622
f 3696 3622 3698
g float_bowl_drain_pipe
usemtl brass
f 3699 3701 3702
f 3699 3702 3700
f 3701 3703 3704
f 3701 3704 3702
f 3703 3705 3706
f 3703 3706 3704
f 3705 3707 3708
f 3705 3708 3706
f 3707 3709 3710
f 3707 3710 3708
f 3709 3711 3712
f 3709 3712 3710
f 3711 3713 3714
f 3711 3714 3712
f 3713 3715 3716
f 3713 3716 3714
f 3715 3717 3718
f 3715 3718 3716
f 3717 3719 3720
f 3717 3720 3718
f 3719 3721 3722
f 3719 3722 3720
f 3721 3723 3724
f 3721 3724 3722
f 3723 3725 3726
f 3723 3726 3724
f 3725 3727 3728
f 3725 3728 3726
f 3727 3729 3730
f 3727 3730 3728
f 3729 3699 3700
f 3729 3700 3730
f 3731 3701 3699
f 3732 3700 3702
f 3731 3703 3701
f 3732 3702 3704
f 3731 3705 3703
f 3732 3704 3706
f 3731 3707 3705
f 3732 3706 3708
f 3731 3709 3707
f 3732 3708 3710
f 3731 3711 3709
f 3732 3710 3712
f 3731 3713 3711
f 3732 3712 3714
f 3731 3715 3713
f 3732 3714 3716
f 3731 3717 3715
f 3732 3716 3718
f 3731 3719 3717
f 3732 3718 3720
f 3731 3721 3719
f 3732 3720 3722
f 3731 3723 3721
f 3732 3722 3724
f 3731 3725 3723
f 3732 3724 3726
f 3731 3727 3725
f 3732 3726 3728
f 3731 3729 3727
f 3732 3728 3730
f 3731 3699 3729
f 3732 3730 3700
g drain_screw_slotted
usemtl steel
f 3733 3735 3736
f 3733 3736 3734
f 3735 3737 3738
f 3735 3738 3736
f 3737 3739 3740
f 3737 3740 3738
f 3739 3741 3742
f 3739 3742 3740
f 3741 3743 3744
f 3741 3744 3742
f 3743 3745 3746
f 3743 3746 3744
f 3745 3747 3748
f 3745 3748 3746
f 3747 3749 3750
f 3747 3750 3748
f 3749 3751 3752
f 3749 3752 3750
f 3751 3753 3754
f 3751 3754 3752
f 3753 3755 3756
f 3753 3756 3754
f 3755 3757 3758
f 3755 3758 3756
f 3757 3759 3760
f 3757 3760 3758
f 3759 3761 3762
f 3759 3762 3760
f 3761 3763 3764
f 3761 3764 3762
f 3763 3765 3766
f 3763 3766 3764
f 3765 3767 3768
f 3765 3768 3766
f 3767 3769 3770
f 3767 3770 3768
f 3769 3771 3772
f 3769 3772 3770
f 3771 3773 3774
f 3771 3774 3772
f 3773 3775 3776
f 3773 3776 3774
f 3775 3777 3778
f 3775 3778 3776
f 3777 3779 3780
f 3777 3780 3778
f 3779 3733 3734
f 3779 3734 3780
f 3781 3735 3733
f 3782 3734 3736
f 3781 3737 3735
f 3782 3736 3738
f 3781 3739 3737
f 3782 3738 3740
f 3781 3741 3739
f 3782 3740 3742
f 3781 3743 3741
f 3782 3742 3744
f 3781 3745 3743
f 3782 3744 3746
f 3781 3747 3745
f 3782 3746 3748
f 3781 3749 3747
f 3782 3748 3750
f 3781 3751 3749
f 3782 3750 3752
f 3781 3753 3751
f 3782 3752 3754
f 3781 3755 3753
f 3782 3754 3756
f 3781 3757 3755
f 3782 3756 3758
f 3781 3759 3757
f 3782 3758 3760
f 3781 3761 3759
f 3782 3760 3762
f 3781 3763 3761
f 3782 3762 3764
f 3781 3765 3763
f 3782 3764 3766
f 3781 3767 3765
f 3782 3766 3768
f 3781 3769 3767
f 3782 3768 3770
f 3781 3771 3769
f 3782 3770 3772
f 3781 3773 3771
f 3782 3772 3774
f 3781 3775 3773
f 3782 3774 3776
f 3781 3777 3775
f 3782 3776 3778
f 3781 3779 3777
f 3782 3778 3780
f 3781 3733 3779
f 3782 3780 3734
g drain_screw_slotted_slot
usemtl dark_cavity
f 3783 3784 3785
f 3783 3785 3786
f 3787 3790 3789
f 3787 3789 3788
f 3783 3787 3788
f 3783 3788 3784
f 3784 3788 3789
f 3784 3789 3785
f 3785 3789 3790
f 3785 3790 3786
f 3786 3790 3787
f 3786 3787 3783
g throttle_pulley_disk
usemtl steel_dark
f 3791 3793 3794
f 3791 3794 3792
f 3793 3795 3796
f 3793 3796 3794
f 3795 3797 3798
f 3795 3798 3796
f 3797 3799 3800
f 3797 3800 3798
f 3799 3801 3802
f 3799 3802 3800
f 3801 3803 3804
f 3801 3804 3802
f 3803 3805 3806
f 3803 3806 3804
f 3805 3807 3808
f 3805 3808 3806
f 3807 3809 3810
f 3807 3810 3808
f 3809 3811 3812
f 3809 3812 3810
f 3811 3813 3814
f 3811 3814 3812
f 3813 3815 3816
f 3813 3816 3814
f 3815 3817 3818
f 3815 3818 3816
f 3817 3819 3820
f 3817 3820 3818
f 3819 3821 3822
f 3819 3822 3820
f 3821 3823 3824
f 3821 3824 3822
f 3823 3825 3826
f 3823 3826 3824
f 3825 3827 3828
f 3825 3828 3826
f 3827 3829 3830
f 3827 3830 3828
f 3829 3831 3832
f 3829 3832 3830
f 3831 3833 3834
f 3831 3834 3832
f 3833 3835 3836
f 3833 3836 3834
f 3835 3837 3838
f 3835 3838 3836
f 3837 3839 3840
f 3837 3840 3838
f 3839 3841 3842
f 3839 3842 3840
f 3841 3843 3844
f 3841 3844 3842
f 3843 3845 3846
f 3843 3846 3844
f 3845 3847 3848
f 3845 3848 3846
f 3847 3849 3850
f 3847 3850 3848
f 3849 3851 3852
f 3849 3852 3850
f 3851 3853 3854
f 3851 3854 3852
f 3853 3855 3856
f 3853 3856 3854
f 3855 3857 3858
f 3855 3858 3856
f 3857 3859 3860
f 3857 3860 3858
f 3859 3861 3862
f 3859 3862 3860
f 3861 3791 3792
f 3861 3792 3862
f 3863 3793 3791
f 3864 3792 3794
f 3863 3795 3793
f 3864 3794 3796
f 3863 3797 3795
f 3864 3796 3798
f 3863 3799 3797
f 3864 3798 3800
f 3863 3801 3799
f 3864 3800 3802
f 3863 3803 3801
f 3864 3802 3804
f 3863 3805 3803
f 3864 3804 3806
f 3863 3807 3805
f 3864 3806 3808
f 3863 3809 3807
f 3864 3808 3810
f 3863 3811 3809
f 3864 3810 3812
f 3863 3813 3811
f 3864 3812 3814
f 3863 3815 3813
f 3864 3814 3816
f 3863 3817 3815
f 3864 3816 3818
f 3863 3819 3817
f 3864 3818 3820
f 3863 3821 3819
f 3864 3820 3822
f 3863 3823 3821
f 3864 3822 3824
f 3863 3825 3823
f 3864 3824 3826
f 3863 3827 3825
f 3864 3826 3828
f 3863 3829 3827
f 3864 3828 3830
f 3863 3831 3829
f 3864 3830 3832
f 3863 3833 3831
f 3864 3832 3834
f 3863 3835 3833
f 3864 3834 3836
f 3863 3837 3835
f 3864 3836 3838
f 3863 3839 3837
f 3864 3838 3840
f 3863 3841 3839
f 3864 3840 3842
f 3863 3843 3841
f 3864 3842 3844
f 3863 3845 3843
f 3864 3844 3846
f 3863 3847 3845
f 3864 3846 3848
f 3863 3849 3847
f 3864 3848 3850
f 3863 3851 3849
f 3864 3850 3852
f 3863 3853 3851
f 3864 3852 3854
f 3863 3855 3853
f 3864 3854 3856
f 3863 3857 3855
f 3864 3856 3858
f 3863 3859 3857
f 3864 3858 3860
f 3863 3861 3859
f 3864 3860 3862
f 3863 3791 3861
f 3864 3862 3792
g pulley_outer_groove
usemtl steel
f 3865 3873 3874
f 3865 3874 3866
f 3866 3874 3875
f 3866 3875 3867
f 3867 3875 3876
f 3867 3876 3868
f 3868 3876 3877
f 3868 3877 3869
f 3869 3877 3878
f 3869 3878 3870
f 3870 3878 3879
f 3870 3879 3871
f 3871 3879 3880
f 3871 3880 3872
f 3872 3880 3873
f 3872 3873 3865
f 3873 3881 3882
f 3873 3882 3874
f 3874 3882 3883
f 3874 3883 3875
f 3875 3883 3884
f 3875 3884 3876
f 3876 3884 3885
f 3876 3885 3877
f 3877 3885 3886
f 3877 3886 3878
f 3878 3886 3887
f 3878 3887 3879
f 3879 3887 3888
f 3879 3888 3880
f 3880 3888 3881
f 3880 3881 3873
f 3881 3889 3890
f 3881 3890 3882
f 3882 3890 3891
f 3882 3891 3883
f 3883 3891 3892
f 3883 3892 3884
f 3884 3892 3893
f 3884 3893 3885
f 3885 3893 3894
f 3885 3894 3886
f 3886 3894 3895
f 3886 3895 3887
f 3887 3895 3896
f 3887 3896 3888
f 3888 3896 3889
f 3888 3889 3881
f 3889 3897 3898
f 3889 3898 3890
f 3890 3898 3899
f 3890 3899 3891
f 3891 3899 3900
f 3891 3900 3892
f 3892 3900 3901
f 3892 3901 3893
f 3893 3901 3902
f 3893 3902 3894
f 3894 3902 3903
f 3894 3903 3895
f 3895 3903 3904
f 3895 3904 3896
f 3896 3904 3897
f 3896 3897 3889
f 3897 3905 3906
f 3897 3906 3898
f 3898 3906 3907
f 3898 3907 3899
f 3899 3907 3908
f 3899 3908 3900
f 3900 3908 3909
f 3900 3909 3901
f 3901 3909 3910
f 3901 3910 3902
f 3902 3910 3911
f 3902 3911 3903
f 3903 3911 3912
f 3903 3912 3904
f 3904 3912 3905
f 3904 3905 3897
f 3905 3913 3914
f 3905 3914 3906
f 3906 3914 3915
f 3906 3915 3907
f 3907 3915 3916
f 3907 3916 3908
f 3908 3916 3917
f 3908 3917 3909
f 3909 3917 3918
f 3909 3918 3910
f 3910 3918 3919
f 3910 3919 3911
f 3911 3919 3920
f 3911 3920 3912
f 3912 3920 3913
f 3912 3913 3905
f 3913 3921 3922
f 3913 3922 3914
f 3914 3922 3923
f 3914 3923 3915
f 3915 3923 3924
f 3915 3924 3916
f 3916 3924 3925
f 3916 3925 3917
f 3917 3925 3926
f 3917 3926 3918
f 3918 3926 3927
f 3918 3927 3919
f 3919 3927 3928
f 3919 3928 3920
f 3920 3928 3921
f 3920 3921 3913
f 3921 3929 3930
f 3921 3930 3922
f 3922 3930 3931
f 3922 3931 3923
f 3923 3931 3932
f 3923 3932 3924
f 3924 3932 3933
f 3924 3933 3925
f 3925 3933 3934
f 3925 3934 3926
f 3926 3934 3935
f 3926 3935 3927
f 3927 3935 3936
f 3927 3936 3928
f 3928 3936 3929
f 3928 3929 3921
f 3929 3937 3938
f 3929 3938 3930
f 3930 3938 3939
f 3930 3939 3931
f 3931 3939 3940
f 3931 3940 3932
f 3932 3940 3941
f 3932 3941 3933
f 3933 3941 3942
f 3933 3942 3934
f 3934 3942 3943
f 3934 3943 3935
f 3935 3943 3944
f 3935 3944 3936
f 3936 3944 3937
f 3936 3937 3929
f 3937 3945 3946
f 3937 3946 3938
f 3938 3946 3947
f 3938 3947 3939
f 3939 3947 3948
f 3939 3948 3940
f 3940 3948 3949
f 3940 3949 3941
f 3941 3949 3950
f 3941 3950 3942
f 3942 3950 3951
f 3942 3951 3943
f 3943 3951 3952
f 3943 3952 3944
f 3944 3952 3945
f 3944 3945 3937
f 3945 3953 3954
f 3945 3954 3946
f 3946 3954 3955
f 3946 3955 3947
f 3947 3955 3956
f 3947 3956 3948
f 3948 3956 3957
f 3948 3957 3949
f 3949 3957 3958
f 3949 3958 3950
f 3950 3958 3959
f 3950 3959 3951
f 3951 3959 3960
f 3951 3960 3952
f 3952 3960 3953
f 3952 3953 3945
f 3953 3961 3962
f 3953 3962 3954
f 3954 3962 3963
f 3954 3963 3955
f 3955 3963 3964
f 3955 3964 3956
f 3956 3964 3965
f 3956 3965 3957
f 3957 3965 3966
f 3957 3966 3958
f 3958 3966 3967
f 3958 3967 3959
f 3959 3967 3968
f 3959 3968 3960
f 3960 3968 3961
f 3960 3961 3953
f 3961 3969 3970
f 3961 3970 3962
f 3962 3970 3971
f 3962 3971 3963
f 3963 3971 3972
f 3963 3972 3964
f 3964 3972 3973
f 3964 3973 3965
f 3965 3973 3974
f 3965 3974 3966
f 3966 3974 3975
f 3966 3975 3967
f 3967 3975 3976
f 3967 3976 3968
f 3968 3976 3969
f 3968 3969 3961
f 3969 3977 3978
f 3969 3978 3970
f 3970 3978 3979
f 3970 3979 3971
f 3971 3979 3980
f 3971 3980 3972
f 3972 3980 3981
f 3972 3981 3973
f 3973 3981 3982
f 3973 3982 3974
f 3974 3982 3983
f 3974 3983 3975
f 3975 3983 3984
f 3975 3984 3976
f 3976 3984 3977
f 3976 3977 3969
f 3977 3985 3986
f 3977 3986 3978
f 3978 3986 3987
f 3978 3987 3979
f 3979 3987 3988
f 3979 3988 3980
f 3980 3988 3989
f 3980 3989 3981
f 3981 3989 3990
f 3981 3990 3982
f 3982 3990 3991
f 3982 3991 3983
f 3983 3991 3992
f 3983 3992 3984
f 3984 3992 3985
f 3984 3985 3977
f 3985 3993 3994
f 3985 3994 3986
f 3986 3994 3995
f 3986 3995 3987
f 3987 3995 3996
f 3987 3996 3988
f 3988 3996 3997
f 3988 3997 3989
f 3989 3997 3998
f 3989 3998 3990
f 3990 3998 3999
f 3990 3999 3991
f 3991 3999 4000
f 3991 4000 3992
f 3992 4000 3993
f 3992 3993 3985
f 3993 4001 4002
f 3993 4002 3994
f 3994 4002 4003
f 3994 4003 3995
f 3995 4003 4004
f 3995 4004 3996
f 3996 4004 4005
f 3996 4005 3997
f 3997 4005 4006
f 3997 4006 3998
f 3998 4006 4007
f 3998 4007 3999
f 3999 4007 4008
f 3999 4008 4000
f 4000 4008 4001
f 4000 4001 3993
f 4001 4009 4010
f 4001 4010 4002
f 4002 4010 4011
f 4002 4011 4003
f 4003 4011 4012
f 4003 4012 4004
f 4004 4012 4013
f 4004 4013 4005
f 4005 4013 4014
f 4005 4014 4006
f 4006 4014 4015
f 4006 4015 4007
f 4007 4015 4016
f 4007 4016 4008
f 4008 4016 4009
f 4008 4009 4001
f 4009 4017 4018
f 4009 4018 4010
f 4010 4018 4019
f 4010 4019 4011
f 4011 4019 4020
f 4011 4020 4012
f 4012 4020 4021
f 4012 4021 4013
f 4013 4021 4022
f 4013 4022 4014
f 4014 4022 4023
f 4014 4023 4015
f 4015 4023 4024
f 4015 4024 4016
f 4016 4024 4017
f 4016 4017 4009
f 4017 4025 4026
f 4017 4026 4018
f 4018 4026 4027
f 4018 4027 4019
f 4019 4027 4028
f 4019 4028 4020
f 4020 4028 4029
f 4020 4029 4021
f 4021 4029 4030
f 4021 4030 4022
f 4022 4030 4031
f 4022 4031 4023
f 4023 4031 4032
f 4023 4032 4024
f 4024 4032 4025
f 4024 4025 4017
f 4025 4033 4034
f 4025 4034 4026
f 4026 4034 4035
f 4026 4035 4027
f 4027 4035 4036
f 4027 4036 4028
f 4028 4036 4037
f 4028 4037 4029
f 4029 4037 4038
f 4029 4038 4030
f 4030 4038 4039
f 4030 4039 4031
f 4031 4039 4040
f 4031 4040 4032
f 4032 4040 4033
f 4032 4033 4025
f 4033 4041 4042
f 4033 4042 4034
f 4034 4042 4043
f 4034 4043 4035
f 4035 4043 4044
f 4035 4044 4036
f 4036 4044 4045
f 4036 4045 4037
f 4037 4045 4046
f 4037 4046 4038
f 4038 4046 4047
f 4038 4047 4039
f 4039 4047 4048
f 4039 4048 4040
f 4040 4048 4041
f 4040 4041 4033
f 4041 4049 4050
f 4041 4050 4042
f 4042 4050 4051
f 4042 4051 4043
f 4043 4051 4052
f 4043 4052 4044
f 4044 4052 4053
f 4044 4053 4045
f 4045 4053 4054
f 4045 4054 4046
f 4046 4054 4055
f 4046 4055 4047
f 4047 4055 4056
f 4047 4056 4048
f 4048 4056 4049
f 4048 4049 4041
f 4049 4057 4058
f 4049 4058 4050
f 4050 4058 4059
f 4050 4059 4051
f 4051 4059 4060
f 4051 4060 4052
f 4052 4060 4061
f 4052 4061 4053
f 4053 4061 4062
f 4053 4062 4054
f 4054 4062 4063
f 4054 4063 4055
f 4055 4063 4064
f 4055 4064 4056
f 4056 4064 4057
f 4056 4057 4049
f 4057 4065 4066
f 4057 4066 4058
f 4058 4066 4067
f 4058 4067 4059
f 4059 4067 4068
f 4059 4068 4060
f 4060 4068 4069
f 4060 4069 4061
f 4061 4069 4070
f 4061 4070 4062
f 4062 4070 4071
f 4062 4071 4063
f 4063 4071 4072
f 4063 4072 4064
f 4064 4072 4065
f 4064 4065 4057
f 4065 4073 4074
f 4065 4074 4066
f 4066 4074 4075
f 4066 4075 4067
f 4067 4075 4076
f 4067 4076 4068
f 4068 4076 4077
f 4068 4077 4069
f 4069 4077 4078
f 4069 4078 4070
f 4070 4078 4079
f 4070 4079 4071
f 4071 4079 4080
f 4071 4080 4072
f 4072 4080 4073
f 4072 4073 4065
f 4073 4081 4082
f 4073 4082 4074
f 4074 4082 4083
f 4074 4083 4075
f 4075 4083 4084
f 4075 4084 4076
f 4076 4084 4085
f 4076 4085 4077
f 4077 4085 4086
f 4077 4086 4078
f 4078 4086 4087
f 4078 4087 4079
f 4079 4087 4088
f 4079 4088 4080
f 4080 4088 4081
f 4080 4081 4073
f 4081 4089 4090
f 4081 4090 4082
f 4082 4090 4091
f 4082 4091 4083
f 4083 4091 4092
f 4083 4092 4084
f 4084 4092 4093
f 4084 4093 4085
f 4085 4093 4094
f 4085 4094 4086
f 4086 4094 4095
f 4086 4095 4087
f 4087 4095 4096
f 4087 4096 4088
f 4088 4096 4089
f 4088 4089 4081
f 4089 4097 4098
f 4089 4098 4090
f 4090 4098 4099
f 4090 4099 4091
f 4091 4099 4100
f 4091 4100 4092
f 4092 4100 4101
f 4092 4101 4093
f 4093 4101 4102
f 4093 4102 4094
f 4094 4102 4103
f 4094 4103 4095
f 4095 4103 4104
f 4095 4104 4096
f 4096 4104 4097
f 4096 4097 4089
f 4097 4105 4106
f 4097 4106 4098
f 4098 4106 4107
f 4098 4107 4099
f 4099 4107 4108
f 4099 4108 4100
f 4100 4108 4109
f 4100 4109 4101
f 4101 4109 4110
f 4101 4110 4102
f 4102 4110 4111
f 4102 4111 4103
f 4103 4111 4112
f 4103 4112 4104
f 4104 4112 4105
f 4104 4105 4097
f 4105 4113 4114
f 4105 4114 4106
f 4106 4114 4115
f 4106 4115 4107
f 4107 4115 4116
f 4107 4116 4108
f 4108 4116 4117
f 4108 4117 4109
f 4109 4117 4118
f 4109 4118 4110
f 4110 4118 4119
f 4110 4119 4111
f 4111 4119 4120
f 4111 4120 4112
f 4112 4120 4113
f 4112 4113 4105
f 4113 4121 4122
f 4113 4122 4114
f 4114 4122 4123
f 4114 4123 4115
f 4115 4123 4124
f 4115 4124 4116
f 4116 4124 4125
f 4116 4125 4117
f 4117 4125 4126
f 4117 4126 4118
f 4118 4126 4127
f 4118 4127 4119
f 4119 4127 4128
f 4119 4128 4120
f 4120 4128 4121
f 4120 4121 4113
f 4121 4129 4130
f 4121 4130 4122
f 4122 4130 4131
f 4122 4131 4123
f 4123 4131 4132
f 4123 4132 4124
f 4124 4132 4133
f 4124 4133 4125
f 4125 4133 4134
f 4125 4134 4126
f 4126 4134 4135
f 4126 4135 4127
f 4127 4135 4136
f 4127 4136 4128
f 4128 4136 4129
f 4128 4129 4121
f 4129 4137 4138
f 4129 4138 4130
f 4130 4138 4139
f 4130 4139 4131
f 4131 4139 4140
f 4131 4140 4132
f 4132 4140 4141
f 4132 4141 4133
f 4133 4141 4142
f 4133 4142 4134
f 4134 4142 4143
f 4134 4143 4135
f 4135 4143 4144
f 4135 4144 4136
f 4136 4144 4137
f 4136 4137 4129
f 4137 4145 4146
f 4137 4146 4138
f 4138 4146 4147
f 4138 4147 4139
f 4139 4147 4148
f 4139 4148 4140
f 4140 4148 4149
f 4140 4149 4141
f 4141 4149 4150
f 4141 4150 4142
f 4142 4150 4151
f 4142 4151 4143
f 4143 4151 4152
f 4143 4152 4144
f 4144 4152 4145
f 4144 4145 4137
f 4145 3865 3866
f 4145 3866 4146
f 4146 3866 3867
f 4146 3867 4147
f 4147 3867 3868
f 4147 3868 4148
f 4148 3868 3869
f 4148 3869 4149
f 4149 3869 3870
f 4149 3870 4150
f 4150 3870 3871
f 4150 3871 4151
f 4151 3871 3872
f 4151 3872 4152
f 4152 3872 3865
f 4152 3865 4145
g pulley_center_bolt
usemtl steel_dark
f 4153 4155 4156
f 4153 4156 4154
f 4155 4157 4158
f 4155 4158 4156
f 4157 4159 4160
f 4157 4160 4158
f 4159 4161 4162
f 4159 4162 4160
f 4161 4163 4164
f 4161 4164 4162
f 4163 4153 4154
f 4163 4154 4164
f 4165 4155 4153
f 4166 4154 4156
f 4165 4157 4155
f 4166 4156 4158
f 4165 4159 4157
f 4166 4158 4160
f 4165 4161 4159
f 4166 4160 4162
f 4165 4163 4161
f 4166 4162 4164
f 4165 4153 4163
f 4166 4164 4154
g pulley_center_bolt_washer
usemtl steel
f 4167 4169 4170
f 4167 4170 4168
f 4169 4171 4172
f 4169 4172 4170
f 4171 4173 4174
f 4171 4174 4172
f 4173 4175 4176
f 4173 4176 4174
f 4175 4177 4178
f 4175 4178 4176
f 4177 4179 4180
f 4177 4180 4178
f 4179 4181 4182
f 4179 4182 4180
f 4181 4183 4184
f 4181 4184 4182
f 4183 4185 4186
f 4183 4186 4184
f 4185 4187 4188
f 4185 4188 4186
f 4187 4189 4190
f 4187 4190 4188
f 4189 4191 4192
f 4189 4192 4190
f 4191 4193 4194
f 4191 4194 4192
f 4193 4195 4196
f 4193 4196 4194
f 4195 4197 4198
f 4195 4198 4196
f 4197 4199 4200
f 4197 4200 4198
f 4199 4201 4202
f 4199 4202 4200
f 4201 4167 4168
f 4201 4168 4202
f 4203 4169 4167
f 4204 4168 4170
f 4203 4171 4169
f 4204 4170 4172
f 4203 4173 4171
f 4204 4172 4174
f 4203 4175 4173
f 4204 4174 4176
f 4203 4177 4175
f 4204 4176 4178
f 4203 4179 4177
f 4204 4178 4180
f 4203 4181 4179
f 4204 4180 4182
f 4203 4183 4181
f 4204 4182 4184
f 4203 4185 4183
f 4204 4184 4186
f 4203 4187 4185
f 4204 4186 4188
f 4203 4189 4187
f 4204 4188 4190
f 4203 4191 4189
f 4204 4190 4192
f 4203 4193 4191
f 4204 4192 4194
f 4203 4195 4193
f 4204 4194 4196
f 4203 4197 4195
f 4204 4196 4198
f 4203 4199 4197
f 4204 4198 4200
f 4203 4201 4199
f 4204 4200 4202
f 4203 4167 4201
f 4204 4202 4168
g throttle_flat_arm
f 4205 4206 4207
f 4205 4207 4208
f 4209 4212 4211
f 4209 4211 4210
f 4205 4209 4210
f 4205 4210 4206
f 4206 4210 4211
f 4206 4211 4207
f 4207 4211 4212
f 4207 4212 4208
f 4208 4212 4209
f 4208 4209 4205
g throttle_flat_arm_end0
f 4213 4215 4216
f 4213 4216 4214
f 4215 4217 4218
f 4215 4218 4216
f 4217 4219 4220
f 4217 4220 4218
f 4219 4221 4222
f 4219 4222 4220
f 4221 4223 4224
f 4221 4224 4222
f 4223 4225 4226
f 4223 4226 4224
f 4225 4227 4228
f 4225 4228 4226
f 4227 4229 4230
f 4227 4230 4228
f 4229 4231 4232
f 4229 4232 4230
f 4231 4233 4234
f 4231 4234 4232
f 4233 4235 4236
f 4233 4236 4234
f 4235 4237 4238
f 4235 4238 4236
f 4237 4239 4240
f 4237 4240 4238
f 4239 4241 4242
f 4239 4242 4240
f 4241 4243 4244
f 4241 4244 4242
f 4243 4245 4246
f 4243 4246 4244
f 4245 4247 4248
f 4245 4248 4246
f 4247 4213 4214
f 4247 4214 4248
f 4249 4215 4213
f 4250 4214 4216
f 4249 4217 4215
f 4250 4216 4218
f 4249 4219 4217
f 4250 4218 4220
f 4249 4221 4219
f 4250 4220 4222
f 4249 4223 4221
f 4250 4222 4224
f 4249 4225 4223
f 4250 4224 4226
f 4249 4227 4225
f 4250 4226 4228
f 4249 4229 4227
f 4250 4228 4230
f 4249 4231 4229
f 4250 4230 4232
f 4249 4233 4231
f 4250 4232 4234
f 4249 4235 4233
f 4250 4234 4236
f 4249 4237 4235
f 4250 4236 4238
f 4249 4239 4237
f 4250 4238 4240
f 4249 4241 4239
f 4250 4240 4242
f 4249 4243 4241
f 4250 4242 4244
f 4249 4245 4243
f 4250 4244 4246
f 4249 4247 4245
f 4250 4246 4248
f 4249 4213 4247
f 4250 4248 4214
g throttle_flat_arm_end1
f 4251 4253 4254
f 4251 4254 4252
f 4253 4255 4256
f 4253 4256 4254
f 4255 4257 4258
f 4255 4258 4256
f 4257 4259 4260
f 4257 4260 4258
f 4259 4261 4262
f 4259 4262 4260
f 4261 4263 4264
f 4261 4264 4262
f 4263 4265 4266
f 4263 4266 4264
f 4265 4267 4268
f 4265 4268 4266
f 4267 4269 4270
f 4267 4270 4268
f 4269 4271 4272
f 4269 4272 4270
f 4271 4273 4274
f 4271 4274 4272
f 4273 4275 4276
f 4273 4276 4274
f 4275 4277 4278
f 4275 4278 4276
f 4277 4279 4280
f 4277 4280 4278
f 4279 4281 4282
f 4279 4282 4280
f 4281 4283 4284
f 4281 4284 4282
f 4283 4285 4286
f 4283 4286 4284
f 4285 4251 4252
f 4285 4252 4286
f 4287 4253 4251
f 4288 4252 4254
f 4287 4255 4253
f 4288 4254 4256
f 4287 4257 4255
f 4288 4256 4258
f 4287 4259 4257
f 4288 4258 4260
f 4287 4261 4259
f 4288 4260 4262
f 4287 4263 4261
f 4288 4262 4264
f 4287 4265 4263
f 4288 4264 4266
f 4287 4267 4265
f 4288 4266 4268
f 4287 4269 4267
f 4288 4268 4270
f 4287 4271 4269
f 4288 4270 4272
f 4287 4273 4271
f 4288 4272 4274
f 4287 4275 4273
f 4288 4274 4276
f 4287 4277 4275
f 4288 4276 4278
f 4287 4279 4277
f 4288 4278 4280
f 4287 4281 4279
f 4288 4280 4282
f 4287 4283 4281
f 4288 4282 4284
f 4287 4285 4283
f 4288 4284 4286
f 4287 4251 4285
f 4288 4286 4252
g return_stop_arm
f 4289 4290 4291
f 4289 4291 4292
f 4293 4296 4295
f 4293 4295 4294
f 4289 4293 4294
f 4289 4294 4290
f 4290 4294 4295
f 4290 4295 4291
f 4291 4295 4296
f 4291 4296 4292
f 4292 4296 4293
f 4292 4293 4289
g return_stop_arm_end0
f 4297 4299 4300
f 4297 4300 4298
f 4299 4301 4302
f 4299 4302 4300
f 4301 4303 4304
f 4301 4304 4302
f 4303 4305 4306
f 4303 4306 4304
f 4305 4307 4308
f 4305 4308 4306
f 4307 4309 4310
f 4307 4310 4308
f 4309 4311 4312
f 4309 4312 4310
f 4311 4313 4314
f 4311 4314 4312
f 4313 4315 4316
f 4313 4316 4314
f 4315 4317 4318
f 4315 4318 4316
f 4317 4319 4320
f 4317 4320 4318
f 4319 4321 4322
f 4319 4322 4320
f 4321 4323 4324
f 4321 4324 4322
f 4323 4325 4326
f 4323 4326 4324
f 4325 4327 4328
f 4325 4328 4326
f 4327 4329 4330
f 4327 4330 4328
f 4329 4331 4332
f 4329 4332 4330
f 4331 4297 4298
f 4331 4298 4332
f 4333 4299 4297
f 4334 4298 4300
f 4333 4301 4299
f 4334 4300 4302
f 4333 4303 4301
f 4334 4302 4304
f 4333 4305 4303
f 4334 4304 4306
f 4333 4307 4305
f 4334 4306 4308
f 4333 4309 4307
f 4334 4308 4310
f 4333 4311 4309
f 4334 4310 4312
f 4333 4313 4311
f 4334 4312 4314
f 4333 4315 4313
f 4334 4314 4316
f 4333 4317 4315
f 4334 4316 4318
f 4333 4319 4317
f 4334 4318 4320
f 4333 4321 4319
f 4334 4320 4322
f 4333 4323 4321
f 4334 4322 4324
f 4333 4325 4323
f 4334 4324 4326
f 4333 4327 4325
f 4334 4326 4328
f 4333 4329 4327
f 4334 4328 4330
f 4333 4331 4329
f 4334 4330 4332
f 4333 4297 4331
f 4334 4332 4298
g return_stop_arm_end1
f 4335 4337 4338
f 4335 4338 4336
f 4337 4339 4340
f 4337 4340 4338
f 4339 4341 4342
f 4339 4342 4340
f 4341 4343 4344
f 4341 4344 4342
f 4343 4345 4346
f 4343 4346 4344
f 4345 4347 4348
f 4345 4348 4346
f 4347 4349 4350
f 4347 4350 4348
f 4349 4351 4352
f 4349 4352 4350
f 4351 4353 4354
f 4351 4354 4352
f 4353 4355 4356
f 4353 4356 4354
f 4355 4357 4358
f 4355 4358 4356
f 4357 4359 4360
f 4357 4360 4358
f 4359 4361 4362
f 4359 4362 4360
f 4361 4363 4364
f 4361 4364 4362
f 4363 4365 4366
f 4363 4366 4364
f 4365 4367 4368
f 4365 4368 4366
f 4367 4369 4370
f 4367 4370 4368
f 4369 4335 4336
f 4369 4336 4370
f 4371 4337 4335
f 4372 4336 4338
f 4371 4339 4337
f 4372 4338 4340
f 4371 4341 4339
f 4372 4340 4342
f 4371 4343 4341
f 4372 4342 4344
f 4371 4345 4343
f 4372 4344 4346
f 4371 4347 4345
f 4372 4346 4348
f 4371 4349 4347
f 4372 4348 4350
f 4371 4351 4349
f 4372 4350 4352
f 4371 4353 4351
f 4372 4352 4354
f 4371 4355 4353
f 4372 4354 4356
f 4371 4357 4355
f 4372 4356 4358
f 4371 4359 4357
f 4372 4358 4360
f 4371 4361 4359
f 4372 4360 4362
f 4371 4363 4361
f 4372 4362 4364
f 4371 4365 4363
f 4372 4364 4366
f 4371 4367 4365
f 4372 4366 4368
f 4371 4369 4367
f 4372 4368 4370
f 4371 4335 4369
f 4372 4370 4336
g vertical_link_rod
usemtl steel_dark
f 4373 4375 4376
f 4373 4376 4374
f 4375 4377 4378
f 4375 4378 4376
f 4377 4379 4380
f 4377 4380 4378
f 4379 4381 4382
f 4379 4382 4380
f 4381 4383 4384
f 4381 4384 4382
f 4383 4385 4386
f 4383 4386 4384
f 4385 4387 4388
f 4385 4388 4386
f 4387 4389 4390
f 4387 4390 4388
f 4389 4391 4392
f 4389 4392 4390
f 4391 4393 4394
f 4391 4394 4392
f 4393 4395 4396
f 4393 4396 4394
f 4395 4373 4374
f 4395 4374 4396
f 4397 4375 4373
f 4398 4374 4376
f 4397 4377 4375
f 4398 4376 4378
f 4397 4379 4377
f 4398 4378 4380
f 4397 4381 4379
f 4398 4380 4382
f 4397 4383 4381
f 4398 4382 4384
f 4397 4385 4383
f 4398 4384 4386
f 4397 4387 4385
f 4398 4386 4388
f 4397 4389 4387
f 4398 4388 4390
f 4397 4391 4389
f 4398 4390 4392
f 4397 4393 4391
f 4398 4392 4394
f 4397 4395 4393
f 4398 4394 4396
f 4397 4373 4395
f 4398 4396 4374
g return_spring
usemtl spring_steel
f 4399 4407 4408
f 4399 4408 4400
f 4400 4408 4409
f 4400 4409 4401
f 4401 4409 4410
f 4401 4410 4402
f 4402 4410 4411
f 4402 4411 4403
f 4403 4411 4412
f 4403 4412 4404
f 4404 4412 4413
f 4404 4413 4405
f 4405 4413 4414
f 4405 4414 4406
f 4406 4414 4407
f 4406 4407 4399
f 4407 4415 4416
f 4407 4416 4408
f 4408 4416 4417
f 4408 4417 4409
f 4409 4417 4418
f 4409 4418 4410
f 4410 4418 4419
f 4410 4419 4411
f 4411 4419 4420
f 4411 4420 4412
f 4412 4420 4421
f 4412 4421 4413
f 4413 4421 4422
f 4413 4422 4414
f 4414 4422 4415
f 4414 4415 4407
f 4415 4423 4424
f 4415 4424 4416
f 4416 4424 4425
f 4416 4425 4417
f 4417 4425 4426
f 4417 4426 4418
f 4418 4426 4427
f 4418 4427 4419
f 4419 4427 4428
f 4419 4428 4420
f 4420 4428 4429
f 4420 4429 4421
f 4421 4429 4430
f 4421 4430 4422
f 4422 4430 4423
f 4422 4423 4415
f 4423 4431 4432
f 4423 4432 4424
f 4424 4432 4433
f 4424 4433 4425
f 4425 4433 4434
f 4425 4434 4426
f 4426 4434 4435
f 4426 4435 4427
f 4427 4435 4436
f 4427 4436 4428
f 4428 4436 4437
f 4428 4437 4429
f 4429 4437 4438
f 4429 4438 4430
f 4430 4438 4431
f 4430 4431 4423
f 4431 4439 4440
f 4431 4440 4432
f 4432 4440 4441
f 4432 4441 4433
f 4433 4441 4442
f 4433 4442 4434
f 4434 4442 4443
f 4434 4443 4435
f 4435 4443 4444
f 4435 4444 4436
f 4436 4444 4445
f 4436 4445 4437
f 4437 4445 4446
f 4437 4446 4438
f 4438 4446 4439
f 4438 4439 4431
f 4439 4447 4448
f 4439 4448 4440
f 4440 4448 4449
f 4440 4449 4441
f 4441 4449 4450
f 4441 4450 4442
f 4442 4450 4451
f 4442 4451 4443
f 4443 4451 4452
f 4443 4452 4444
f 4444 4452 4453
f 4444 4453 4445
f 4445 4453 4454
f 4445 4454 4446
f 4446 4454 4447
f 4446 4447 4439
f 4447 4455 4456
f 4447 4456 4448
f 4448 4456 4457
f 4448 4457 4449
f 4449 4457 4458
f 4449 4458 4450
f 4450 4458 4459
f 4450 4459 4451
f 4451 4459 4460
f 4451 4460 4452
f 4452 4460 4461
f 4452 4461 4453
f 4453 4461 4462
f 4453 4462 4454
f 4454 4462 4455
f 4454 4455 4447
f 4455 4463 4464
f 4455 4464 4456
f 4456 4464 4465
f 4456 4465 4457
f 4457 4465 4466
f 4457 4466 4458
f 4458 4466 4467
f 4458 4467 4459
f 4459 4467 4468
f 4459 4468 4460
f 4460 4468 4469
f 4460 4469 4461
f 4461 4469 4470
f 4461 4470 4462
f 4462 4470 4463
f 4462 4463 4455
f 4463 4471 4472
f 4463 4472 4464
f 4464 4472 4473
f 4464 4473 4465
f 4465 4473 4474
f 4465 4474 4466
f 4466 4474 4475
f 4466 4475 4467
f 4467 4475 4476
f 4467 4476 4468
f 4468 4476 4477
f 4468 4477 4469
f 4469 4477 4478
f 4469 4478 4470
f 4470 4478 4471
f 4470 4471 4463
f 4471 4479 4480
f 4471 4480 4472
f 4472 4480 4481
f 4472 4481 4473
f 4473 4481 4482
f 4473 4482 4474
f 4474 4482 4483
f 4474 4483 4475
f 4475 4483 4484
f 4475 4484 4476
f 4476 4484 4485
f 4476 4485 4477
f 4477 4485 4486
f 4477 4486 4478
f 4478 4486 4479
f 4478 4479 4471
f 4479 4487 4488
f 4479 4488 4480
f 4480 4488 4489
f 4480 4489 4481
f 4481 4489 4490
f 4481 4490 4482
f 4482 4490 4491
f 4482 4491 4483
f 4483 4491 4492
f 4483 4492 4484
f 4484 4492 4493
f 4484 4493 4485
f 4485 4493 4494
f 4485 4494 4486
f 4486 4494 4487
f 4486 4487 4479
f 4487 4495 4496
f 4487 4496 4488
f 4488 4496 4497
f 4488 4497 4489
f 4489 4497 4498
f 4489 4498 4490
f 4490 4498 4499
f 4490 4499 4491
f 4491 4499 4500
f 4491 4500 4492
f 4492 4500 4501
f 4492 4501 4493
f 4493 4501 4502
f 4493 4502 4494
f 4494 4502 4495
f 4494 4495 4487
f 4495 4503 4504
f 4495 4504 4496
f 4496 4504 4505
f 4496 4505 4497
f 4497 4505 4506
f 4497 4506 4498
f 4498 4506 4507
f 4498 4507 4499
f 4499 4507 4508
f 4499 4508 4500
f 4500 4508 4509
f 4500 4509 4501
f 4501 4509 4510
f 4501 4510 4502
f 4502 4510 4503
f 4502 4503 4495
f 4503 4511 4512
f 4503 4512 4504
f 4504 4512 4513
f 4504 4513 4505
f 4505 4513 4514
f 4505 4514 4506
f 4506 4514 4515
f 4506 4515 4507
f 4507 4515 4516
f 4507 4516 4508
f 4508 4516 4517
f 4508 4517 4509
f 4509 4517 4518
f 4509 4518 4510
f 4510 4518 4511
f 4510 4511 4503
f 4511 4519 4520
f 4511 4520 4512
f 4512 4520 4521
f 4512 4521 4513
f 4513 4521 4522
f 4513 4522 4514
f 4514 4522 4523
f 4514 4523 4515
f 4515 4523 4524
f 4515 4524 4516
f 4516 4524 4525
f 4516 4525 4517
f 4517 4525 4526
f 4517 4526 4518
f 4518 4526 4519
f 4518 4519 4511
f 4519 4527 4528
f 4519 4528 4520
f 4520 4528 4529
f 4520 4529 4521
f 4521 4529 4530
f 4521 4530 4522
f 4522 4530 4531
f 4522 4531 4523
f 4523 4531 4532
f 4523 4532 4524
f 4524 4532 4533
f 4524 4533 4525
f 4525 4533 4534
f 4525 4534 4526
f 4526 4534 4527
f 4526 4527 4519
f 4527 4535 4536
f 4527 4536 4528
f 4528 4536 4537
f 4528 4537 4529
f 4529 4537 4538
f 4529 4538 4530
f 4530 4538 4539
f 4530 4539 4531
f 4531 4539 4540
f 4531 4540 4532
f 4532 4540 4541
f 4532 4541 4533
f 4533 4541 4542
f 4533 4542 4534
f 4534 4542 4535
f 4534 4535 4527
f 4535 4543 4544
f 4535 4544 4536
f 4536 4544 4545
f 4536 4545 4537
f 4537 4545 4546
f 4537 4546 4538
f 4538 4546 4547
f 4538 4547 4539
f 4539 4547 4548
f 4539 4548 4540
f 4540 4548 4549
f 4540 4549 4541
f 4541 4549 4550
f 4541 4550 4542
f 4542 4550 4543
f 4542 4543 4535
f 4543 4551 4552
f 4543 4552 4544
f 4544 4552 4553
f 4544 4553 4545
f 4545 4553 4554
f 4545 4554 4546
f 4546 4554 4555
f 4546 4555 4547
f 4547 4555 4556
f 4547 4556 4548
f 4548 4556 4557
f 4548 4557 4549
f 4549 4557 4558
f 4549 4558 4550
f 4550 4558 4551
f 4550 4551 4543
f 4551 4559 4560
f 4551 4560 4552
f 4552 4560 4561
f 4552 4561 4553
f 4553 4561 4562
f 4553 4562 4554
f 4554 4562 4563
f 4554 4563 4555
f 4555 4563 4564
f 4555 4564 4556
f 4556 4564 4565
f 4556 4565 4557
f 4557 4565 4566
f 4557 4566 4558
f 4558 4566 4559
f 4558 4559 4551
f 4559 4567 4568
f 4559 4568 4560
f 4560 4568 4569
f 4560 4569 4561
f 4561 4569 4570
f 4561 4570 4562
f 4562 4570 4571
f 4562 4571 4563
f 4563 4571 4572
f 4563 4572 4564
f 4564 4572 4573
f 4564 4573 4565
f 4565 4573 4574
f 4565 4574 4566
f 4566 4574 4567
f 4566 4567 4559
f 4567 4575 4576
f 4567 4576 4568
f 4568 4576 4577
f 4568 4577 4569
f 4569 4577 4578
f 4569 4578 4570
f 4570 4578 4579
f 4570 4579 4571
f 4571 4579 4580
f 4571 4580 4572
f 4572 4580 4581
f 4572 4581 4573
f 4573 4581 4582
f 4573 4582 4574
f 4574 4582 4575
f 4574 4575 4567
f 4575 4583 4584
f 4575 4584 4576
f 4576 4584 4585
f 4576 4585 4577
f 4577 4585 4586
f 4577 4586 4578
f 4578 4586 4587
f 4578 4587 4579
f 4579 4587 4588
f 4579 4588 4580
f 4580 4588 4589
f 4580 4589 4581
f 4581 4589 4590
f 4581 4590 4582
f 4582 4590 4583
f 4582 4583 4575
f 4583 4591 4592
f 4583 4592 4584
f 4584 4592 4593
f 4584 4593 4585
f 4585 4593 4594
f 4585 4594 4586
f 4586 4594 4595
f 4586 4595 4587
f 4587 4595 4596
f 4587 4596 4588
f 4588 4596 4597
f 4588 4597 4589
f 4589 4597 4598
f 4589 4598 4590
f 4590 4598 4591
f 4590 4591 4583
f 4591 4599 4600
f 4591 4600 4592
f 4592 4600 4601
f 4592 4601 4593
f 4593 4601 4602
f 4593 4602 4594
f 4594 4602 4603
f 4594 4603 4595
f 4595 4603 4604
f 4595 4604 4596
f 4596 4604 4605
f 4596 4605 4597
f 4597 4605 4606
f 4597 4606 4598
f 4598 4606 4599
f 4598 4599 4591
f 4599 4607 4608
f 4599 4608 4600
f 4600 4608 4609
f 4600 4609 4601
f 4601 4609 4610
f 4601 4610 4602
f 4602 4610 4611
f 4602 4611 4603
f 4603 4611 4612
f 4603 4612 4604
f 4604 4612 4613
f 4604 4613 4605
f 4605 4613 4614
f 4605 4614 4606
f 4606 4614 4607
f 4606 4607 4599
f 4607 4615 4616
f 4607 4616 4608
f 4608 4616 4617
f 4608 4617 4609
f 4609 4617 4618
f 4609 4618 4610
f 4610 4618 4619
f 4610 4619 4611
f 4611 4619 4620
f 4611 4620 4612
f 4612 4620 4621
f 4612 4621 4613
f 4613 4621 4622
f 4613 4622 4614
f 4614 4622 4615
f 4614 4615 4607
f 4615 4623 4624
f 4615 4624 4616
f 4616 4624 4625
f 4616 4625 4617
f 4617 4625 4626
f 4617 4626 4618
f 4618 4626 4627
f 4618 4627 4619
f 4619 4627 4628
f 4619 4628 4620
f 4620 4628 4629
f 4620 4629 4621
f 4621 4629 4630
f 4621 4630 4622
f 4622 4630 4623
f 4622 4623 4615
f 4623 4631 4632
f 4623 4632 4624
f 4624 4632 4633
f 4624 4633 4625
f 4625 4633 4634
f 4625 4634 4626
f 4626 4634 4635
f 4626 4635 4627
f 4627 4635 4636
f 4627 4636 4628
f 4628 4636 4637
f 4628 4637 4629
f 4629 4637 4638
f 4629 4638 4630
f 4630 4638 4631
f 4630 4631 4623
f 4631 4639 4640
f 4631 4640 4632
f 4632 4640 4641
f 4632 4641 4633
f 4633 4641 4642
f 4633 4642 4634
f 4634 4642 4643
f 4634 4643 4635
f 4635 4643 4644
f 4635 4644 4636
f 4636 4644 4645
f 4636 4645 4637
f 4637 4645 4646
f 4637 4646 4638
f 4638 4646 4639
f 4638 4639 4631
f 4639 4647 4648
f 4639 4648 4640
f 4640 4648 4649
f 4640 4649 4641
f 4641 4649 4650
f 4641 4650 4642
f 4642 4650 4651
f 4642 4651 4643
f 4643 4651 4652
f 4643 4652 4644
f 4644 4652 4653
f 4644 4653 4645
f 4645 4653 4654
f 4645 4654 4646
f 4646 4654 4647
f 4646 4647 4639
f 4647 4655 4656
f 4647 4656 4648
f 4648 4656 4657
f 4648 4657 4649
f 4649 4657 4658
f 4649 4658 4650
f 4650 4658 4659
f 4650 4659 4651
f 4651 4659 4660
f 4651 4660 4652
f 4652 4660 4661
f 4652 4661 4653
f 4653 4661 4662
f 4653 4662 4654
f 4654 4662 4655
f 4654 4655 4647
f 4655 4663 4664
f 4655 4664 4656
f 4656 4664 4665
f 4656 4665 4657
f 4657 4665 4666
f 4657 4666 4658
f 4658 4666 4667
f 4658 4667 4659
f 4659 4667 4668
f 4659 4668 4660
f 4660 4668 4669
f 4660 4669 4661
f 4661 4669 4670
f 4661 4670 4662
f 4662 4670 4663
f 4662 4663 4655
f 4663 4671 4672
f 4663 4672 4664
f 4664 4672 4673
f 4664 4673 4665
f 4665 4673 4674
f 4665 4674 4666
f 4666 4674 4675
f 4666 4675 4667
f 4667 4675 4676
f 4667 4676 4668
f 4668 4676 4677
f 4668 4677 4669
f 4669 4677 4678
f 4669 4678 4670
f 4670 4678 4671
f 4670 4671 4663
f 4671 4679 4680
f 4671 4680 4672
f 4672 4680 4681
f 4672 4681 4673
f 4673 4681 4682
f 4673 4682 4674
f 4674 4682 4683
f 4674 4683 4675
f 4675 4683 4684
f 4675 4684 4676
f 4676 4684 4685
f 4676 4685 4677
f 4677 4685 4686
f 4677 4686 4678
f 4678 4686 4679
f 4678 4679 4671
f 4679 4687 4688
f 4679 4688 4680
f 4680 4688 4689
f 4680 4689 4681
f 4681 4689 4690
f 4681 4690 4682
f 4682 4690 4691
f 4682 4691 4683
f 4683 4691 4692
f 4683 4692 4684
f 4684 4692 4693
f 4684 4693 4685
f 4685 4693 4694
f 4685 4694 4686
f 4686 4694 4687
f 4686 4687 4679
f 4687 4695 4696
f 4687 4696 4688
f 4688 4696 4697
f 4688 4697 4689
f 4689 4697 4698
f 4689 4698 4690
f 4690 4698 4699
f 4690 4699 4691
f 4691 4699 4700
f 4691 4700 4692
f 4692 4700 4701
f 4692 4701 4693
f 4693 4701 4702
f 4693 4702 4694
f 4694 4702 4695
f 4694 4695 4687
f 4695 4703 4704
f 4695 4704 4696
f 4696 4704 4705
f 4696 4705 4697
f 4697 4705 4706
f 4697 4706 4698
f 4698 4706 4707
f 4698 4707 4699
f 4699 4707 4708
f 4699 4708 4700
f 4700 4708 4709
f 4700 4709 4701
f 4701 4709 4710
f 4701 4710 4702
f 4702 4710 4703
f 4702 4703 4695
f 4703 4711 4712
f 4703 4712 4704
f 4704 4712 4713
f 4704 4713 4705
f 4705 4713 4714
f 4705 4714 4706
f 4706 4714 4715
f 4706 4715 4707
f 4707 4715 4716
f 4707 4716 4708
f 4708 4716 4717
f 4708 4717 4709
f 4709 4717 4718
f 4709 4718 4710
f 4710 4718 4711
f 4710 4711 4703
f 4711 4719 4720
f 4711 4720 4712
f 4712 4720 4721
f 4712 4721 4713
f 4713 4721 4722
f 4713 4722 4714
f 4714 4722 4723
f 4714 4723 4715
f 4715 4723 4724
f 4715 4724 4716
f 4716 4724 4725
f 4716 4725 4717
f 4717 4725 4726
f 4717 4726 4718
f 4718 4726 4719
f 4718 4719 4711
f 4719 4727 4728
f 4719 4728 4720
f 4720 4728 4729
f 4720 4729 4721
f 4721 4729 4730
f 4721 4730 4722
f 4722 4730 4731
f 4722 4731 4723
f 4723 4731 4732
f 4723 4732 4724
f 4724 4732 4733
f 4724 4733 4725
f 4725 4733 4734
f 4725 4734 4726
f 4726 4734 4727
f 4726 4727 4719
f 4727 4735 4736
f 4727 4736 4728
f 4728 4736 4737
f 4728 4737 4729
f 4729 4737 4738
f 4729 4738 4730
f 4730 4738 4739
f 4730 4739 4731
f 4731 4739 4740
f 4731 4740 4732
f 4732 4740 4741
f 4732 4741 4733
f 4733 4741 4742
f 4733 4742 4734
f 4734 4742 4735
f 4734 4735 4727
f 4735 4743 4744
f 4735 4744 4736
f 4736 4744 4745
f 4736 4745 4737
f 4737 4745 4746
f 4737 4746 4738
f 4738 4746 4747
f 4738 4747 4739
f 4739 4747 4748
f 4739 4748 4740
f 4740 4748 4749
f 4740 4749 4741
f 4741 4749 4750
f 4741 4750 4742
f 4742 4750 4743
f 4742 4743 4735
f 4743 4751 4752
f 4743 4752 4744
f 4744 4752 4753
f 4744 4753 4745
f 4745 4753 4754
f 4745 4754 4746
f 4746 4754 4755
f 4746 4755 4747
f 4747 4755 4756
f 4747 4756 4748
f 4748 4756 4757
f 4748 4757 4749
f 4749 4757 4758
f 4749 4758 4750
f 4750 4758 4751
f 4750 4751 4743
f 4751 4759 4760
f 4751 4760 4752
f 4752 4760 4761
f 4752 4761 4753
f 4753 4761 4762
f 4753 4762 4754
f 4754 4762 4763
f 4754 4763 4755
f 4755 4763 4764
f 4755 4764 4756
f 4756 4764 4765
f 4756 4765 4757
f 4757 4765 4766
f 4757 4766 4758
f 4758 4766 4759
f 4758 4759 4751
f 4759 4767 4768
f 4759 4768 4760
f 4760 4768 4769
f 4760 4769 4761
f 4761 4769 4770
f 4761 4770 4762
f 4762 4770 4771
f 4762 4771 4763
f 4763 4771 4772
f 4763 4772 4764
f 4764 4772 4773
f 4764 4773 4765
f 4765 4773 4774
f 4765 4774 4766
f 4766 4774 4767
f 4766 4767 4759
f 4767 4775 4776
f 4767 4776 4768
f 4768 4776 4777
f 4768 4777 4769
f 4769 4777 4778
f 4769 4778 4770
f 4770 4778 4779
f 4770 4779 4771
f 4771 4779 4780
f 4771 4780 4772
f 4772 4780 4781
f 4772 4781 4773
f 4773 4781 4782
f 4773 4782 4774
f 4774 4782 4775
f 4774 4775 4767
f 4775 4783 4784
f 4775 4784 4776
f 4776 4784 4785
f 4776 4785 4777
f 4777 4785 4786
f 4777 4786 4778
f 4778 4786 4787
f 4778 4787 4779
f 4779 4787 4788
f 4779 4788 4780
f 4780 4788 4789
f 4780 4789 4781
f 4781 4789 4790
f 4781 4790 4782
f 4782 4790 4783
f 4782 4783 4775
f 4783 4791 4792
f 4783 4792 4784
f 4784 4792 4793
f 4784 4793 4785
f 4785 4793 4794
f 4785 4794 4786
f 4786 4794 4795
f 4786 4795 4787
f 4787 4795 4796
f 4787 4796 4788
f 4788 4796 4797
f 4788 4797 4789
f 4789 4797 4798
f 4789 4798 4790
f 4790 4798 4791
f 4790 4791 4783
f 4791 4799 4800
f 4791 4800 4792
f 4792 4800 4801
f 4792 4801 4793
f 4793 4801 4802
f 4793 4802 4794
f 4794 4802 4803
f 4794 4803 4795
f 4795 4803 4804
f 4795 4804 4796
f 4796 4804 4805
f 4796 4805 4797
f 4797 4805 4806
f 4797 4806 4798
f 4798 4806 4799
f 4798 4799 4791
f 4799 4807 4808
f 4799 4808 4800
f 4800 4808 4809
f 4800 4809 4801
f 4801 4809 4810
f 4801 4810 4802
f 4802 4810 4811
f 4802 4811 4803
f 4803 4811 4812
f 4803 4812 4804
f 4804 4812 4813
f 4804 4813 4805
f 4805 4813 4814
f 4805 4814 4806
f 4806 4814 4807
f 4806 4807 4799
f 4807 4815 4816
f 4807 4816 4808
f 4808 4816 4817
f 4808 4817 4809
f 4809 4817 4818
f 4809 4818 4810
f 4810 4818 4819
f 4810 4819 4811
f 4811 4819 4820
f 4811 4820 4812
f 4812 4820 4821
f 4812 4821 4813
f 4813 4821 4822
f 4813 4822 4814
f 4814 4822 4815
f 4814 4815 4807
f 4815 4823 4824
f 4815 4824 4816
f 4816 4824 4825
f 4816 4825 4817
f 4817 4825 4826
f 4817 4826 4818
f 4818 4826 4827
f 4818 4827 4819
f 4819 4827 4828
f 4819 4828 4820
f 4820 4828 4829
f 4820 4829 4821
f 4821 4829 4830
f 4821 4830 4822
f 4822 4830 4823
f 4822 4823 4815
f 4823 4831 4832
f 4823 4832 4824
f 4824 4832 4833
f 4824 4833 4825
f 4825 4833 4834
f 4825 4834 4826
f 4826 4834 4835
f 4826 4835 4827
f 4827 4835 4836
f 4827 4836 4828
f 4828 4836 4837
f 4828 4837 4829
f 4829 4837 4838
f 4829 4838 4830
f 4830 4838 4831
f 4830 4831 4823
f 4831 4839 4840
f 4831 4840 4832
f 4832 4840 4841
f 4832 4841 4833
f 4833 4841 4842
f 4833 4842 4834
f 4834 4842 4843
f 4834 4843 4835
f 4835 4843 4844
f 4835 4844 4836
f 4836 4844 4845
f 4836 4845 4837
f 4837 4845 4846
f 4837 4846 4838
f 4838 4846 4839
f 4838 4839 4831
f 4839 4847 4848
f 4839 4848 4840
f 4840 4848 4849
f 4840 4849 4841
f 4841 4849 4850
f 4841 4850 4842
f 4842 4850 4851
f 4842 4851 4843
f 4843 4851 4852
f 4843 4852 4844
f 4844 4852 4853
f 4844 4853 4845
f 4845 4853 4854
f 4845 4854 4846
f 4846 4854 4847
f 4846 4847 4839
f 4847 4855 4856
f 4847 4856 4848
f 4848 4856 4857
f 4848 4857 4849
f 4849 4857 4858
f 4849 4858 4850
f 4850 4858 4859
f 4850 4859 4851
f 4851 4859 4860
f 4851 4860 4852
f 4852 4860 4861
f 4852 4861 4853
f 4853 4861 4862
f 4853 4862 4854
f 4854 4862 4855
f 4854 4855 4847
f 4855 4863 4864
f 4855 4864 4856
f 4856 4864 4865
f 4856 4865 4857
f 4857 4865 4866
f 4857 4866 4858
f 4858 4866 4867
f 4858 4867 4859
f 4859 4867 4868
f 4859 4868 4860
f 4860 4868 4869
f 4860 4869 4861
f 4861 4869 4870
f 4861 4870 4862
f 4862 4870 4863
f 4862 4863 4855
f 4863 4871 4872
f 4863 4872 4864
f 4864 4872 4873
f 4864 4873 4865
f 4865 4873 4874
f 4865 4874 4866
f 4866 4874 4875
f 4866 4875 4867
f 4867 4875 4876
f 4867 4876 4868
f 4868 4876 4877
f 4868 4877 4869
f 4869 4877 4878
f 4869 4878 4870
f 4870 4878 4871
f 4870 4871 4863
f 4871 4879 4880
f 4871 4880 4872
f 4872 4880 4881
f 4872 4881 4873
f 4873 4881 4882
f 4873 4882 4874
f 4874 4882 4883
f 4874 4883 4875
f 4875 4883 4884
f 4875 4884 4876
f 4876 4884 4885
f 4876 4885 4877
f 4877 4885 4886
f 4877 4886 4878
f 4878 4886 4879
f 4878 4879 4871
f 4879 4887 4888
f 4879 4888 4880
f 4880 4888 4889
f 4880 4889 4881
f 4881 4889 4890
f 4881 4890 4882
f 4882 4890 4891
f 4882 4891 4883
f 4883 4891 4892
f 4883 4892 4884
f 4884 4892 4893
f 4884 4893 4885
f 4885 4893 4894
f 4885 4894 4886
f 4886 4894 4887
f 4886 4887 4879
f 4887 4895 4896
f 4887 4896 4888
f 4888 4896 4897
f 4888 4897 4889
f 4889 4897 4898
f 4889 4898 4890
f 4890 4898 4899
f 4890 4899 4891
f 4891 4899 4900
f 4891 4900 4892
f 4892 4900 4901
f 4892 4901 4893
f 4893 4901 4902
f 4893 4902 4894
f 4894 4902 4895
f 4894 4895 4887
f 4895 4903 4904
f 4895 4904 4896
f 4896 4904 4905
f 4896 4905 4897
f 4897 4905 4906
f 4897 4906 4898
f 4898 4906 4907
f 4898 4907 4899
f 4899 4907 4908
f 4899 4908 4900
f 4900 4908 4909
f 4900 4909 4901
f 4901 4909 4910
f 4901 4910 4902
f 4902 4910 4903
f 4902 4903 4895
f 4903 4911 4912
f 4903 4912 4904
f 4904 4912 4913
f 4904 4913 4905
f 4905 4913 4914
f 4905 4914 4906
f 4906 4914 4915
f 4906 4915 4907
f 4907 4915 4916
f 4907 4916 4908
f 4908 4916 4917
f 4908 4917 4909
f 4909 4917 4918
f 4909 4918 4910
f 4910 4918 4911
f 4910 4911 4903
f 4911 4919 4920
f 4911 4920 4912
f 4912 4920 4921
f 4912 4921 4913
f 4913 4921 4922
f 4913 4922 4914
f 4914 4922 4923
f 4914 4923 4915
f 4915 4923 4924
f 4915 4924 4916
f 4916 4924 4925
f 4916 4925 4917
f 4917 4925 4926
f 4917 4926 4918
f 4918 4926 4919
f 4918 4919 4911
f 4919 4927 4928
f 4919 4928 4920
f 4920 4928 4929
f 4920 4929 4921
f 4921 4929 4930
f 4921 4930 4922
f 4922 4930 4931
f 4922 4931 4923
f 4923 4931 4932
f 4923 4932 4924
f 4924 4932 4933
f 4924 4933 4925
f 4925 4933 4934
f 4925 4934 4926
f 4926 4934 4927
f 4926 4927 4919
f 4927 4935 4936
f 4927 4936 4928
f 4928 4936 4937
f 4928 4937 4929
f 4929 4937 4938
f 4929 4938 4930
f 4930 4938 4939
f 4930 4939 4931
f 4931 4939 4940
f 4931 4940 4932
f 4932 4940 4941
f 4932 4941 4933
f 4933 4941 4942
f 4933 4942 4934
f 4934 4942 4935
f 4934 4935 4927
f 4935 4943 4944
f 4935 4944 4936
f 4936 4944 4945
f 4936 4945 4937
f 4937 4945 4946
f 4937 4946 4938
f 4938 4946 4947
f 4938 4947 4939
f 4939 4947 4948
f 4939 4948 4940
f 4940 4948 4949
f 4940 4949 4941
f 4941 4949 4950
f 4941 4950 4942
f 4942 4950 4943
f 4942 4943 4935
f 4943 4951 4952
f 4943 4952 4944
f 4944 4952 4953
f 4944 4953 4945
f 4945 4953 4954
f 4945 4954 4946
f 4946 4954 4955
f 4946 4955 4947
f 4947 4955 4956
f 4947 4956 4948
f 4948 4956 4957
f 4948 4957 4949
f 4949 4957 4958
f 4949 4958 4950
f 4950 4958 4951
f 4950 4951 4943
f 4951 4959 4960
f 4951 4960 4952
f 4952 4960 4961
f 4952 4961 4953
f 4953 4961 4962
f 4953 4962 4954
f 4954 4962 4963
f 4954 4963 4955
f 4955 4963 4964
f 4955 4964 4956
f 4956 4964 4965
f 4956 4965 4957
f 4957 4965 4966
f 4957 4966 4958
f 4958 4966 4959
f 4958 4959 4951
f 4959 4967 4968
f 4959 4968 4960
f 4960 4968 4969
f 4960 4969 4961
f 4961 4969 4970
f 4961 4970 4962
f 4962 4970 4971
f 4962 4971 4963
f 4963 4971 4972
f 4963 4972 4964
f 4964 4972 4973
f 4964 4973 4965
f 4965 4973 4974
f 4965 4974 4966
f 4966 4974 4967
f 4966 4967 4959
f 4967 4975 4976
f 4967 4976 4968
f 4968 4976 4977
f 4968 4977 4969
f 4969 4977 4978
f 4969 4978 4970
f 4970 4978 4979
f 4970 4979 4971
f 4971 4979 4980
f 4971 4980 4972
f 4972 4980 4981
f 4972 4981 4973
f 4973 4981 4982
f 4973 4982 4974
f 4974 4982 4975
f 4974 4975 4967
f 4975 4983 4984
f 4975 4984 4976
f 4976 4984 4985
f 4976 4985 4977
f 4977 4985 4986
f 4977 4986 4978
f 4978 4986 4987
f 4978 4987 4979
f 4979 4987 4988
f 4979 4988 4980
f 4980 4988 4989
f 4980 4989 4981
f 4981 4989 4990
f 4981 4990 4982
f 4982 4990 4983
f 4982 4983 4975
f 4983 4991 4992
f 4983 4992 4984
f 4984 4992 4993
f 4984 4993 4985
f 4985 4993 4994
f 4985 4994 4986
f 4986 4994 4995
f 4986 4995 4987
f 4987 4995 4996
f 4987 4996 4988
f 4988 4996 4997
f 4988 4997 4989
f 4989 4997 4998
f 4989 4998 4990
f 4990 4998 4991
f 4990 4991 4983
f 4991 4999 5000
f 4991 5000 4992
f 4992 5000 5001
f 4992 5001 4993
f 4993 5001 5002
f 4993 5002 4994
f 4994 5002 5003
f 4994 5003 4995
f 4995 5003 5004
f 4995 5004 4996
f 4996 5004 5005
f 4996 5005 4997
f 4997 5005 5006
f 4997 5006 4998
f 4998 5006 4999
f 4998 4999 4991
f 4999 5007 5008
f 4999 5008 5000
f 5000 5008 5009
f 5000 5009 5001
f 5001 5009 5010
f 5001 5010 5002
f 5002 5010 5011
f 5002 5011 5003
f 5003 5011 5012
f 5003 5012 5004
f 5004 5012 5013
f 5004 5013 5005
f 5005 5013 5014
f 5005 5014 5006
f 5006 5014 5007
f 5006 5007 4999
f 5007 5015 5016
f 5007 5016 5008
f 5008 5016 5017
f 5008 5017 5009
f 5009 5017 5018
f 5009 5018 5010
f 5010 5018 5019
f 5010 5019 5011
f 5011 5019 5020
f 5011 5020 5012
f 5012 5020 5021
f 5012 5021 5013
f 5013 5021 5022
f 5013 5022 5014
f 5014 5022 5015
f 5014 5015 5007
f 5015 5023 5024
f 5015 5024 5016
f 5016 5024 5025
f 5016 5025 5017
f 5017 5025 5026
f 5017 5026 5018
f 5018 5026 5027
f 5018 5027 5019
f 5019 5027 5028
f 5019 5028 5020
f 5020 5028 5029
f 5020 5029 5021
f 5021 5029 5030
f 5021 5030 5022
f 5022 5030 5023
f 5022 5023 5015
f 5023 5031 5032
f 5023 5032 5024
f 5024 5032 5033
f 5024 5033 5025
f 5025 5033 5034
f 5025 5034 5026
f 5026 5034 5035
f 5026 5035 5027
f 5027 5035 5036
f 5027 5036 5028
f 5028 5036 5037
f 5028 5037 5029
f 5029 5037 5038
f 5029 5038 5030
f 5030 5038 5031
f 5030 5031 5023
f 5031 5039 5040
f 5031 5040 5032
f 5032 5040 5041
f 5032 5041 5033
f 5033 5041 5042
f 5033 5042 5034
f 5034 5042 5043
f 5034 5043 5035
f 5035 5043 5044
f 5035 5044 5036
f 5036 5044 5045
f 5036 5045 5037
f 5037 5045 5046
f 5037 5046 5038
f 5038 5046 5039
f 5038 5039 5031
f 5039 5047 5048
f 5039 5048 5040
f 5040 5048 5049
f 5040 5049 5041
f 5041 5049 5050
f 5041 5050 5042
f 5042 5050 5051
f 5042 5051 5043
f 5043 5051 5052
f 5043 5052 5044
f 5044 5052 5053
f 5044 5053 5045
f 5045 5053 5054
f 5045 5054 5046
f 5046 5054 5047
f 5046 5047 5039
f 5047 5055 5056
f 5047 5056 5048
f 5048 5056 5057
f 5048 5057 5049
f 5049 5057 5058
f 5049 5058 5050
f 5050 5058 5059
f 5050 5059 5051
f 5051 5059 5060
f 5051 5060 5052
f 5052 5060 5061
f 5052 5061 5053
f 5053 5061 5062
f 5053 5062 5054
f 5054 5062 5055
f 5054 5055 5047
f 5055 5063 5064
f 5055 5064 5056
f 5056 5064 5065
f 5056 5065 5057
f 5057 5065 5066
f 5057 5066 5058
f 5058 5066 5067
f 5058 5067 5059
f 5059 5067 5068
f 5059 5068 5060
f 5060 5068 5069
f 5060 5069 5061
f 5061 5069 5070
f 5061 5070 5062
f 5062 5070 5063
f 5062 5063 5055
f 5063 5071 5072
f 5063 5072 5064
f 5064 5072 5073
f 5064 5073 5065
f 5065 5073 5074
f 5065 5074 5066
f 5066 5074 5075
f 5066 5075 5067
f 5067 5075 5076
f 5067 5076 5068
f 5068 5076 5077
f 5068 5077 5069
f 5069 5077 5078
f 5069 5078 5070
f 5070 5078 5071
f 5070 5071 5063
f 5071 5079 5080
f 5071 5080 5072
f 5072 5080 5081
f 5072 5081 5073
f 5073 5081 5082
f 5073 5082 5074
f 5074 5082 5083
f 5074 5083 5075
f 5075 5083 5084
f 5075 5084 5076
f 5076 5084 5085
f 5076 5085 5077
f 5077 5085 5086
f 5077 5086 5078
f 5078 5086 5079
f 5078 5079 5071
f 5079 5087 5088
f 5079 5088 5080
f 5080 5088 5089
f 5080 5089 5081
f 5081 5089 5090
f 5081 5090 5082
f 5082 5090 5091
f 5082 5091 5083
f 5083 5091 5092
f 5083 5092 5084
f 5084 5092 5093
f 5084 5093 5085
f 5085 5093 5094
f 5085 5094 5086
f 5086 5094 5087
f 5086 5087 5079
f 5087 5095 5096
f 5087 5096 5088
f 5088 5096 5097
f 5088 5097 5089
f 5089 5097 5098
f 5089 5098 5090
f 5090 5098 5099
f 5090 5099 5091
f 5091 5099 5100
f 5091 5100 5092
f 5092 5100 5101
f 5092 5101 5093
f 5093 5101 5102
f 5093 5102 5094
f 5094 5102 5095
f 5094 5095 5087
f 5095 5103 5104
f 5095 5104 5096
f 5096 5104 5105
f 5096 5105 5097
f 5097 5105 5106
f 5097 5106 5098
f 5098 5106 5107
f 5098 5107 5099
f 5099 5107 5108
f 5099 5108 5100
f 5100 5108 5109
f 5100 5109 5101
f 5101 5109 5110
f 5101 5110 5102
f 5102 5110 5103
f 5102 5103 5095
f 5103 5111 5112
f 5103 5112 5104
f 5104 5112 5113
f 5104 5113 5105
f 5105 5113 5114
f 5105 5114 5106
f 5106 5114 5115
f 5106 5115 5107
f 5107 5115 5116
f 5107 5116 5108
f 5108 5116 5117
f 5108 5117 5109
f 5109 5117 5118
f 5109 5118 5110
f 5110 5118 5111
f 5110 5111 5103
f 5111 5119 5120
f 5111 5120 5112
f 5112 5120 5121
f 5112 5121 5113
f 5113 5121 5122
f 5113 5122 5114
f 5114 5122 5123
f 5114 5123 5115
f 5115 5123 5124
f 5115 5124 5116
f 5116 5124 5125
f 5116 5125 5117
f 5117 5125 5126
f 5117 5126 5118
f 5118 5126 5119
f 5118 5119 5111
f 5119 5127 5128
f 5119 5128 5120
f 5120 5128 5129
f 5120 5129 5121
f 5121 5129 5130
f 5121 5130 5122
f 5122 5130 5131
f 5122 5131 5123
f 5123 5131 5132
f 5123 5132 5124
f 5124 5132 5133
f 5124 5133 5125
f 5125 5133 5134
f 5125 5134 5126
f 5126 5134 5127
f 5126 5127 5119
f 5127 5135 5136
f 5127 5136 5128
f 5128 5136 5137
f 5128 5137 5129
f 5129 5137 5138
f 5129 5138 5130
f 5130 5138 5139
f 5130 5139 5131
f 5131 5139 5140
f 5131 5140 5132
f 5132 5140 5141
f 5132 5141 5133
f 5133 5141 5142
f 5133 5142 5134
f 5134 5142 5135
f 5134 5135 5127
f 5135 5143 5144
f 5135 5144 5136
f 5136 5144 5145
f 5136 5145 5137
f 5137 5145 5146
f 5137 5146 5138
f 5138 5146 5147
f 5138 5147 5139
f 5139 5147 5148
f 5139 5148 5140
f 5140 5148 5149
f 5140 5149 5141
f 5141 5149 5150
f 5141 5150 5142
f 5142 5150 5143
f 5142 5143 5135
f 5143 5151 5152
f 5143 5152 5144
f 5144 5152 5153
f 5144 5153 5145
f 5145 5153 5154
f 5145 5154 5146
f 5146 5154 5155
f 5146 5155 5147
f 5147 5155 5156
f 5147 5156 5148
f 5148 5156 5157
f 5148 5157 5149
f 5149 5157 5158
f 5149 5158 5150
f 5150 5158 5151
f 5150 5151 5143
f 5151 5159 5160
f 5151 5160 5152
f 5152 5160 5161
f 5152 5161 5153
f 5153 5161 5162
f 5153 5162 5154
f 5154 5162 5163
f 5154 5163 5155
f 5155 5163 5164
f 5155 5164 5156
f 5156 5164 5165
f 5156 5165 5157
f 5157 5165 5166
f 5157 5166 5158
f 5158 5166 5159
f 5158 5159 5151
f 5159 5167 5168
f 5159 5168 5160
f 5160 5168 5169
f 5160 5169 5161
f 5161 5169 5170
f 5161 5170 5162
f 5162 5170 5171
f 5162 5171 5163
f 5163 5171 5172
f 5163 5172 5164
f 5164 5172 5173
f 5164 5173 5165
f 5165 5173 5174
f 5165 5174 5166
f 5166 5174 5167
f 5166 5167 5159
f 5167 5175 5176
f 5167 5176 5168
f 5168 5176 5177
f 5168 5177 5169
f 5169 5177 5178
f 5169 5178 5170
f 5170 5178 5179
f 5170 5179 5171
f 5171 5179 5180
f 5171 5180 5172
f 5172 5180 5181
f 5172 5181 5173
f 5173 5181 5182
f 5173 5182 5174
f 5174 5182 5175
f 5174 5175 5167
f 5175 5183 5184
f 5175 5184 5176
f 5176 5184 5185
f 5176 5185 5177
f 5177 5185 5186
f 5177 5186 5178
f 5178 5186 5187
f 5178 5187 5179
f 5179 5187 5188
f 5179 5188 5180
f 5180 5188 5189
f 5180 5189 5181
f 5181 5189 5190
f 5181 5190 5182
f 5182 5190 5183
f 5182 5183 5175
f 5183 5191 5192
f 5183 5192 5184
f 5184 5192 5193
f 5184 5193 5185
f 5185 5193 5194
f 5185 5194 5186
f 5186 5194 5195
f 5186 5195 5187
f 5187 5195 5196
f 5187 5196 5188
f 5188 5196 5197
f 5188 5197 5189
f 5189 5197 5198
f 5189 5198 5190
f 5190 5198 5191
f 5190 5191 5183
f 5191 5199 5200
f 5191 5200 5192
f 5192 5200 5201
f 5192 5201 5193
f 5193 5201 5202
f 5193 5202 5194
f 5194 5202 5203
f 5194 5203 5195
f 5195 5203 5204
f 5195 5204 5196
f 5196 5204 5205
f 5196 5205 5197
f 5197 5205 5206
f 5197 5206 5198
f 5198 5206 5199
f 5198 5199 5191
f 5199 5207 5208
f 5199 5208 5200
f 5200 5208 5209
f 5200 5209 5201
f 5201 5209 5210
f 5201 5210 5202
f 5202 5210 5211
f 5202 5211 5203
f 5203 5211 5212
f 5203 5212 5204
f 5204 5212 5213
f 5204 5213 5205
f 5205 5213 5214
f 5205 5214 5206
f 5206 5214 5207
f 5206 5207 5199
f 5207 5215 5216
f 5207 5216 5208
f 5208 5216 5217
f 5208 5217 5209
f 5209 5217 5218
f 5209 5218 5210
f 5210 5218 5219
f 5210 5219 5211
f 5211 5219 5220
f 5211 5220 5212
f 5212 5220 5221
f 5212 5221 5213
f 5213 5221 5222
f 5213 5222 5214
f 5214 5222 5215
f 5214 5215 5207
f 5215 5223 5224
f 5215 5224 5216
f 5216 5224 5225
f 5216 5225 5217
f 5217 5225 5226
f 5217 5226 5218
f 5218 5226 5227
f 5218 5227 5219
f 5219 5227 5228
f 5219 5228 5220
f 5220 5228 5229
f 5220 5229 5221
f 5221 5229 5230
f 5221 5230 5222
f 5222 5230 5223
f 5222 5223 5215
f 5223 5231 5232
f 5223 5232 5224
f 5224 5232 5233
f 5224 5233 5225
f 5225 5233 5234
f 5225 5234 5226
f 5226 5234 5235
f 5226 5235 5227
f 5227 5235 5236
f 5227 5236 5228
f 5228 5236 5237
f 5228 5237 5229
f 5229 5237 5238
f 5229 5238 5230
f 5230 5238 5231
f 5230 5231 5223
f 5231 5239 5240
f 5231 5240 5232
f 5232 5240 5241
f 5232 5241 5233
f 5233 5241 5242
f 5233 5242 5234
f 5234 5242 5243
f 5234 5243 5235
f 5235 5243 5244
f 5235 5244 5236
f 5236 5244 5245
f 5236 5245 5237
f 5237 5245 5246
f 5237 5246 5238
f 5238 5246 5239
f 5238 5239 5231
f 5239 5247 5248
f 5239 5248 5240
f 5240 5248 5249
f 5240 5249 5241
f 5241 5249 5250
f 5241 5250 5242
f 5242 5250 5251
f 5242 5251 5243
f 5243 5251 5252
f 5243 5252 5244
f 5244 5252 5253
f 5244 5253 5245
f 5245 5253 5254
f 5245 5254 5246
f 5246 5254 5247
f 5246 5247 5239
f 5247 5255 5256
f 5247 5256 5248
f 5248 5256 5257
f 5248 5257 5249
f 5249 5257 5258
f 5249 5258 5250
f 5250 5258 5259
f 5250 5259 5251
f 5251 5259 5260
f 5251 5260 5252
f 5252 5260 5261
f 5252 5261 5253
f 5253 5261 5262
f 5253 5262 5254
f 5254 5262 5255
f 5254 5255 5247
f 5255 5263 5264
f 5255 5264 5256
f 5256 5264 5265
f 5256 5265 5257
f 5257 5265 5266
f 5257 5266 5258
f 5258 5266 5267
f 5258 5267 5259
f 5259 5267 5268
f 5259 5268 5260
f 5260 5268 5269
f 5260 5269 5261
f 5261 5269 5270
f 5261 5270 5262
f 5262 5270 5263
f 5262 5263 5255
g spring_center_pin
usemtl steel_dark
f 5271 5273 5274
f 5271 5274 5272
f 5273 5275 5276
f 5273 5276 5274
f 5275 5277 5278
f 5275 5278 5276
f 5277 5279 5280
f 5277 5280 5278
f 5279 5281 5282
f 5279 5282 5280
f 5281 5283 5284
f 5281 5284 5282
f 5283 5285 5286
f 5283 5286 5284
f 5285 5287 5288
f 5285 5288 5286
f 5287 5289 5290
f 5287 5290 5288
f 5289 5291 5292
f 5289 5292 5290
f 5291 5293 5294
f 5291 5294 5292
f 5293 5271 5272
f 5293 5272 5294
f 5295 5273 5271
f 5296 5272 5274
f 5295 5275 5273
f 5296 5274 5276
f 5295 5277 5275
f 5296 5276 5278
f 5295 5279 5277
f 5296 5278 5280
f 5295 5281 5279
f 5296 5280 5282
f 5295 5283 5281
f 5296 5282 5284
f 5295 5285 5283
f 5296 5284 5286
f 5295 5287 5285
f 5296 5286 5288
f 5295 5289 5287
f 5296 5288 5290
f 5295 5291 5289
f 5296 5290 5292
f 5295 5293 5291
f 5296 5292 5294
f 5295 5271 5293
f 5296 5294 5272
g black_control_cable_tail
usemtl rubber_dark
f 5297 5307 5308
f 5297 5308 5298
f 5298 5308 5309
f 5298 5309 5299
f 5299 5309 5310
f 5299 5310 5300
f 5300 5310 5311
f 5300 5311 5301
f 5301 5311 5312
f 5301 5312 5302
f 5302 5312 5313
f 5302 5313 5303
f 5303 5313 5314
f 5303 5314 5304
f 5304 5314 5315
f 5304 5315 5305
f 5305 5315 5316
f 5305 5316 5306
f 5306 5316 5307
f 5306 5307 5297
f 5307 5317 5318
f 5307 5318 5308
f 5308 5318 5319
f 5308 5319 5309
f 5309 5319 5320
f 5309 5320 5310
f 5310 5320 5321
f 5310 5321 5311
f 5311 5321 5322
f 5311 5322 5312
f 5312 5322 5323
f 5312 5323 5313
f 5313 5323 5324
f 5313 5324 5314
f 5314 5324 5325
f 5314 5325 5315
f 5315 5325 5326
f 5315 5326 5316
f 5316 5326 5317
f 5316 5317 5307
g exposed_tall_accel_spring
usemtl spring_steel
f 5327 5335 5336
f 5327 5336 5328
f 5328 5336 5337
f 5328 5337 5329
f 5329 5337 5338
f 5329 5338 5330
f 5330 5338 5339
f 5330 5339 5331
f 5331 5339 5340
f 5331 5340 5332
f 5332 5340 5341
f 5332 5341 5333
f 5333 5341 5342
f 5333 5342 5334
f 5334 5342 5335
f 5334 5335 5327
f 5335 5343 5344
f 5335 5344 5336
f 5336 5344 5345
f 5336 5345 5337
f 5337 5345 5346
f 5337 5346 5338
f 5338 5346 5347
f 5338 5347 5339
f 5339 5347 5348
f 5339 5348 5340
f 5340 5348 5349
f 5340 5349 5341
f 5341 5349 5350
f 5341 5350 5342
f 5342 5350 5343
f 5342 5343 5335
f 5343 5351 5352
f 5343 5352 5344
f 5344 5352 5353
f 5344 5353 5345
f 5345 5353 5354
f 5345 5354 5346
f 5346 5354 5355
f 5346 5355 5347
f 5347 5355 5356
f 5347 5356 5348
f 5348 5356 5357
f 5348 5357 5349
f 5349 5357 5358
f 5349 5358 5350
f 5350 5358 5351
f 5350 5351 5343
f 5351 5359 5360
f 5351 5360 5352
f 5352 5360 5361
f 5352 5361 5353
f 5353 5361 5362
f 5353 5362 5354
f 5354 5362 5363
f 5354 5363 5355
f 5355 5363 5364
f 5355 5364 5356
f 5356 5364 5365
f 5356 5365 5357
f 5357 5365 5366
f 5357 5366 5358
f 5358 5366 5359
f 5358 5359 5351
f 5359 5367 5368
f 5359 5368 5360
f 5360 5368 5369
f 5360 5369 5361
f 5361 5369 5370
f 5361 5370 5362
f 5362 5370 5371
f 5362 5371 5363
f 5363 5371 5372
f 5363 5372 5364
f 5364 5372 5373
f 5364 5373 5365
f 5365 5373 5374
f 5365 5374 5366
f 5366 5374 5367
f 5366 5367 5359
f 5367 5375 5376
f 5367 5376 5368
f 5368 5376 5377
f 5368 5377 5369
f 5369 5377 5378
f 5369 5378 5370
f 5370 5378 5379
f 5370 5379 5371
f 5371 5379 5380
f 5371 5380 5372
f 5372 5380 5381
f 5372 5381 5373
f 5373 5381 5382
f 5373 5382 5374
f 5374 5382 5375
f 5374 5375 5367
f 5375 5383 5384
f 5375 5384 5376
f 5376 5384 5385
f 5376 5385 5377
f 5377 5385 5386
f 5377 5386 5378
f 5378 5386 5387
f 5378 5387 5379
f 5379 5387 5388
f 5379 5388 5380
f 5380 5388 5389
f 5380 5389 5381
f 5381 5389 5390
f 5381 5390 5382
f 5382 5390 5383
f 5382 5383 5375
f 5383 5391 5392
f 5383 5392 5384
f 5384 5392 5393
f 5384 5393 5385
f 5385 5393 5394
f 5385 5394 5386
f 5386 5394 5395
f 5386 5395 5387
f 5387 5395 5396
f 5387 5396 5388
f 5388 5396 5397
f 5388 5397 5389
f 5389 5397 5398
f 5389 5398 5390
f 5390 5398 5391
f 5390 5391 5383
f 5391 5399 5400
f 5391 5400 5392
f 5392 5400 5401
f 5392 5401 5393
f 5393 5401 5402
f 5393 5402 5394
f 5394 5402 5403
f 5394 5403 5395
f 5395 5403 5404
f 5395 5404 5396
f 5396 5404 5405
f 5396 5405 5397
f 5397 5405 5406
f 5397 5406 5398
f 5398 5406 5399
f 5398 5399 5391
f 5399 5407 5408
f 5399 5408 5400
f 5400 5408 5409
f 5400 5409 5401
f 5401 5409 5410
f 5401 5410 5402
f 5402 5410 5411
f 5402 5411 5403
f 5403 5411 5412
f 5403 5412 5404
f 5404 5412 5413
f 5404 5413 5405
f 5405 5413 5414
f 5405 5414 5406
f 5406 5414 5407
f 5406 5407 5399
f 5407 5415 5416
f 5407 5416 5408
f 5408 5416 5417
f 5408 5417 5409
f 5409 5417 5418
f 5409 5418 5410
f 5410 5418 5419
f 5410 5419 5411
f 5411 5419 5420
f 5411 5420 5412
f 5412 5420 5421
f 5412 5421 5413
f 5413 5421 5422
f 5413 5422 5414
f 5414 5422 5415
f 5414 5415 5407
f 5415 5423 5424
f 5415 5424 5416
f 5416 5424 5425
f 5416 5425 5417
f 5417 5425 5426
f 5417 5426 5418
f 5418 5426 5427
f 5418 5427 5419
f 5419 5427 5428
f 5419 5428 5420
f 5420 5428 5429
f 5420 5429 5421
f 5421 5429 5430
f 5421 5430 5422
f 5422 5430 5423
f 5422 5423 5415
f 5423 5431 5432
f 5423 5432 5424
f 5424 5432 5433
f 5424 5433 5425
f 5425 5433 5434
f 5425 5434 5426
f 5426 5434 5435
f 5426 5435 5427
f 5427 5435 5436
f 5427 5436 5428
f 5428 5436 5437
f 5428 5437 5429
f 5429 5437 5438
f 5429 5438 5430
f 5430 5438 5431
f 5430 5431 5423
f 5431 5439 5440
f 5431 5440 5432
f 5432 5440 5441
f 5432 5441 5433
f 5433 5441 5442
f 5433 5442 5434
f 5434 5442 5443
f 5434 5443 5435
f 5435 5443 5444
f 5435 5444 5436
f 5436 5444 5445
f 5436 5445 5437
f 5437 5445 5446
f 5437 5446 5438
f 5438 5446 5439
f 5438 5439 5431
f 5439 5447 5448
f 5439 5448 5440
f 5440 5448 5449
f 5440 5449 5441
f 5441 5449 5450
f 5441 5450 5442
f 5442 5450 5451
f 5442 5451 5443
f 5443 5451 5452
f 5443 5452 5444
f 5444 5452 5453
f 5444 5453 5445
f 5445 5453 5454
f 5445 5454 5446
f 5446 5454 5447
f 5446 5447 5439
f 5447 5455 5456
f 5447 5456 5448
f 5448 5456 5457
f 5448 5457 5449
f 5449 5457 5458
f 5449 5458 5450
f 5450 5458 5459
f 5450 5459 5451
f 5451 5459 5460
f 5451 5460 5452
f 5452 5460 5461
f 5452 5461 5453
f 5453 5461 5462
f 5453 5462 5454
f 5454 5462 5455
f 5454 5455 5447
f 5455 5463 5464
f 5455 5464 5456
f 5456 5464 5465
f 5456 5465 5457
f 5457 5465 5466
f 5457 5466 5458
f 5458 5466 5467
f 5458 5467 5459
f 5459 5467 5468
f 5459 5468 5460
f 5460 5468 5469
f 5460 5469 5461
f 5461 5469 5470
f 5461 5470 5462
f 5462 5470 5463
f 5462 5463 5455
f 5463 5471 5472
f 5463 5472 5464
f 5464 5472 5473
f 5464 5473 5465
f 5465 5473 5474
f 5465 5474 5466
f 5466 5474 5475
f 5466 5475 5467
f 5467 5475 5476
f 5467 5476 5468
f 5468 5476 5477
f 5468 5477 5469
f 5469 5477 5478
f 5469 5478 5470
f 5470 5478 5471
f 5470 5471 5463
f 5471 5479 5480
f 5471 5480 5472
f 5472 5480 5481
f 5472 5481 5473
f 5473 5481 5482
f 5473 5482 5474
f 5474 5482 5483
f 5474 5483 5475
f 5475 5483 5484
f 5475 5484 5476
f 5476 5484 5485
f 5476 5485 5477
f 5477 5485 5486
f 5477 5486 5478
f 5478 5486 5479
f 5478 5479 5471
f 5479 5487 5488
f 5479 5488 5480
f 5480 5488 5489
f 5480 5489 5481
f 5481 5489 5490
f 5481 5490 5482
f 5482 5490 5491
f 5482 5491 5483
f 5483 5491 5492
f 5483 5492 5484
f 5484 5492 5493
f 5484 5493 5485
f 5485 5493 5494
f 5485 5494 5486
f 5486 5494 5487
f 5486 5487 5479
f 5487 5495 5496
f 5487 5496 5488
f 5488 5496 5497
f 5488 5497 5489
f 5489 5497 5498
f 5489 5498 5490
f 5490 5498 5499
f 5490 5499 5491
f 5491 5499 5500
f 5491 5500 5492
f 5492 5500 5501
f 5492 5501 5493
f 5493 5501 5502
f 5493 5502 5494
f 5494 5502 5495
f 5494 5495 5487
f 5495 5503 5504
f 5495 5504 5496
f 5496 5504 5505
f 5496 5505 5497
f 5497 5505 5506
f 5497 5506 5498
f 5498 5506 5507
f 5498 5507 5499
f 5499 5507 5508
f 5499 5508 5500
f 5500 5508 5509
f 5500 5509 5501
f 5501 5509 5510
f 5501 5510 5502
f 5502 5510 5503
f 5502 5503 5495
f 5503 5511 5512
f 5503 5512 5504
f 5504 5512 5513
f 5504 5513 5505
f 5505 5513 5514
f 5505 5514 5506
f 5506 5514 5515
f 5506 5515 5507
f 5507 5515 5516
f 5507 5516 5508
f 5508 5516 5517
f 5508 5517 5509
f 5509 5517 5518
f 5509 5518 5510
f 5510 5518 5511
f 5510 5511 5503
f 5511 5519 5520
f 5511 5520 5512
f 5512 5520 5521
f 5512 5521 5513
f 5513 5521 5522
f 5513 5522 5514
f 5514 5522 5523
f 5514 5523 5515
f 5515 5523 5524
f 5515 5524 5516
f 5516 5524 5525
f 5516 5525 5517
f 5517 5525 5526
f 5517 5526 5518
f 5518 5526 5519
f 5518 5519 5511
f 5519 5527 5528
f 5519 5528 5520
f 5520 5528 5529
f 5520 5529 5521
f 5521 5529 5530
f 5521 5530 5522
f 5522 5530 5531
f 5522 5531 5523
f 5523 5531 5532
f 5523 5532 5524
f 5524 5532 5533
f 5524 5533 5525
f 5525 5533 5534
f 5525 5534 5526
f 5526 5534 5527
f 5526 5527 5519
f 5527 5535 5536
f 5527 5536 5528
f 5528 5536 5537
f 5528 5537 5529
f 5529 5537 5538
f 5529 5538 5530
f 5530 5538 5539
f 5530 5539 5531
f 5531 5539 5540
f 5531 5540 5532
f 5532 5540 5541
f 5532 5541 5533
f 5533 5541 5542
f 5533 5542 5534
f 5534 5542 5535
f 5534 5535 5527
f 5535 5543 5544
f 5535 5544 5536
f 5536 5544 5545
f 5536 5545 5537
f 5537 5545 5546
f 5537 5546 5538
f 5538 5546 5547
f 5538 5547 5539
f 5539 5547 5548
f 5539 5548 5540
f 5540 5548 5549
f 5540 5549 5541
f 5541 5549 5550
f 5541 5550 5542
f 5542 5550 5543
f 5542 5543 5535
f 5543 5551 5552
f 5543 5552 5544
f 5544 5552 5553
f 5544 5553 5545
f 5545 5553 5554
f 5545 5554 5546
f 5546 5554 5555
f 5546 5555 5547
f 5547 5555 5556
f 5547 5556 5548
f 5548 5556 5557
f 5548 5557 5549
f 5549 5557 5558
f 5549 5558 5550
f 5550 5558 5551
f 5550 5551 5543
f 5551 5559 5560
f 5551 5560 5552
f 5552 5560 5561
f 5552 5561 5553
f 5553 5561 5562
f 5553 5562 5554
f 5554 5562 5563
f 5554 5563 5555
f 5555 5563 5564
f 5555 5564 5556
f 5556 5564 5565
f 5556 5565 5557
f 5557 5565 5566
f 5557 5566 5558
f 5558 5566 5559
f 5558 5559 5551
f 5559 5567 5568
f 5559 5568 5560
f 5560 5568 5569
f 5560 5569 5561
f 5561 5569 5570
f 5561 5570 5562
f 5562 5570 5571
f 5562 5571 5563
f 5563 5571 5572
f 5563 5572 5564
f 5564 5572 5573
f 5564 5573 5565
f 5565 5573 5574
f 5565 5574 5566
f 5566 5574 5567
f 5566 5567 5559
f 5567 5575 5576
f 5567 5576 5568
f 5568 5576 5577
f 5568 5577 5569
f 5569 5577 5578
f 5569 5578 5570
f 5570 5578 5579
f 5570 5579 5571
f 5571 5579 5580
f 5571 5580 5572
f 5572 5580 5581
f 5572 5581 5573
f 5573 5581 5582
f 5573 5582 5574
f 5574 5582 5575
f 5574 5575 5567
f 5575 5583 5584
f 5575 5584 5576
f 5576 5584 5585
f 5576 5585 5577
f 5577 5585 5586
f 5577 5586 5578
f 5578 5586 5587
f 5578 5587 5579
f 5579 5587 5588
f 5579 5588 5580
f 5580 5588 5589
f 5580 5589 5581
f 5581 5589 5590
f 5581 5590 5582
f 5582 5590 5583
f 5582 5583 5575
f 5583 5591 5592
f 5583 5592 5584
f 5584 5592 5593
f 5584 5593 5585
f 5585 5593 5594
f 5585 5594 5586
f 5586 5594 5595
f 5586 5595 5587
f 5587 5595 5596
f 5587 5596 5588
f 5588 5596 5597
f 5588 5597 5589
f 5589 5597 5598
f 5589 5598 5590
f 5590 5598 5591
f 5590 5591 5583
f 5591 5599 5600
f 5591 5600 5592
f 5592 5600 5601
f 5592 5601 5593
f 5593 5601 5602
f 5593 5602 5594
f 5594 5602 5603
f 5594 5603 5595
f 5595 5603 5604
f 5595 5604 5596
f 5596 5604 5605
f 5596 5605 5597
f 5597 5605 5606
f 5597 5606 5598
f 5598 5606 5599
f 5598 5599 5591
f 5599 5607 5608
f 5599 5608 5600
f 5600 5608 5609
f 5600 5609 5601
f 5601 5609 5610
f 5601 5610 5602
f 5602 5610 5611
f 5602 5611 5603
f 5603 5611 5612
f 5603 5612 5604
f 5604 5612 5613
f 5604 5613 5605
f 5605 5613 5614
f 5605 5614 5606
f 5606 5614 5607
f 5606 5607 5599
f 5607 5615 5616
f 5607 5616 5608
f 5608 5616 5617
f 5608 5617 5609
f 5609 5617 5618
f 5609 5618 5610
f 5610 5618 5619
f 5610 5619 5611
f 5611 5619 5620
f 5611 5620 5612
f 5612 5620 5621
f 5612 5621 5613
f 5613 5621 5622
f 5613 5622 5614
f 5614 5622 5615
f 5614 5615 5607
f 5615 5623 5624
f 5615 5624 5616
f 5616 5624 5625
f 5616 5625 5617
f 5617 5625 5626
f 5617 5626 5618
f 5618 5626 5627
f 5618 5627 5619
f 5619 5627 5628
f 5619 5628 5620
f 5620 5628 5629
f 5620 5629 5621
f 5621 5629 5630
f 5621 5630 5622
f 5622 5630 5623
f 5622 5623 5615
f 5623 5631 5632
f 5623 5632 5624
f 5624 5632 5633
f 5624 5633 5625
f 5625 5633 5634
f 5625 5634 5626
f 5626 5634 5635
f 5626 5635 5627
f 5627 5635 5636
f 5627 5636 5628
f 5628 5636 5637
f 5628 5637 5629
f 5629 5637 5638
f 5629 5638 5630
f 5630 5638 5631
f 5630 5631 5623
f 5631 5639 5640
f 5631 5640 5632
f 5632 5640 5641
f 5632 5641 5633
f 5633 5641 5642
f 5633 5642 5634
f 5634 5642 5643
f 5634 5643 5635
f 5635 5643 5644
f 5635 5644 5636
f 5636 5644 5645
f 5636 5645 5637
f 5637 5645 5646
f 5637 5646 5638
f 5638 5646 5639
f 5638 5639 5631
f 5639 5647 5648
f 5639 5648 5640
f 5640 5648 5649
f 5640 5649 5641
f 5641 5649 5650
f 5641 5650 5642
f 5642 5650 5651
f 5642 5651 5643
f 5643 5651 5652
f 5643 5652 5644
f 5644 5652 5653
f 5644 5653 5645
f 5645 5653 5654
f 5645 5654 5646
f 5646 5654 5647
f 5646 5647 5639
f 5647 5655 5656
f 5647 5656 5648
f 5648 5656 5657
f 5648 5657 5649
f 5649 5657 5658
f 5649 5658 5650
f 5650 5658 5659
f 5650 5659 5651
f 5651 5659 5660
f 5651 5660 5652
f 5652 5660 5661
f 5652 5661 5653
f 5653 5661 5662
f 5653 5662 5654
f 5654 5662 5655
f 5654 5655 5647
f 5655 5663 5664
f 5655 5664 5656
f 5656 5664 5665
f 5656 5665 5657
f 5657 5665 5666
f 5657 5666 5658
f 5658 5666 5667
f 5658 5667 5659
f 5659 5667 5668
f 5659 5668 5660
f 5660 5668 5669
f 5660 5669 5661
f 5661 5669 5670
f 5661 5670 5662
f 5662 5670 5663
f 5662 5663 5655
f 5663 5671 5672
f 5663 5672 5664
f 5664 5672 5673
f 5664 5673 5665
f 5665 5673 5674
f 5665 5674 5666
f 5666 5674 5675
f 5666 5675 5667
f 5667 5675 5676
f 5667 5676 5668
f 5668 5676 5677
f 5668 5677 5669
f 5669 5677 5678
f 5669 5678 5670
f 5670 5678 5671
f 5670 5671 5663
f 5671 5679 5680
f 5671 5680 5672
f 5672 5680 5681
f 5672 5681 5673
f 5673 5681 5682
f 5673 5682 5674
f 5674 5682 5683
f 5674 5683 5675
f 5675 5683 5684
f 5675 5684 5676
f 5676 5684 5685
f 5676 5685 5677
f 5677 5685 5686
f 5677 5686 5678
f 5678 5686 5679
f 5678 5679 5671
f 5679 5687 5688
f 5679 5688 5680
f 5680 5688 5689
f 5680 5689 5681
f 5681 5689 5690
f 5681 5690 5682
f 5682 5690 5691
f 5682 5691 5683
f 5683 5691 5692
f 5683 5692 5684
f 5684 5692 5693
f 5684 5693 5685
f 5685 5693 5694
f 5685 5694 5686
f 5686 5694 5687
f 5686 5687 5679
f 5687 5695 5696
f 5687 5696 5688
f 5688 5696 5697
f 5688 5697 5689
f 5689 5697 5698
f 5689 5698 5690
f 5690 5698 5699
f 5690 5699 5691
f 5691 5699 5700
f 5691 5700 5692
f 5692 5700 5701
f 5692 5701 5693
f 5693 5701 5702
f 5693 5702 5694
f 5694 5702 5695
f 5694 5695 5687
f 5695 5703 5704
f 5695 5704 5696
f 5696 5704 5705
f 5696 5705 5697
f 5697 5705 5706
f 5697 5706 5698
f 5698 5706 5707
f 5698 5707 5699
f 5699 5707 5708
f 5699 5708 5700
f 5700 5708 5709
f 5700 5709 5701
f 5701 5709 5710
f 5701 5710 5702
f 5702 5710 5703
f 5702 5703 5695
f 5703 5711 5712
f 5703 5712 5704
f 5704 5712 5713
f 5704 5713 5705
f 5705 5713 5714
f 5705 5714 5706
f 5706 5714 5715
f 5706 5715 5707
f 5707 5715 5716
f 5707 5716 5708
f 5708 5716 5717
f 5708 5717 5709
f 5709 5717 5718
f 5709 5718 5710
f 5710 5718 5711
f 5710 5711 5703
f 5711 5719 5720
f 5711 5720 5712
f 5712 5720 5721
f 5712 5721 5713
f 5713 5721 5722
f 5713 5722 5714
f 5714 5722 5723
f 5714 5723 5715
f 5715 5723 5724
f 5715 5724 5716
f 5716 5724 5725
f 5716 5725 5717
f 5717 5725 5726
f 5717 5726 5718
f 5718 5726 5719
f 5718 5719 5711
f 5719 5727 5728
f 5719 5728 5720
f 5720 5728 5729
f 5720 5729 5721
f 5721 5729 5730
f 5721 5730 5722
f 5722 5730 5731
f 5722 5731 5723
f 5723 5731 5732
f 5723 5732 5724
f 5724 5732 5733
f 5724 5733 5725
f 5725 5733 5734
f 5725 5734 5726
f 5726 5734 5727
f 5726 5727 5719
f 5727 5735 5736
f 5727 5736 5728
f 5728 5736 5737
f 5728 5737 5729
f 5729 5737 5738
f 5729 5738 5730
f 5730 5738 5739
f 5730 5739 5731
f 5731 5739 5740
f 5731 5740 5732
f 5732 5740 5741
f 5732 5741 5733
f 5733 5741 5742
f 5733 5742 5734
f 5734 5742 5735
f 5734 5735 5727
f 5735 5743 5744
f 5735 5744 5736
f 5736 5744 5745
f 5736 5745 5737
f 5737 5745 5746
f 5737 5746 5738
f 5738 5746 5747
f 5738 5747 5739
f 5739 5747 5748
f 5739 5748 5740
f 5740 5748 5749
f 5740 5749 5741
f 5741 5749 5750
f 5741 5750 5742
f 5742 5750 5743
f 5742 5743 5735
f 5743 5751 5752
f 5743 5752 5744
f 5744 5752 5753
f 5744 5753 5745
f 5745 5753 5754
f 5745 5754 5746
f 5746 5754 5755
f 5746 5755 5747
f 5747 5755 5756
f 5747 5756 5748
f 5748 5756 5757
f 5748 5757 5749
f 5749 5757 5758
f 5749 5758 5750
f 5750 5758 5751
f 5750 5751 5743
f 5751 5759 5760
f 5751 5760 5752
f 5752 5760 5761
f 5752 5761 5753
f 5753 5761 5762
f 5753 5762 5754
f 5754 5762 5763
f 5754 5763 5755
f 5755 5763 5764
f 5755 5764 5756
f 5756 5764 5765
f 5756 5765 5757
f 5757 5765 5766
f 5757 5766 5758
f 5758 5766 5759
f 5758 5759 5751
f 5759 5767 5768
f 5759 5768 5760
f 5760 5768 5769
f 5760 5769 5761
f 5761 5769 5770
f 5761 5770 5762
f 5762 5770 5771
f 5762 5771 5763
f 5763 5771 5772
f 5763 5772 5764
f 5764 5772 5773
f 5764 5773 5765
f 5765 5773 5774
f 5765 5774 5766
f 5766 5774 5767
f 5766 5767 5759
f 5767 5775 5776
f 5767 5776 5768
f 5768 5776 5777
f 5768 5777 5769
f 5769 5777 5778
f 5769 5778 5770
f 5770 5778 5779
f 5770 5779 5771
f 5771 5779 5780
f 5771 5780 5772
f 5772 5780 5781
f 5772 5781 5773
f 5773 5781 5782
f 5773 5782 5774
f 5774 5782 5775
f 5774 5775 5767
f 5775 5783 5784
f 5775 5784 5776
f 5776 5784 5785
f 5776 5785 5777
f 5777 5785 5786
f 5777 5786 5778
f 5778 5786 5787
f 5778 5787 5779
f 5779 5787 5788
f 5779 5788 5780
f 5780 5788 5789
f 5780 5789 5781
f 5781 5789 5790
f 5781 5790 5782
f 5782 5790 5783
f 5782 5783 5775
f 5783 5791 5792
f 5783 5792 5784
f 5784 5792 5793
f 5784 5793 5785
f 5785 5793 5794
f 5785 5794 5786
f 5786 5794 5795
f 5786 5795 5787
f 5787 5795 5796
f 5787 5796 5788
f 5788 5796 5797
f 5788 5797 5789
f 5789 5797 5798
f 5789 5798 5790
f 5790 5798 5791
f 5790 5791 5783
f 5791 5799 5800
f 5791 5800 5792
f 5792 5800 5801
f 5792 5801 5793
f 5793 5801 5802
f 5793 5802 5794
f 5794 5802 5803
f 5794 5803 5795
f 5795 5803 5804
f 5795 5804 5796
f 5796 5804 5805
f 5796 5805 5797
f 5797 5805 5806
f 5797 5806 5798
f 5798 5806 5799
f 5798 5799 5791
f 5799 5807 5808
f 5799 5808 5800
f 5800 5808 5809
f 5800 5809 5801
f 5801 5809 5810
f 5801 5810 5802
f 5802 5810 5811
f 5802 5811 5803
f 5803 5811 5812
f 5803 5812 5804
f 5804 5812 5813
f 5804 5813 5805
f 5805 5813 5814
f 5805 5814 5806
f 5806 5814 5807
f 5806 5807 5799
f 5807 5815 5816
f 5807 5816 5808
f 5808 5816 5817
f 5808 5817 5809
f 5809 5817 5818
f 5809 5818 5810
f 5810 5818 5819
f 5810 5819 5811
f 5811 5819 5820
f 5811 5820 5812
f 5812 5820 5821
f 5812 5821 5813
f 5813 5821 5822
f 5813 5822 5814
f 5814 5822 5815
f 5814 5815 5807
f 5815 5823 5824
f 5815 5824 5816
f 5816 5824 5825
f 5816 5825 5817
f 5817 5825 5826
f 5817 5826 5818
f 5818 5826 5827
f 5818 5827 5819
f 5819 5827 5828
f 5819 5828 5820
f 5820 5828 5829
f 5820 5829 5821
f 5821 5829 5830
f 5821 5830 5822
f 5822 5830 5823
f 5822 5823 5815
f 5823 5831 5832
f 5823 5832 5824
f 5824 5832 5833
f 5824 5833 5825
f 5825 5833 5834
f 5825 5834 5826
f 5826 5834 5835
f 5826 5835 5827
f 5827 5835 5836
f 5827 5836 5828
f 5828 5836 5837
f 5828 5837 5829
f 5829 5837 5838
f 5829 5838 5830
f 5830 5838 5831
f 5830 5831 5823
f 5831 5839 5840
f 5831 5840 5832
f 5832 5840 5841
f 5832 5841 5833
f 5833 5841 5842
f 5833 5842 5834
f 5834 5842 5843
f 5834 5843 5835
f 5835 5843 5844
f 5835 5844 5836
f 5836 5844 5845
f 5836 5845 5837
f 5837 5845 5846
f 5837 5846 5838
f 5838 5846 5839
f 5838 5839 5831
f 5839 5847 5848
f 5839 5848 5840
f 5840 5848 5849
f 5840 5849 5841
f 5841 5849 5850
f 5841 5850 5842
f 5842 5850 5851
f 5842 5851 5843
f 5843 5851 5852
f 5843 5852 5844
f 5844 5852 5853
f 5844 5853 5845
f 5845 5853 5854
f 5845 5854 5846
f 5846 5854 5847
f 5846 5847 5839
f 5847 5855 5856
f 5847 5856 5848
f 5848 5856 5857
f 5848 5857 5849
f 5849 5857 5858
f 5849 5858 5850
f 5850 5858 5859
f 5850 5859 5851
f 5851 5859 5860
f 5851 5860 5852
f 5852 5860 5861
f 5852 5861 5853
f 5853 5861 5862
f 5853 5862 5854
f 5854 5862 5855
f 5854 5855 5847
f 5855 5863 5864
f 5855 5864 5856
f 5856 5864 5865
f 5856 5865 5857
f 5857 5865 5866
f 5857 5866 5858
f 5858 5866 5867
f 5858 5867 5859
f 5859 5867 5868
f 5859 5868 5860
f 5860 5868 5869
f 5860 5869 5861
f 5861 5869 5870
f 5861 5870 5862
f 5862 5870 5863
f 5862 5863 5855
f 5863 5871 5872
f 5863 5872 5864
f 5864 5872 5873
f 5864 5873 5865
f 5865 5873 5874
f 5865 5874 5866
f 5866 5874 5875
f 5866 5875 5867
f 5867 5875 5876
f 5867 5876 5868
f 5868 5876 5877
f 5868 5877 5869
f 5869 5877 5878
f 5869 5878 5870
f 5870 5878 5871
f 5870 5871 5863
f 5871 5879 5880
f 5871 5880 5872
f 5872 5880 5881
f 5872 5881 5873
f 5873 5881 5882
f 5873 5882 5874
f 5874 5882 5883
f 5874 5883 5875
f 5875 5883 5884
f 5875 5884 5876
f 5876 5884 5885
f 5876 5885 5877
f 5877 5885 5886
f 5877 5886 5878
f 5878 5886 5879
f 5878 5879 5871
f 5879 5887 5888
f 5879 5888 5880
f 5880 5888 5889
f 5880 5889 5881
f 5881 5889 5890
f 5881 5890 5882
f 5882 5890 5891
f 5882 5891 5883
f 5883 5891 5892
f 5883 5892 5884
f 5884 5892 5893
f 5884 5893 5885
f 5885 5893 5894
f 5885 5894 5886
f 5886 5894 5887
f 5886 5887 5879
f 5887 5895 5896
f 5887 5896 5888
f 5888 5896 5897
f 5888 5897 5889
f 5889 5897 5898
f 5889 5898 5890
f 5890 5898 5899
f 5890 5899 5891
f 5891 5899 5900
f 5891 5900 5892
f 5892 5900 5901
f 5892 5901 5893
f 5893 5901 5902
f 5893 5902 5894
f 5894 5902 5895
f 5894 5895 5887
f 5895 5903 5904
f 5895 5904 5896
f 5896 5904 5905
f 5896 5905 5897
f 5897 5905 5906
f 5897 5906 5898
f 5898 5906 5907
f 5898 5907 5899
f 5899 5907 5908
f 5899 5908 5900
f 5900 5908 5909
f 5900 5909 5901
f 5901 5909 5910
f 5901 5910 5902
f 5902 5910 5903
f 5902 5903 5895
f 5903 5911 5912
f 5903 5912 5904
f 5904 5912 5913
f 5904 5913 5905
f 5905 5913 5914
f 5905 5914 5906
f 5906 5914 5915
f 5906 5915 5907
f 5907 5915 5916
f 5907 5916 5908
f 5908 5916 5917
f 5908 5917 5909
f 5909 5917 5918
f 5909 5918 5910
f 5910 5918 5911
f 5910 5911 5903
f 5911 5919 5920
f 5911 5920 5912
f 5912 5920 5921
f 5912 5921 5913
f 5913 5921 5922
f 5913 5922 5914
f 5914 5922 5923
f 5914 5923 5915
f 5915 5923 5924
f 5915 5924 5916
f 5916 5924 5925
f 5916 5925 5917
f 5917 5925 5926
f 5917 5926 5918
f 5918 5926 5919
f 5918 5919 5911
f 5919 5927 5928
f 5919 5928 5920
f 5920 5928 5929
f 5920 5929 5921
f 5921 5929 5930
f 5921 5930 5922
f 5922 5930 5931
f 5922 5931 5923
f 5923 5931 5932
f 5923 5932 5924
f 5924 5932 5933
f 5924 5933 5925
f 5925 5933 5934
f 5925 5934 5926
f 5926 5934 5927
f 5926 5927 5919
f 5927 5935 5936
f 5927 5936 5928
f 5928 5936 5937
f 5928 5937 5929
f 5929 5937 5938
f 5929 5938 5930
f 5930 5938 5939
f 5930 5939 5931
f 5931 5939 5940
f 5931 5940 5932
f 5932 5940 5941
f 5932 5941 5933
f 5933 5941 5942
f 5933 5942 5934
f 5934 5942 5935
f 5934 5935 5927
f 5935 5943 5944
f 5935 5944 5936
f 5936 5944 5945
f 5936 5945 5937
f 5937 5945 5946
f 5937 5946 5938
f 5938 5946 5947
f 5938 5947 5939
f 5939 5947 5948
f 5939 5948 5940
f 5940 5948 5949
f 5940 5949 5941
f 5941 5949 5950
f 5941 5950 5942
f 5942 5950 5943
f 5942 5943 5935
f 5943 5951 5952
f 5943 5952 5944
f 5944 5952 5953
f 5944 5953 5945
f 5945 5953 5954
f 5945 5954 5946
f 5946 5954 5955
f 5946 5955 5947
f 5947 5955 5956
f 5947 5956 5948
f 5948 5956 5957
f 5948 5957 5949
f 5949 5957 5958
f 5949 5958 5950
f 5950 5958 5951
f 5950 5951 5943
f 5951 5959 5960
f 5951 5960 5952
f 5952 5960 5961
f 5952 5961 5953
f 5953 5961 5962
f 5953 5962 5954
f 5954 5962 5963
f 5954 5963 5955
f 5955 5963 5964
f 5955 5964 5956
f 5956 5964 5965
f 5956 5965 5957
f 5957 5965 5966
f 5957 5966 5958
f 5958 5966 5959
f 5958 5959 5951
f 5959 5967 5968
f 5959 5968 5960
f 5960 5968 5969
f 5960 5969 5961
f 5961 5969 5970
f 5961 5970 5962
f 5962 5970 5971
f 5962 5971 5963
f 5963 5971 5972
f 5963 5972 5964
f 5964 5972 5973
f 5964 5973 5965
f 5965 5973 5974
f 5965 5974 5966
f 5966 5974 5967
f 5966 5967 5959
f 5967 5975 5976
f 5967 5976 5968
f 5968 5976 5977
f 5968 5977 5969
f 5969 5977 5978
f 5969 5978 5970
f 5970 5978 5979
f 5970 5979 5971
f 5971 5979 5980
f 5971 5980 5972
f 5972 5980 5981
f 5972 5981 5973
f 5973 5981 5982
f 5973 5982 5974
f 5974 5982 5975
f 5974 5975 5967
f 5975 5983 5984
f 5975 5984 5976
f 5976 5984 5985
f 5976 5985 5977
f 5977 5985 5986
f 5977 5986 5978
f 5978 5986 5987
f 5978 5987 5979
f 5979 5987 5988
f 5979 5988 5980
f 5980 5988 5989
f 5980 5989 5981
f 5981 5989 5990
f 5981 5990 5982
f 5982 5990 5983
f 5982 5983 5975
f 5983 5991 5992
f 5983 5992 5984
f 5984 5992 5993
f 5984 5993 5985
f 5985 5993 5994
f 5985 5994 5986
f 5986 5994 5995
f 5986 5995 5987
f 5987 5995 5996
f 5987 5996 5988
f 5988 5996 5997
f 5988 5997 5989
f 5989 5997 5998
f 5989 5998 5990
f 5990 5998 5991
f 5990 5991 5983
f 5991 5999 6000
f 5991 6000 5992
f 5992 6000 6001
f 5992 6001 5993
f 5993 6001 6002
f 5993 6002 5994
f 5994 6002 6003
f 5994 6003 5995
f 5995 6003 6004
f 5995 6004 5996
f 5996 6004 6005
f 5996 6005 5997
f 5997 6005 6006
f 5997 6006 5998
f 5998 6006 5999
f 5998 5999 5991
f 5999 6007 6008
f 5999 6008 6000
f 6000 6008 6009
f 6000 6009 6001
f 6001 6009 6010
f 6001 6010 6002
f 6002 6010 6011
f 6002 6011 6003
f 6003 6011 6012
f 6003 6012 6004
f 6004 6012 6013
f 6004 6013 6005
f 6005 6013 6014
f 6005 6014 6006
f 6006 6014 6007
f 6006 6007 5999
f 6007 6015 6016
f 6007 6016 6008
f 6008 6016 6017
f 6008 6017 6009
f 6009 6017 6018
f 6009 6018 6010
f 6010 6018 6019
f 6010 6019 6011
f 6011 6019 6020
f 6011 6020 6012
f 6012 6020 6021
f 6012 6021 6013
f 6013 6021 6022
f 6013 6022 6014
f 6014 6022 6015
f 6014 6015 6007
f 6015 6023 6024
f 6015 6024 6016
f 6016 6024 6025
f 6016 6025 6017
f 6017 6025 6026
f 6017 6026 6018
f 6018 6026 6027
f 6018 6027 6019
f 6019 6027 6028
f 6019 6028 6020
f 6020 6028 6029
f 6020 6029 6021
f 6021 6029 6030
f 6021 6030 6022
f 6022 6030 6023
f 6022 6023 6015
f 6023 6031 6032
f 6023 6032 6024
f 6024 6032 6033
f 6024 6033 6025
f 6025 6033 6034
f 6025 6034 6026
f 6026 6034 6035
f 6026 6035 6027
f 6027 6035 6036
f 6027 6036 6028
f 6028 6036 6037
f 6028 6037 6029
f 6029 6037 6038
f 6029 6038 6030
f 6030 6038 6031
f 6030 6031 6023
f 6031 6039 6040
f 6031 6040 6032
f 6032 6040 6041
f 6032 6041 6033
f 6033 6041 6042
f 6033 6042 6034
f 6034 6042 6043
f 6034 6043 6035
f 6035 6043 6044
f 6035 6044 6036
f 6036 6044 6045
f 6036 6045 6037
f 6037 6045 6046
f 6037 6046 6038
f 6038 6046 6039
f 6038 6039 6031
f 6039 6047 6048
f 6039 6048 6040
f 6040 6048 6049
f 6040 6049 6041
f 6041 6049 6050
f 6041 6050 6042
f 6042 6050 6051
f 6042 6051 6043
f 6043 6051 6052
f 6043 6052 6044
f 6044 6052 6053
f 6044 6053 6045
f 6045 6053 6054
f 6045 6054 6046
f 6046 6054 6047
f 6046 6047 6039
f 6047 6055 6056
f 6047 6056 6048
f 6048 6056 6057
f 6048 6057 6049
f 6049 6057 6058
f 6049 6058 6050
f 6050 6058 6059
f 6050 6059 6051
f 6051 6059 6060
f 6051 6060 6052
f 6052 6060 6061
f 6052 6061 6053
f 6053 6061 6062
f 6053 6062 6054
f 6054 6062 6055
f 6054 6055 6047
f 6055 6063 6064
f 6055 6064 6056
f 6056 6064 6065
f 6056 6065 6057
f 6057 6065 6066
f 6057 6066 6058
f 6058 6066 6067
f 6058 6067 6059
f 6059 6067 6068
f 6059 6068 6060
f 6060 6068 6069
f 6060 6069 6061
f 6061 6069 6070
f 6061 6070 6062
f 6062 6070 6063
f 6062 6063 6055
f 6063 6071 6072
f 6063 6072 6064
f 6064 6072 6073
f 6064 6073 6065
f 6065 6073 6074
f 6065 6074 6066
f 6066 6074 6075
f 6066 6075 6067
f 6067 6075 6076
f 6067 6076 6068
f 6068 6076 6077
f 6068 6077 6069
f 6069 6077 6078
f 6069 6078 6070
f 6070 6078 6071
f 6070 6071 6063
f 6071 6079 6080
f 6071 6080 6072
f 6072 6080 6081
f 6072 6081 6073
f 6073 6081 6082
f 6073 6082 6074
f 6074 6082 6083
f 6074 6083 6075
f 6075 6083 6084
f 6075 6084 6076
f 6076 6084 6085
f 6076 6085 6077
f 6077 6085 6086
f 6077 6086 6078
f 6078 6086 6079
f 6078 6079 6071
f 6079 6087 6088
f 6079 6088 6080
f 6080 6088 6089
f 6080 6089 6081
f 6081 6089 6090
f 6081 6090 6082
f 6082 6090 6091
f 6082 6091 6083
f 6083 6091 6092
f 6083 6092 6084
f 6084 6092 6093
f 6084 6093 6085
f 6085 6093 6094
f 6085 6094 6086
f 6086 6094 6087
f 6086 6087 6079
f 6087 6095 6096
f 6087 6096 6088
f 6088 6096 6097
f 6088 6097 6089
f 6089 6097 6098
f 6089 6098 6090
f 6090 6098 6099
f 6090 6099 6091
f 6091 6099 6100
f 6091 6100 6092
f 6092 6100 6101
f 6092 6101 6093
f 6093 6101 6102
f 6093 6102 6094
f 6094 6102 6095
f 6094 6095 6087
f 6095 6103 6104
f 6095 6104 6096
f 6096 6104 6105
f 6096 6105 6097
f 6097 6105 6106
f 6097 6106 6098
f 6098 6106 6107
f 6098 6107 6099
f 6099 6107 6108
f 6099 6108 6100
f 6100 6108 6109
f 6100 6109 6101
f 6101 6109 6110
f 6101 6110 6102
f 6102 6110 6103
f 6102 6103 6095
f 6103 6111 6112
f 6103 6112 6104
f 6104 6112 6113
f 6104 6113 6105
f 6105 6113 6114
f 6105 6114 6106
f 6106 6114 6115
f 6106 6115 6107
f 6107 6115 6116
f 6107 6116 6108
f 6108 6116 6117
f 6108 6117 6109
f 6109 6117 6118
f 6109 6118 6110
f 6110 6118 6111
f 6110 6111 6103
f 6111 6119 6120
f 6111 6120 6112
f 6112 6120 6121
f 6112 6121 6113
f 6113 6121 6122
f 6113 6122 6114
f 6114 6122 6123
f 6114 6123 6115
f 6115 6123 6124
f 6115 6124 6116
f 6116 6124 6125
f 6116 6125 6117
f 6117 6125 6126
f 6117 6126 6118
f 6118 6126 6119
f 6118 6119 6111
f 6119 6127 6128
f 6119 6128 6120
f 6120 6128 6129
f 6120 6129 6121
f 6121 6129 6130
f 6121 6130 6122
f 6122 6130 6131
f 6122 6131 6123
f 6123 6131 6132
f 6123 6132 6124
f 6124 6132 6133
f 6124 6133 6125
f 6125 6133 6134
f 6125 6134 6126
f 6126 6134 6127
f 6126 6127 6119
f 6127 6135 6136
f 6127 6136 6128
f 6128 6136 6137
f 6128 6137 6129
f 6129 6137 6138
f 6129 6138 6130
f 6130 6138 6139
f 6130 6139 6131
f 6131 6139 6140
f 6131 6140 6132
f 6132 6140 6141
f 6132 6141 6133
f 6133 6141 6142
f 6133 6142 6134
f 6134 6142 6135
f 6134 6135 6127
f 6135 6143 6144
f 6135 6144 6136
f 6136 6144 6145
f 6136 6145 6137
f 6137 6145 6146
f 6137 6146 6138
f 6138 6146 6147
f 6138 6147 6139
f 6139 6147 6148
f 6139 6148 6140
f 6140 6148 6149
f 6140 6149 6141
f 6141 6149 6150
f 6141 6150 6142
f 6142 6150 6143
f 6142 6143 6135
f 6143 6151 6152
f 6143 6152 6144
f 6144 6152 6153
f 6144 6153 6145
f 6145 6153 6154
f 6145 6154 6146
f 6146 6154 6155
f 6146 6155 6147
f 6147 6155 6156
f 6147 6156 6148
f 6148 6156 6157
f 6148 6157 6149
f 6149 6157 6158
f 6149 6158 6150
f 6150 6158 6151
f 6150 6151 6143
f 6151 6159 6160
f 6151 6160 6152
f 6152 6160 6161
f 6152 6161 6153
f 6153 6161 6162
f 6153 6162 6154
f 6154 6162 6163
f 6154 6163 6155
f 6155 6163 6164
f 6155 6164 6156
f 6156 6164 6165
f 6156 6165 6157
f 6157 6165 6166
f 6157 6166 6158
f 6158 6166 6159
f 6158 6159 6151
f 6159 6167 6168
f 6159 6168 6160
f 6160 6168 6169
f 6160 6169 6161
f 6161 6169 6170
f 6161 6170 6162
f 6162 6170 6171
f 6162 6171 6163
f 6163 6171 6172
f 6163 6172 6164
f 6164 6172 6173
f 6164 6173 6165
f 6165 6173 6174
f 6165 6174 6166
f 6166 6174 6167
f 6166 6167 6159
f 6167 6175 6176
f 6167 6176 6168
f 6168 6176 6177
f 6168 6177 6169
f 6169 6177 6178
f 6169 6178 6170
f 6170 6178 6179
f 6170 6179 6171
f 6171 6179 6180
f 6171 6180 6172
f 6172 6180 6181
f 6172 6181 6173
f 6173 6181 6182
f 6173 6182 6174
f 6174 6182 6175
f 6174 6175 6167
f 6175 6183 6184
f 6175 6184 6176
f 6176 6184 6185
f 6176 6185 6177
f 6177 6185 6186
f 6177 6186 6178
f 6178 6186 6187
f 6178 6187 6179
f 6179 6187 6188
f 6179 6188 6180
f 6180 6188 6189
f 6180 6189 6181
f 6181 6189 6190
f 6181 6190 6182
f 6182 6190 6183
f 6182 6183 6175
f 6183 6191 6192
f 6183 6192 6184
f 6184 6192 6193
f 6184 6193 6185
f 6185 6193 6194
f 6185 6194 6186
f 6186 6194 6195
f 6186 6195 6187
f 6187 6195 6196
f 6187 6196 6188
f 6188 6196 6197
f 6188 6197 6189
f 6189 6197 6198
f 6189 6198 6190
f 6190 6198 6191
f 6190 6191 6183
f 6191 6199 6200
f 6191 6200 6192
f 6192 6200 6201
f 6192 6201 6193
f 6193 6201 6202
f 6193 6202 6194
f 6194 6202 6203
f 6194 6203 6195
f 6195 6203 6204
f 6195 6204 6196
f 6196 6204 6205
f 6196 6205 6197
f 6197 6205 6206
f 6197 6206 6198
f 6198 6206 6199
f 6198 6199 6191
f 6199 6207 6208
f 6199 6208 6200
f 6200 6208 6209
f 6200 6209 6201
f 6201 6209 6210
f 6201 6210 6202
f 6202 6210 6211
f 6202 6211 6203
f 6203 6211 6212
f 6203 6212 6204
f 6204 6212 6213
f 6204 6213 6205
f 6205 6213 6214
f 6205 6214 6206
f 6206 6214 6207
f 6206 6207 6199
f 6207 6215 6216
f 6207 6216 6208
f 6208 6216 6217
f 6208 6217 6209
f 6209 6217 6218
f 6209 6218 6210
f 6210 6218 6219
f 6210 6219 6211
f 6211 6219 6220
f 6211 6220 6212
f 6212 6220 6221
f 6212 6221 6213
f 6213 6221 6222
f 6213 6222 6214
f 6214 6222 6215
f 6214 6215 6207
f 6215 6223 6224
f 6215 6224 6216
f 6216 6224 6225
f 6216 6225 6217
f 6217 6225 6226
f 6217 6226 6218
f 6218 6226 6227
f 6218 6227 6219
f 6219 6227 6228
f 6219 6228 6220
f 6220 6228 6229
f 6220 6229 6221
f 6221 6229 6230
f 6221 6230 6222
f 6222 6230 6223
f 6222 6223 6215
f 6223 6231 6232
f 6223 6232 6224
f 6224 6232 6233
f 6224 6233 6225
f 6225 6233 6234
f 6225 6234 6226
f 6226 6234 6235
f 6226 6235 6227
f 6227 6235 6236
f 6227 6236 6228
f 6228 6236 6237
f 6228 6237 6229
f 6229 6237 6238
f 6229 6238 6230
f 6230 6238 6231
f 6230 6231 6223
f 6231 6239 6240
f 6231 6240 6232
f 6232 6240 6241
f 6232 6241 6233
f 6233 6241 6242
f 6233 6242 6234
f 6234 6242 6243
f 6234 6243 6235
f 6235 6243 6244
f 6235 6244 6236
f 6236 6244 6245
f 6236 6245 6237
f 6237 6245 6246
f 6237 6246 6238
f 6238 6246 6239
f 6238 6239 6231
f 6239 6247 6248
f 6239 6248 6240
f 6240 6248 6249
f 6240 6249 6241
f 6241 6249 6250
f 6241 6250 6242
f 6242 6250 6251
f 6242 6251 6243
f 6243 6251 6252
f 6243 6252 6244
f 6244 6252 6253
f 6244 6253 6245
f 6245 6253 6254
f 6245 6254 6246
f 6246 6254 6247
f 6246 6247 6239
f 6247 6255 6256
f 6247 6256 6248
f 6248 6256 6257
f 6248 6257 6249
f 6249 6257 6258
f 6249 6258 6250
f 6250 6258 6259
f 6250 6259 6251
f 6251 6259 6260
f 6251 6260 6252
f 6252 6260 6261
f 6252 6261 6253
f 6253 6261 6262
f 6253 6262 6254
f 6254 6262 6255
f 6254 6255 6247
f 6255 6263 6264
f 6255 6264 6256
f 6256 6264 6265
f 6256 6265 6257
f 6257 6265 6266
f 6257 6266 6258
f 6258 6266 6267
f 6258 6267 6259
f 6259 6267 6268
f 6259 6268 6260
f 6260 6268 6269
f 6260 6269 6261
f 6261 6269 6270
f 6261 6270 6262
f 6262 6270 6263
f 6262 6263 6255
f 6263 6271 6272
f 6263 6272 6264
f 6264 6272 6273
f 6264 6273 6265
f 6265 6273 6274
f 6265 6274 6266
f 6266 6274 6275
f 6266 6275 6267
f 6267 6275 6276
f 6267 6276 6268
f 6268 6276 6277
f 6268 6277 6269
f 6269 6277 6278
f 6269 6278 6270
f 6270 6278 6271
f 6270 6271 6263
f 6271 6279 6280
f 6271 6280 6272
f 6272 6280 6281
f 6272 6281 6273
f 6273 6281 6282
f 6273 6282 6274
f 6274 6282 6283
f 6274 6283 6275
f 6275 6283 6284
f 6275 6284 6276
f 6276 6284 6285
f 6276 6285 6277
f 6277 6285 6286
f 6277 6286 6278
f 6278 6286 6279
f 6278 6279 6271
f 6279 6287 6288
f 6279 6288 6280
f 6280 6288 6289
f 6280 6289 6281
f 6281 6289 6290
f 6281 6290 6282
f 6282 6290 6291
f 6282 6291 6283
f 6283 6291 6292
f 6283 6292 6284
f 6284 6292 6293
f 6284 6293 6285
f 6285 6293 6294
f 6285 6294 6286
f 6286 6294 6287
f 6286 6287 6279
f 6287 6295 6296
f 6287 6296 6288
f 6288 6296 6297
f 6288 6297 6289
f 6289 6297 6298
f 6289 6298 6290
f 6290 6298 6299
f 6290 6299 6291
f 6291 6299 6300
f 6291 6300 6292
f 6292 6300 6301
f 6292 6301 6293
f 6293 6301 6302
f 6293 6302 6294
f 6294 6302 6295
f 6294 6295 6287
f 6295 6303 6304
f 6295 6304 6296
f 6296 6304 6305
f 6296 6305 6297
f 6297 6305 6306
f 6297 6306 6298
f 6298 6306 6307
f 6298 6307 6299
f 6299 6307 6308
f 6299 6308 6300
f 6300 6308 6309
f 6300 6309 6301
f 6301 6309 6310
f 6301 6310 6302
f 6302 6310 6303
f 6302 6303 6295
f 6303 6311 6312
f 6303 6312 6304
f 6304 6312 6313
f 6304 6313 6305
f 6305 6313 6314
f 6305 6314 6306
f 6306 6314 6315
f 6306 6315 6307
f 6307 6315 6316
f 6307 6316 6308
f 6308 6316 6317
f 6308 6317 6309
f 6309 6317 6318
f 6309 6318 6310
f 6310 6318 6311
f 6310 6311 6303
f 6311 6319 6320
f 6311 6320 6312
f 6312 6320 6321
f 6312 6321 6313
f 6313 6321 6322
f 6313 6322 6314
f 6314 6322 6323
f 6314 6323 6315
f 6315 6323 6324
f 6315 6324 6316
f 6316 6324 6325
f 6316 6325 6317
f 6317 6325 6326
f 6317 6326 6318
f 6318 6326 6319
f 6318 6319 6311
f 6319 6327 6328
f 6319 6328 6320
f 6320 6328 6329
f 6320 6329 6321
f 6321 6329 6330
f 6321 6330 6322
f 6322 6330 6331
f 6322 6331 6323
f 6323 6331 6332
f 6323 6332 6324
f 6324 6332 6333
f 6324 6333 6325
f 6325 6333 6334
f 6325 6334 6326
f 6326 6334 6327
f 6326 6327 6319
f 6327 6335 6336
f 6327 6336 6328
f 6328 6336 6337
f 6328 6337 6329
f 6329 6337 6338
f 6329 6338 6330
f 6330 6338 6339
f 6330 6339 6331
f 6331 6339 6340
f 6331 6340 6332
f 6332 6340 6341
f 6332 6341 6333
f 6333 6341 6342
f 6333 6342 6334
f 6334 6342 6335
f 6334 6335 6327
f 6335 6343 6344
f 6335 6344 6336
f 6336 6344 6345
f 6336 6345 6337
f 6337 6345 6346
f 6337 6346 6338
f 6338 6346 6347
f 6338 6347 6339
f 6339 6347 6348
f 6339 6348 6340
f 6340 6348 6349
f 6340 6349 6341
f 6341 6349 6350
f 6341 6350 6342
f 6342 6350 6343
f 6342 6343 6335
f 6343 6351 6352
f 6343 6352 6344
f 6344 6352 6353
f 6344 6353 6345
f 6345 6353 6354
f 6345 6354 6346
f 6346 6354 6355
f 6346 6355 6347
f 6347 6355 6356
f 6347 6356 6348
f 6348 6356 6357
f 6348 6357 6349
f 6349 6357 6358
f 6349 6358 6350
f 6350 6358 6351
f 6350 6351 6343
f 6351 6359 6360
f 6351 6360 6352
f 6352 6360 6361
f 6352 6361 6353
f 6353 6361 6362
f 6353 6362 6354
f 6354 6362 6363
f 6354 6363 6355
f 6355 6363 6364
f 6355 6364 6356
f 6356 6364 6365
f 6356 6365 6357
f 6357 6365 6366
f 6357 6366 6358
f 6358 6366 6359
f 6358 6359 6351
f 6359 6367 6368
f 6359 6368 6360
f 6360 6368 6369
f 6360 6369 6361
f 6361 6369 6370
f 6361 6370 6362
f 6362 6370 6371
f 6362 6371 6363
f 6363 6371 6372
f 6363 6372 6364
f 6364 6372 6373
f 6364 6373 6365
f 6365 6373 6374
f 6365 6374 6366
f 6366 6374 6367
f 6366 6367 6359
f 6367 6375 6376
f 6367 6376 6368
f 6368 6376 6377
f 6368 6377 6369
f 6369 6377 6378
f 6369 6378 6370
f 6370 6378 6379
f 6370 6379 6371
f 6371 6379 6380
f 6371 6380 6372
f 6372 6380 6381
f 6372 6381 6373
f 6373 6381 6382
f 6373 6382 6374
f 6374 6382 6375
f 6374 6375 6367
f 6375 6383 6384
f 6375 6384 6376
f 6376 6384 6385
f 6376 6385 6377
f 6377 6385 6386
f 6377 6386 6378
f 6378 6386 6387
f 6378 6387 6379
f 6379 6387 6388
f 6379 6388 6380
f 6380 6388 6389
f 6380 6389 6381
f 6381 6389 6390
f 6381 6390 6382
f 6382 6390 6383
f 6382 6383 6375
f 6383 6391 6392
f 6383 6392 6384
f 6384 6392 6393
f 6384 6393 6385
f 6385 6393 6394
f 6385 6394 6386
f 6386 6394 6395
f 6386 6395 6387
f 6387 6395 6396
f 6387 6396 6388
f 6388 6396 6397
f 6388 6397 6389
f 6389 6397 6398
f 6389 6398 6390
f 6390 6398 6391
f 6390 6391 6383
f 6391 6399 6400
f 6391 6400 6392
f 6392 6400 6401
f 6392 6401 6393
f 6393 6401 6402
f 6393 6402 6394
f 6394 6402 6403
f 6394 6403 6395
f 6395 6403 6404
f 6395 6404 6396
f 6396 6404 6405
f 6396 6405 6397
f 6397 6405 6406
f 6397 6406 6398
f 6398 6406 6399
f 6398 6399 6391
f 6399 6407 6408
f 6399 6408 6400
f 6400 6408 6409
f 6400 6409 6401
f 6401 6409 6410
f 6401 6410 6402
f 6402 6410 6411
f 6402 6411 6403
f 6403 6411 6412
f 6403 6412 6404
f 6404 6412 6413
f 6404 6413 6405
f 6405 6413 6414
f 6405 6414 6406
f 6406 6414 6407
f 6406 6407 6399
f 6407 6415 6416
f 6407 6416 6408
f 6408 6416 6417
f 6408 6417 6409
f 6409 6417 6418
f 6409 6418 6410
f 6410 6418 6419
f 6410 6419 6411
f 6411 6419 6420
f 6411 6420 6412
f 6412 6420 6421
f 6412 6421 6413
f 6413 6421 6422
f 6413 6422 6414
f 6414 6422 6415
f 6414 6415 6407
f 6415 6423 6424
f 6415 6424 6416
f 6416 6424 6425
f 6416 6425 6417
f 6417 6425 6426
f 6417 6426 6418
f 6418 6426 6427
f 6418 6427 6419
f 6419 6427 6428
f 6419 6428 6420
f 6420 6428 6429
f 6420 6429 6421
f 6421 6429 6430
f 6421 6430 6422
f 6422 6430 6423
f 6422 6423 6415
f 6423 6431 6432
f 6423 6432 6424
f 6424 6432 6433
f 6424 6433 6425
f 6425 6433 6434
f 6425 6434 6426
f 6426 6434 6435
f 6426 6435 6427
f 6427 6435 6436
f 6427 6436 6428
f 6428 6436 6437
f 6428 6437 6429
f 6429 6437 6438
f 6429 6438 6430
f 6430 6438 6431
f 6430 6431 6423
f 6431 6439 6440
f 6431 6440 6432
f 6432 6440 6441
f 6432 6441 6433
f 6433 6441 6442
f 6433 6442 6434
f 6434 6442 6443
f 6434 6443 6435
f 6435 6443 6444
f 6435 6444 6436
f 6436 6444 6445
f 6436 6445 6437
f 6437 6445 6446
f 6437 6446 6438
f 6438 6446 6439
f 6438 6439 6431
f 6439 6447 6448
f 6439 6448 6440
f 6440 6448 6449
f 6440 6449 6441
f 6441 6449 6450
f 6441 6450 6442
f 6442 6450 6451
f 6442 6451 6443
f 6443 6451 6452
f 6443 6452 6444
f 6444 6452 6453
f 6444 6453 6445
f 6445 6453 6454
f 6445 6454 6446
f 6446 6454 6447
f 6446 6447 6439
f 6447 6455 6456
f 6447 6456 6448
f 6448 6456 6457
f 6448 6457 6449
f 6449 6457 6458
f 6449 6458 6450
f 6450 6458 6459
f 6450 6459 6451
f 6451 6459 6460
f 6451 6460 6452
f 6452 6460 6461
f 6452 6461 6453
f 6453 6461 6462
f 6453 6462 6454
f 6454 6462 6455
f 6454 6455 6447
f 6455 6463 6464
f 6455 6464 6456
f 6456 6464 6465
f 6456 6465 6457
f 6457 6465 6466
f 6457 6466 6458
f 6458 6466 6467
f 6458 6467 6459
f 6459 6467 6468
f 6459 6468 6460
f 6460 6468 6469
f 6460 6469 6461
f 6461 6469 6470
f 6461 6470 6462
f 6462 6470 6463
f 6462 6463 6455
f 6463 6471 6472
f 6463 6472 6464
f 6464 6472 6473
f 6464 6473 6465
f 6465 6473 6474
f 6465 6474 6466
f 6466 6474 6475
f 6466 6475 6467
f 6467 6475 6476
f 6467 6476 6468
f 6468 6476 6477
f 6468 6477 6469
f 6469 6477 6478
f 6469 6478 6470
f 6470 6478 6471
f 6470 6471 6463
f 6471 6479 6480
f 6471 6480 6472
f 6472 6480 6481
f 6472 6481 6473
f 6473 6481 6482
f 6473 6482 6474
f 6474 6482 6483
f 6474 6483 6475
f 6475 6483 6484
f 6475 6484 6476
f 6476 6484 6485
f 6476 6485 6477
f 6477 6485 6486
f 6477 6486 6478
f 6478 6486 6479
f 6478 6479 6471
g tall_spring_pin
usemtl steel_dark
f 6487 6489 6490
f 6487 6490 6488
f 6489 6491 6492
f 6489 6492 6490
f 6491 6493 6494
f 6491 6494 6492
f 6493 6495 6496
f 6493 6496 6494
f 6495 6497 6498
f 6495 6498 6496
f 6497 6499 6500
f 6497 6500 6498
f 6499 6501 6502
f 6499 6502 6500
f 6501 6503 6504
f 6501 6504 6502
f 6503 6505 6506
f 6503 6506 6504
f 6505 6507 6508
f 6505 6508 6506
f 6507 6509 6510
f 6507 6510 6508
f 6509 6487 6488
f 6509 6488 6510
f 6511 6489 6487
f 6512 6488 6490
f 6511 6491 6489
f 6512 6490 6492
f 6511 6493 6491
f 6512 6492 6494
f 6511 6495 6493
f 6512 6494 6496
f 6511 6497 6495
f 6512 6496 6498
f 6511 6499 6497
f 6512 6498 6500
f 6511 6501 6499
f 6512 6500 6502
f 6511 6503 6501
f 6512 6502 6504
f 6511 6505 6503
f 6512 6504 6506
f 6511 6507 6505
f 6512 6506 6508
f 6511 6509 6507
f 6512 6508 6510
f 6511 6487 6509
f 6512 6510 6488
g choke_pivot
f 6513 6515 6516
f 6513 6516 6514
f 6515 6517 6518
f 6515 6518 6516
f 6517 6519 6520
f 6517 6520 6518
f 6519 6521 6522
f 6519 6522 6520
f 6521 6523 6524
f 6521 6524 6522
f 6523 6525 6526
f 6523 6526 6524
f 6525 6527 6528
f 6525 6528 6526
f 6527 6529 6530
f 6527 6530 6528
f 6529 6531 6532
f 6529 6532 6530
f 6531 6533 6534
f 6531 6534 6532
f 6533 6535 6536
f 6533 6536 6534
f 6535 6537 6538
f 6535 6538 6536
f 6537 6539 6540
f 6537 6540 6538
f 6539 6541 6542
f 6539 6542 6540
f 6541 6543 6544
f 6541 6544 6542
f 6543 6545 6546
f 6543 6546 6544
f 6545 6547 6548
f 6545 6548 6546
f 6547 6549 6550
f 6547 6550 6548
f 6549 6551 6552
f 6549 6552 6550
f 6551 6553 6554
f 6551 6554 6552
f 6553 6555 6556
f 6553 6556 6554
f 6555 6557 6558
f 6555 6558 6556
f 6557 6559 6560
f 6557 6560 6558
f 6559 6561 6562
f 6559 6562 6560
f 6561 6563 6564
f 6561 6564 6562
f 6563 6565 6566
f 6563 6566 6564
f 6565 6567 6568
f 6565 6568 6566
f 6567 6513 6514
f 6567 6514 6568
f 6569 6515 6513
f 6570 6514 6516
f 6569 6517 6515
f 6570 6516 6518
f 6569 6519 6517
f 6570 6518 6520
f 6569 6521 6519
f 6570 6520 6522
f 6569 6523 6521
f 6570 6522 6524
f 6569 6525 6523
f 6570 6524 6526
f 6569 6527 6525
f 6570 6526 6528
f 6569 6529 6527
f 6570 6528 6530
f 6569 6531 6529
f 6570 6530 6532
f 6569 6533 6531
f 6570 6532 6534
f 6569 6535 6533
f 6570 6534 6536
f 6569 6537 6535
f 6570 6536 6538
f 6569 6539 6537
f 6570 6538 6540
f 6569 6541 6539
f 6570 6540 6542
f 6569 6543 6541
f 6570 6542 6544
f 6569 6545 6543
f 6570 6544 6546
f 6569 6547 6545
f 6570 6546 6548
f 6569 6549 6547
f 6570 6548 6550
f 6569 6551 6549
f 6570 6550 6552
f 6569 6553 6551
f 6570 6552 6554
f 6569 6555 6553
f 6570 6554 6556
f 6569 6557 6555
f 6570 6556 6558
f 6569 6559 6557
f 6570 6558 6560
f 6569 6561 6559
f 6570 6560 6562
f 6569 6563 6561
f 6570 6562 6564
f 6569 6565 6563
f 6570 6564 6566
f 6569 6567 6565
f 6570 6566 6568
f 6569 6513 6567
f 6570 6568 6514
g curved_choke_lever_flat
usemtl steel
f 6571 6572 6573
f 6571 6573 6574
f 6575 6578 6577
f 6575 6577 6576
f 6571 6575 6576
f 6571 6576 6572
f 6572 6576 6577
f 6572 6577 6573
f 6573 6577 6578
f 6573 6578 6574
f 6574 6578 6575
f 6574 6575 6571
g curved_choke_lever_flat_end0
f 6579 6581 6582
f 6579 6582 6580
f 6581 6583 6584
f 6581 6584 6582
f 6583 6585 6586
f 6583 6586 6584
f 6585 6587 6588
f 6585 6588 6586
f 6587 6589 6590
f 6587 6590 6588
f 6589 6591 6592
f 6589 6592 6590
f 6591 6593 6594
f 6591 6594 6592
f 6593 6595 6596
f 6593 6596 6594
f 6595 6597 6598
f 6595 6598 6596
f 6597 6599 6600
f 6597 6600 6598
f 6599 6601 6602
f 6599 6602 6600
f 6601 6603 6604
f 6601 6604 6602
f 6603 6605 6606
f 6603 6606 6604
f 6605 6607 6608
f 6605 6608 6606
f 6607 6609 6610
f 6607 6610 6608
f 6609 6611 6612
f 6609 6612 6610
f 6611 6613 6614
f 6611 6614 6612
f 6613 6579 6580
f 6613 6580 6614
f 6615 6581 6579
f 6616 6580 6582
f 6615 6583 6581
f 6616 6582 6584
f 6615 6585 6583
f 6616 6584 6586
f 6615 6587 6585
f 6616 6586 6588
f 6615 6589 6587
f 6616 6588 6590
f 6615 6591 6589
f 6616 6590 6592
f 6615 6593 6591
f 6616 6592 6594
f 6615 6595 6593
f 6616 6594 6596
f 6615 6597 6595
f 6616 6596 6598
f 6615 6599 6597
f 6616 6598 6600
f 6615 6601 6599
f 6616 6600 6602
f 6615 6603 6601
f 6616 6602 6604
f 6615 6605 6603
f 6616 6604 6606
f 6615 6607 6605
f 6616 6606 6608
f 6615 6609 6607
f 6616 6608 6610
f 6615 6611 6609
f 6616 6610 6612
f 6615 6613 6611
f 6616 6612 6614
f 6615 6579 6613
f 6616 6614 6580
g curved_choke_lever_flat_end1
f 6617 6619 6620
f 6617 6620 6618
f 6619 6621 6622
f 6619 6622 6620
f 6621 6623 6624
f 6621 6624 6622
f 6623 6625 6626
f 6623 6626 6624
f 6625 6627 6628
f 6625 6628 6626
f 6627 6629 6630
f 6627 6630 6628
f 6629 6631 6632
f 6629 6632 6630
f 6631 6633 6634
f 6631 6634 6632
f 6633 6635 6636
f 6633 6636 6634
f 6635 6637 6638
f 6635 6638 6636
f 6637 6639 6640
f 6637 6640 6638
f 6639 6641 6642
f 6639 6642 6640
f 6641 6643 6644
f 6641 6644 6642
f 6643 6645 6646
f 6643 6646 6644
f 6645 6647 6648
f 6645 6648 6646
f 6647 6649 6650
f 6647 6650 6648
f 6649 6651 6652
f 6649 6652 6650
f 6651 6617 6618
f 6651 6618 6652
f 6653 6619 6617
f 6654 6618 6620
f 6653 6621 6619
f 6654 6620 6622
f 6653 6623 6621
f 6654 6622 6624
f 6653 6625 6623
f 6654 6624 6626
f 6653 6627 6625
f 6654 6626 6628
f 6653 6629 6627
f 6654 6628 6630
f 6653 6631 6629
f 6654 6630 6632
f 6653 6633 6631
f 6654 6632 6634
f 6653 6635 6633
f 6654 6634 6636
f 6653 6637 6635
f 6654 6636 6638
f 6653 6639 6637
f 6654 6638 6640
f 6653 6641 6639
f 6654 6640 6642
f 6653 6643 6641
f 6654 6642 6644
f 6653 6645 6643
f 6654 6644 6646
f 6653 6647 6645
f 6654 6646 6648
f 6653 6649 6647
f 6654 6648 6650
f 6653 6651 6649
f 6654 6650 6652
f 6653 6617 6651
f 6654 6652 6618
g black_choke_knob
usemtl rubber_dark
f 6655 6656 6657
f 6655 6657 6658
f 6659 6662 6661
f 6659 6661 6660
f 6655 6659 6660
f 6655 6660 6656
f 6656 6660 6661
f 6656 6661 6657
f 6657 6661 6662
f 6657 6662 6658
f 6658 6662 6659
f 6658 6659 6655
g side_tiny_adjustment_screw
usemtl steel
f 6663 6665 6666
f 6663 6666 6664
f 6665 6667 6668
f 6665 6668 6666
f 6667 6669 6670
f 6667 6670 6668
f 6669 6671 6672
f 6669 6672 6670
f 6671 6673 6674
f 6671 6674 6672
f 6673 6675 6676
f 6673 6676 6674
f 6675 6677 6678
f 6675 6678 6676
f 6677 6679 6680
f 6677 6680 6678
f 6679 6681 6682
f 6679 6682 6680
f 6681 6683 6684
f 6681 6684 6682
f 6683 6685 6686
f 6683 6686 6684
f 6685 6687 6688
f 6685 6688 6686
f 6687 6689 6690
f 6687 6690 6688
f 6689 6691 6692
f 6689 6692 6690
f 6691 6693 6694
f 6691 6694 6692
f 6693 6695 6696
f 6693 6696 6694
f 6695 6697 6698
f 6695 6698 6696
f 6697 6699 6700
f 6697 6700 6698
f 6699 6701 6702
f 6699 6702 6700
f 6701 6703 6704
f 6701 6704 6702
f 6703 6705 6706
f 6703 6706 6704
f 6705 6707 6708
f 6705 6708 6706
f 6707 6709 6710
f 6707 6710 6708
f 6709 6663 6664
f 6709 6664 6710
f 6711 6665 6663
f 6712 6664 6666
f 6711 6667 6665
f 6712 6666 6668
f 6711 6669 6667
f 6712 6668 6670
f 6711 6671 6669
f 6712 6670 6672
f 6711 6673 6671
f 6712 6672 6674
f 6711 6675 6673
f 6712 6674 6676
f 6711 6677 6675
f 6712 6676 6678
f 6711 6679 6677
f 6712 6678 6680
f 6711 6681 6679
f 6712 6680 6682
f 6711 6683 6681
f 6712 6682 6684
f 6711 6685 6683
f 6712 6684 6686
f 6711 6687 6685
f 6712 6686 6688
f 6711 6689 6687
f 6712 6688 6690
f 6711 6691 6689
f 6712 6690 6692
f 6711 6693 6691
f 6712 6692 6694
f 6711 6695 6693
f 6712 6694 6696
f 6711 6697 6695
f 6712 6696 6698
f 6711 6699 6697
f 6712 6698 6700
f 6711 6701 6699
f 6712 6700 6702
f 6711 6703 6701
f 6712 6702 6704
f 6711 6705 6703
f 6712 6704 6706
f 6711 6707 6705
f 6712 6706 6708
f 6711 6709 6707
f 6712 6708 6710
f 6711 6663 6709
f 6712 6710 6664
g side_tiny_adjustment_screw_slot
usemtl dark_cavity
f 6713 6714 6715
f 6713 6715 6716
f 6717 6720 6719
f 6717 6719 6718
f 6713 6717 6718
f 6713 6718 6714
f 6714 6718 6719
f 6714 6719 6715
f 6715 6719 6720
f 6715 6720 6716
f 6716 6720 6717
f 6716 6717 6713
g accelerator_pump_cylinder
usemtl cast_aluminum
f 6721 6723 6724
f 6721 6724 6722
f 6723 6725 6726
f 6723 6726 6724
f 6725 6727 6728
f 6725 6728 6726
f 6727 6729 6730
f 6727 6730 6728
f 6729 6731 6732
f 6729 6732 6730
f 6731 6733 6734
f 6731 6734 6732
f 6733 6735 6736
f 6733 6736 6734
f 6735 6737 6738
f 6735 6738 6736
f 6737 6739 6740
f 6737 6740 6738
f 6739 6741 6742
f 6739 6742 6740
f 6741 6743 6744
f 6741 6744 6742
f 6743 6745 6746
f 6743 6746 6744
f 6745 6747 6748
f 6745 6748 6746
f 6747 6749 6750
f 6747 6750 6748
f 6749 6751 6752
f 6749 6752 6750
f 6751 6753 6754
f 6751 6754 6752
f 6753 6755 6756
f 6753 6756 6754
f 6755 6757 6758
f 6755 6758 6756
f 6757 6759 6760
f 6757 6760 6758
f 6759 6761 6762
f 6759 6762 6760
f 6761 6763 6764
f 6761 6764 6762
f 6763 6765 6766
f 6763 6766 6764
f 6765 6767 6768
f 6765 6768 6766
f 6767 6721 6722
f 6767 6722 6768
f 6769 6723 6721
f 6770 6722 6724
f 6769 6725 6723
f 6770 6724 6726
f 6769 6727 6725
f 6770 6726 6728
f 6769 6729 6727
f 6770 6728 6730
f 6769 6731 6729
f 6770 6730 6732
f 6769 6733 6731
f 6770 6732 6734
f 6769 6735 6733
f 6770 6734 6736
f 6769 6737 6735
f 6770 6736 6738
f 6769 6739 6737
f 6770 6738 6740
f 6769 6741 6739
f 6770 6740 6742
f 6769 6743 6741
f 6770 6742 6744
f 6769 6745 6743
f 6770 6744 6746
f 6769 6747 6745
f 6770 6746 6748
f 6769 6749 6747
f 6770 6748 6750
f 6769 6751 6749
f 6770 6750 6752
f 6769 6753 6751
f 6770 6752 6754
f 6769 6755 6753
f 6770 6754 6756
f 6769 6757 6755
f 6770 6756 6758
f 6769 6759 6757
f 6770 6758 6760
f 6769 6761 6759
f 6770 6760 6762
f 6769 6763 6761
f 6770 6762 6764
f 6769 6765 6763
f 6770 6764 6766
f 6769 6767 6765
f 6770 6766 6768
f 6769 6721 6767
f 6770 6768 6722
g pump_external_mini_spring
usemtl spring_steel
f 6771 6779 6780
f 6771 6780 6772
f 6772 6780 6781
f 6772 6781 6773
f 6773 6781 6782
f 6773 6782 6774
f 6774 6782 6783
f 6774 6783 6775
f 6775 6783 6784
f 6775 6784 6776
f 6776 6784 6785
f 6776 6785 6777
f 6777 6785 6786
f 6777 6786 6778
f 6778 6786 6779
f 6778 6779 6771
f 6779 6787 6788
f 6779 6788 6780
f 6780 6788 6789
f 6780 6789 6781
f 6781 6789 6790
f 6781 6790 6782
f 6782 6790 6791
f 6782 6791 6783
f 6783 6791 6792
f 6783 6792 6784
f 6784 6792 6793
f 6784 6793 6785
f 6785 6793 6794
f 6785 6794 6786
f 6786 6794 6787
f 6786 6787 6779
f 6787 6795 6796
f 6787 6796 6788
f 6788 6796 6797
f 6788 6797 6789
f 6789 6797 6798
f 6789 6798 6790
f 6790 6798 6799
f 6790 6799 6791
f 6791 6799 6800
f 6791 6800 6792
f 6792 6800 6801
f 6792 6801 6793
f 6793 6801 6802
f 6793 6802 6794
f 6794 6802 6795
f 6794 6795 6787
f 6795 6803 6804
f 6795 6804 6796
f 6796 6804 6805
f 6796 6805 6797
f 6797 6805 6806
f 6797 6806 6798
f 6798 6806 6807
f 6798 6807 6799
f 6799 6807 6808
f 6799 6808 6800
f 6800 6808 6809
f 6800 6809 6801
f 6801 6809 6810
f 6801 6810 6802
f 6802 6810 6803
f 6802 6803 6795
f 6803 6811 6812
f 6803 6812 6804
f 6804 6812 6813
f 6804 6813 6805
f 6805 6813 6814
f 6805 6814 6806
f 6806 6814 6815
f 6806 6815 6807
f 6807 6815 6816
f 6807 6816 6808
f 6808 6816 6817
f 6808 6817 6809
f 6809 6817 6818
f 6809 6818 6810
f 6810 6818 6811
f 6810 6811 6803
f 6811 6819 6820
f 6811 6820 6812
f 6812 6820 6821
f 6812 6821 6813
f 6813 6821 6822
f 6813 6822 6814
f 6814 6822 6823
f 6814 6823 6815
f 6815 6823 6824
f 6815 6824 6816
f 6816 6824 6825
f 6816 6825 6817
f 6817 6825 6826
f 6817 6826 6818
f 6818 6826 6819
f 6818 6819 6811
f 6819 6827 6828
f 6819 6828 6820
f 6820 6828 6829
f 6820 6829 6821
f 6821 6829 6830
f 6821 6830 6822
f 6822 6830 6831
f 6822 6831 6823
f 6823 6831 6832
f 6823 6832 6824
f 6824 6832 6833
f 6824 6833 6825
f 6825 6833 6834
f 6825 6834 6826
f 6826 6834 6827
f 6826 6827 6819
f 6827 6835 6836
f 6827 6836 6828
f 6828 6836 6837
f 6828 6837 6829
f 6829 6837 6838
f 6829 6838 6830
f 6830 6838 6839
f 6830 6839 6831
f 6831 6839 6840
f 6831 6840 6832
f 6832 6840 6841
f 6832 6841 6833
f 6833 6841 6842
f 6833 6842 6834
f 6834 6842 6835
f 6834 6835 6827
f 6835 6843 6844
f 6835 6844 6836
f 6836 6844 6845
f 6836 6845 6837
f 6837 6845 6846
f 6837 6846 6838
f 6838 6846 6847
f 6838 6847 6839
f 6839 6847 6848
f 6839 6848 6840
f 6840 6848 6849
f 6840 6849 6841
f 6841 6849 6850
f 6841 6850 6842
f 6842 6850 6843
f 6842 6843 6835
f 6843 6851 6852
f 6843 6852 6844
f 6844 6852 6853
f 6844 6853 6845
f 6845 6853 6854
f 6845 6854 6846
f 6846 6854 6855
f 6846 6855 6847
f 6847 6855 6856
f 6847 6856 6848
f 6848 6856 6857
f 6848 6857 6849
f 6849 6857 6858
f 6849 6858 6850
f 6850 6858 6851
f 6850 6851 6843
f 6851 6859 6860
f 6851 6860 6852
f 6852 6860 6861
f 6852 6861 6853
f 6853 6861 6862
f 6853 6862 6854
f 6854 6862 6863
f 6854 6863 6855
f 6855 6863 6864
f 6855 6864 6856
f 6856 6864 6865
f 6856 6865 6857
f 6857 6865 6866
f 6857 6866 6858
f 6858 6866 6859
f 6858 6859 6851
f 6859 6867 6868
f 6859 6868 6860
f 6860 6868 6869
f 6860 6869 6861
f 6861 6869 6870
f 6861 6870 6862
f 6862 6870 6871
f 6862 6871 6863
f 6863 6871 6872
f 6863 6872 6864
f 6864 6872 6873
f 6864 6873 6865
f 6865 6873 6874
f 6865 6874 6866
f 6866 6874 6867
f 6866 6867 6859
f 6867 6875 6876
f 6867 6876 6868
f 6868 6876 6877
f 6868 6877 6869
f 6869 6877 6878
f 6869 6878 6870
f 6870 6878 6879
f 6870 6879 6871
f 6871 6879 6880
f 6871 6880 6872
f 6872 6880 6881
f 6872 6881 6873
f 6873 6881 6882
f 6873 6882 6874
f 6874 6882 6875
f 6874 6875 6867
f 6875 6883 6884
f 6875 6884 6876
f 6876 6884 6885
f 6876 6885 6877
f 6877 6885 6886
f 6877 6886 6878
f 6878 6886 6887
f 6878 6887 6879
f 6879 6887 6888
f 6879 6888 6880
f 6880 6888 6889
f 6880 6889 6881
f 6881 6889 6890
f 6881 6890 6882
f 6882 6890 6883
f 6882 6883 6875
f 6883 6891 6892
f 6883 6892 6884
f 6884 6892 6893
f 6884 6893 6885
f 6885 6893 6894
f 6885 6894 6886
f 6886 6894 6895
f 6886 6895 6887
f 6887 6895 6896
f 6887 6896 6888
f 6888 6896 6897
f 6888 6897 6889
f 6889 6897 6898
f 6889 6898 6890
f 6890 6898 6891
f 6890 6891 6883
f 6891 6899 6900
f 6891 6900 6892
f 6892 6900 6901
f 6892 6901 6893
f 6893 6901 6902
f 6893 6902 6894
f 6894 6902 6903
f 6894 6903 6895
f 6895 6903 6904
f 6895 6904 6896
f 6896 6904 6905
f 6896 6905 6897
f 6897 6905 6906
f 6897 6906 6898
f 6898 6906 6899
f 6898 6899 6891
f 6899 6907 6908
f 6899 6908 6900
f 6900 6908 6909
f 6900 6909 6901
f 6901 6909 6910
f 6901 6910 6902
f 6902 6910 6911
f 6902 6911 6903
f 6903 6911 6912
f 6903 6912 6904
f 6904 6912 6913
f 6904 6913 6905
f 6905 6913 6914
f 6905 6914 6906
f 6906 6914 6907
f 6906 6907 6899
f 6907 6915 6916
f 6907 6916 6908
f 6908 6916 6917
f 6908 6917 6909
f 6909 6917 6918
f 6909 6918 6910
f 6910 6918 6919
f 6910 6919 6911
f 6911 6919 6920
f 6911 6920 6912
f 6912 6920 6921
f 6912 6921 6913
f 6913 6921 6922
f 6913 6922 6914
f 6914 6922 6915
f 6914 6915 6907
f 6915 6923 6924
f 6915 6924 6916
f 6916 6924 6925
f 6916 6925 6917
f 6917 6925 6926
f 6917 6926 6918
f 6918 6926 6927
f 6918 6927 6919
f 6919 6927 6928
f 6919 6928 6920
f 6920 6928 6929
f 6920 6929 6921
f 6921 6929 6930
f 6921 6930 6922
f 6922 6930 6923
f 6922 6923 6915
f 6923 6931 6932
f 6923 6932 6924
f 6924 6932 6933
f 6924 6933 6925
f 6925 6933 6934
f 6925 6934 6926
f 6926 6934 6935
f 6926 6935 6927
f 6927 6935 6936
f 6927 6936 6928
f 6928 6936 6937
f 6928 6937 6929
f 6929 6937 6938
f 6929 6938 6930
f 6930 6938 6931
f 6930 6931 6923
f 6931 6939 6940
f 6931 6940 6932
f 6932 6940 6941
f 6932 6941 6933
f 6933 6941 6942
f 6933 6942 6934
f 6934 6942 6943
f 6934 6943 6935
f 6935 6943 6944
f 6935 6944 6936
f 6936 6944 6945
f 6936 6945 6937
f 6937 6945 6946
f 6937 6946 6938
f 6938 6946 6939
f 6938 6939 6931
f 6939 6947 6948
f 6939 6948 6940
f 6940 6948 6949
f 6940 6949 6941
f 6941 6949 6950
f 6941 6950 6942
f 6942 6950 6951
f 6942 6951 6943
f 6943 6951 6952
f 6943 6952 6944
f 6944 6952 6953
f 6944 6953 6945
f 6945 6953 6954
f 6945 6954 6946
f 6946 6954 6947
f 6946 6947 6939
f 6947 6955 6956
f 6947 6956 6948
f 6948 6956 6957
f 6948 6957 6949
f 6949 6957 6958
f 6949 6958 6950
f 6950 6958 6959
f 6950 6959 6951
f 6951 6959 6960
f 6951 6960 6952
f 6952 6960 6961
f 6952 6961 6953
f 6953 6961 6962
f 6953 6962 6954
f 6954 6962 6955
f 6954 6955 6947
f 6955 6963 6964
f 6955 6964 6956
f 6956 6964 6965
f 6956 6965 6957
f 6957 6965 6966
f 6957 6966 6958
f 6958 6966 6967
f 6958 6967 6959
f 6959 6967 6968
f 6959 6968 6960
f 6960 6968 6969
f 6960 6969 6961
f 6961 6969 6970
f 6961 6970 6962
f 6962 6970 6963
f 6962 6963 6955
f 6963 6971 6972
f 6963 6972 6964
f 6964 6972 6973
f 6964 6973 6965
f 6965 6973 6974
f 6965 6974 6966
f 6966 6974 6975
f 6966 6975 6967
f 6967 6975 6976
f 6967 6976 6968
f 6968 6976 6977
f 6968 6977 6969
f 6969 6977 6978
f 6969 6978 6970
f 6970 6978 6971
f 6970 6971 6963
f 6971 6979 6980
f 6971 6980 6972
f 6972 6980 6981
f 6972 6981 6973
f 6973 6981 6982
f 6973 6982 6974
f 6974 6982 6983
f 6974 6983 6975
f 6975 6983 6984
f 6975 6984 6976
f 6976 6984 6985
f 6976 6985 6977
f 6977 6985 6986
f 6977 6986 6978
f 6978 6986 6979
f 6978 6979 6971
f 6979 6987 6988
f 6979 6988 6980
f 6980 6988 6989
f 6980 6989 6981
f 6981 6989 6990
f 6981 6990 6982
f 6982 6990 6991
f 6982 6991 6983
f 6983 6991 6992
f 6983 6992 6984
f 6984 6992 6993
f 6984 6993 6985
f 6985 6993 6994
f 6985 6994 6986
f 6986 6994 6987
f 6986 6987 6979
f 6987 6995 6996
f 6987 6996 6988
f 6988 6996 6997
f 6988 6997 6989
f 6989 6997 6998
f 6989 6998 6990
f 6990 6998 6999
f 6990 6999 6991
f 6991 6999 7000
f 6991 7000 6992
f 6992 7000 7001
f 6992 7001 6993
f 6993 7001 7002
f 6993 7002 6994
f 6994 7002 6995
f 6994 6995 6987
f 6995 7003 7004
f 6995 7004 6996
f 6996 7004 7005
f 6996 7005 6997
f 6997 7005 7006
f 6997 7006 6998
f 6998 7006 7007
f 6998 7007 6999
f 6999 7007 7008
f 6999 7008 7000
f 7000 7008 7009
f 7000 7009 7001
f 7001 7009 7010
f 7001 7010 7002
f 7002 7010 7003
f 7002 7003 6995
f 7003 7011 7012
f 7003 7012 7004
f 7004 7012 7013
f 7004 7013 7005
f 7005 7013 7014
f 7005 7014 7006
f 7006 7014 7015
f 7006 7015 7007
f 7007 7015 7016
f 7007 7016 7008
f 7008 7016 7017
f 7008 7017 7009
f 7009 7017 7018
f 7009 7018 7010
f 7010 7018 7011
f 7010 7011 7003
f 7011 7019 7020
f 7011 7020 7012
f 7012 7020 7021
f 7012 7021 7013
f 7013 7021 7022
f 7013 7022 7014
f 7014 7022 7023
f 7014 7023 7015
f 7015 7023 7024
f 7015 7024 7016
f 7016 7024 7025
f 7016 7025 7017
f 7017 7025 7026
f 7017 7026 7018
f 7018 7026 7019
f 7018 7019 7011
f 7019 7027 7028
f 7019 7028 7020
f 7020 7028 7029
f 7020 7029 7021
f 7021 7029 7030
f 7021 7030 7022
f 7022 7030 7031
f 7022 7031 7023
f 7023 7031 7032
f 7023 7032 7024
f 7024 7032 7033
f 7024 7033 7025
f 7025 7033 7034
f 7025 7034 7026
f 7026 7034 7027
f 7026 7027 7019
f 7027 7035 7036
f 7027 7036 7028
f 7028 7036 7037
f 7028 7037 7029
f 7029 7037 7038
f 7029 7038 7030
f 7030 7038 7039
f 7030 7039 7031
f 7031 7039 7040
f 7031 7040 7032
f 7032 7040 7041
f 7032 7041 7033
f 7033 7041 7042
f 7033 7042 7034
f 7034 7042 7035
f 7034 7035 7027
f 7035 7043 7044
f 7035 7044 7036
f 7036 7044 7045
f 7036 7045 7037
f 7037 7045 7046
f 7037 7046 7038
f 7038 7046 7047
f 7038 7047 7039
f 7039 7047 7048
f 7039 7048 7040
f 7040 7048 7049
f 7040 7049 7041
f 7041 7049 7050
f 7041 7050 7042
f 7042 7050 7043
f 7042 7043 7035
f 7043 7051 7052
f 7043 7052 7044
f 7044 7052 7053
f 7044 7053 7045
f 7045 7053 7054
f 7045 7054 7046
f 7046 7054 7055
f 7046 7055 7047
f 7047 7055 7056
f 7047 7056 7048
f 7048 7056 7057
f 7048 7057 7049
f 7049 7057 7058
f 7049 7058 7050
f 7050 7058 7051
f 7050 7051 7043
f 7051 7059 7060
f 7051 7060 7052
f 7052 7060 7061
f 7052 7061 7053
f 7053 7061 7062
f 7053 7062 7054
f 7054 7062 7063
f 7054 7063 7055
f 7055 7063 7064
f 7055 7064 7056
f 7056 7064 7065
f 7056 7065 7057
f 7057 7065 7066
f 7057 7066 7058
f 7058 7066 7059
f 7058 7059 7051
f 7059 7067 7068
f 7059 7068 7060
f 7060 7068 7069
f 7060 7069 7061
f 7061 7069 7070
f 7061 7070 7062
f 7062 7070 7071
f 7062 7071 7063
f 7063 7071 7072
f 7063 7072 7064
f 7064 7072 7073
f 7064 7073 7065
f 7065 7073 7074
f 7065 7074 7066
f 7066 7074 7067
f 7066 7067 7059
f 7067 7075 7076
f 7067 7076 7068
f 7068 7076 7077
f 7068 7077 7069
f 7069 7077 7078
f 7069 7078 7070
f 7070 7078 7079
f 7070 7079 7071
f 7071 7079 7080
f 7071 7080 7072
f 7072 7080 7081
f 7072 7081 7073
f 7073 7081 7082
f 7073 7082 7074
f 7074 7082 7075
f 7074 7075 7067
f 7075 7083 7084
f 7075 7084 7076
f 7076 7084 7085
f 7076 7085 7077
f 7077 7085 7086
f 7077 7086 7078
f 7078 7086 7087
f 7078 7087 7079
f 7079 7087 7088
f 7079 7088 7080
f 7080 7088 7089
f 7080 7089 7081
f 7081 7089 7090
f 7081 7090 7082
f 7082 7090 7083
f 7082 7083 7075
f 7083 7091 7092
f 7083 7092 7084
f 7084 7092 7093
f 7084 7093 7085
f 7085 7093 7094
f 7085 7094 7086
f 7086 7094 7095
f 7086 7095 7087
f 7087 7095 7096
f 7087 7096 7088
f 7088 7096 7097
f 7088 7097 7089
f 7089 7097 7098
f 7089 7098 7090
f 7090 7098 7091
f 7090 7091 7083
f 7091 7099 7100
f 7091 7100 7092
f 7092 7100 7101
f 7092 7101 7093
f 7093 7101 7102
f 7093 7102 7094
f 7094 7102 7103
f 7094 7103 7095
f 7095 7103 7104
f 7095 7104 7096
f 7096 7104 7105
f 7096 7105 7097
f 7097 7105 7106
f 7097 7106 7098
f 7098 7106 7099
f 7098 7099 7091
f 7099 7107 7108
f 7099 7108 7100
f 7100 7108 7109
f 7100 7109 7101
f 7101 7109 7110
f 7101 7110 7102
f 7102 7110 7111
f 7102 7111 7103
f 7103 7111 7112
f 7103 7112 7104
f 7104 7112 7113
f 7104 7113 7105
f 7105 7113 7114
f 7105 7114 7106
f 7106 7114 7107
f 7106 7107 7099
f 7107 7115 7116
f 7107 7116 7108
f 7108 7116 7117
f 7108 7117 7109
f 7109 7117 7118
f 7109 7118 7110
f 7110 7118 7119
f 7110 7119 7111
f 7111 7119 7120
f 7111 7120 7112
f 7112 7120 7121
f 7112 7121 7113
f 7113 7121 7122
f 7113 7122 7114
f 7114 7122 7115
f 7114 7115 7107
f 7115 7123 7124
f 7115 7124 7116
f 7116 7124 7125
f 7116 7125 7117
f 7117 7125 7126
f 7117 7126 7118
f 7118 7126 7127
f 7118 7127 7119
f 7119 7127 7128
f 7119 7128 7120
f 7120 7128 7129
f 7120 7129 7121
f 7121 7129 7130
f 7121 7130 7122
f 7122 7130 7123
f 7122 7123 7115
f 7123 7131 7132
f 7123 7132 7124
f 7124 7132 7133
f 7124 7133 7125
f 7125 7133 7134
f 7125 7134 7126
f 7126 7134 7135
f 7126 7135 7127
f 7127 7135 7136
f 7127 7136 7128
f 7128 7136 7137
f 7128 7137 7129
f 7129 7137 7138
f 7129 7138 7130
f 7130 7138 7131
f 7130 7131 7123
f 7131 7139 7140
f 7131 7140 7132
f 7132 7140 7141
f 7132 7141 7133
f 7133 7141 7142
f 7133 7142 7134
f 7134 7142 7143
f 7134 7143 7135
f 7135 7143 7144
f 7135 7144 7136
f 7136 7144 7145
f 7136 7145 7137
f 7137 7145 7146
f 7137 7146 7138
f 7138 7146 7139
f 7138 7139 7131
f 7139 7147 7148
f 7139 7148 7140
f 7140 7148 7149
f 7140 7149 7141
f 7141 7149 7150
f 7141 7150 7142
f 7142 7150 7151
f 7142 7151 7143
f 7143 7151 7152
f 7143 7152 7144
f 7144 7152 7153
f 7144 7153 7145
f 7145 7153 7154
f 7145 7154 7146
f 7146 7154 7147
f 7146 7147 7139
f 7147 7155 7156
f 7147 7156 7148
f 7148 7156 7157
f 7148 7157 7149
f 7149 7157 7158
f 7149 7158 7150
f 7150 7158 7159
f 7150 7159 7151
f 7151 7159 7160
f 7151 7160 7152
f 7152 7160 7161
f 7152 7161 7153
f 7153 7161 7162
f 7153 7162 7154
f 7154 7162 7155
f 7154 7155 7147
f 7155 7163 7164
f 7155 7164 7156
f 7156 7164 7165
f 7156 7165 7157
f 7157 7165 7166
f 7157 7166 7158
f 7158 7166 7167
f 7158 7167 7159
f 7159 7167 7168
f 7159 7168 7160
f 7160 7168 7169
f 7160 7169 7161
f 7161 7169 7170
f 7161 7170 7162
f 7162 7170 7163
f 7162 7163 7155
f 7163 7171 7172
f 7163 7172 7164
f 7164 7172 7173
f 7164 7173 7165
f 7165 7173 7174
f 7165 7174 7166
f 7166 7174 7175
f 7166 7175 7167
f 7167 7175 7176
f 7167 7176 7168
f 7168 7176 7177
f 7168 7177 7169
f 7169 7177 7178
f 7169 7178 7170
f 7170 7178 7171
f 7170 7171 7163
f 7171 7179 7180
f 7171 7180 7172
f 7172 7180 7181
f 7172 7181 7173
f 7173 7181 7182
f 7173 7182 7174
f 7174 7182 7183
f 7174 7183 7175
f 7175 7183 7184
f 7175 7184 7176
f 7176 7184 7185
f 7176 7185 7177
f 7177 7185 7186
f 7177 7186 7178
f 7178 7186 7179
f 7178 7179 7171
f 7179 7187 7188
f 7179 7188 7180
f 7180 7188 7189
f 7180 7189 7181
f 7181 7189 7190
f 7181 7190 7182
f 7182 7190 7191
f 7182 7191 7183
f 7183 7191 7192
f 7183 7192 7184
f 7184 7192 7193
f 7184 7193 7185
f 7185 7193 7194
f 7185 7194 7186
f 7186 7194 7187
f 7186 7187 7179
f 7187 7195 7196
f 7187 7196 7188
f 7188 7196 7197
f 7188 7197 7189
f 7189 7197 7198
f 7189 7198 7190
f 7190 7198 7199
f 7190 7199 7191
f 7191 7199 7200
f 7191 7200 7192
f 7192 7200 7201
f 7192 7201 7193
f 7193 7201 7202
f 7193 7202 7194
f 7194 7202 7195
f 7194 7195 7187
f 7195 7203 7204
f 7195 7204 7196
f 7196 7204 7205
f 7196 7205 7197
f 7197 7205 7206
f 7197 7206 7198
f 7198 7206 7207
f 7198 7207 7199
f 7199 7207 7208
f 7199 7208 7200
f 7200 7208 7209
f 7200 7209 7201
f 7201 7209 7210
f 7201 7210 7202
f 7202 7210 7203
f 7202 7203 7195
f 7203 7211 7212
f 7203 7212 7204
f 7204 7212 7213
f 7204 7213 7205
f 7205 7213 7214
f 7205 7214 7206
f 7206 7214 7215
f 7206 7215 7207
f 7207 7215 7216
f 7207 7216 7208
f 7208 7216 7217
f 7208 7217 7209
f 7209 7217 7218
f 7209 7218 7210
f 7210 7218 7211
f 7210 7211 7203
f 7211 7219 7220
f 7211 7220 7212
f 7212 7220 7221
f 7212 7221 7213
f 7213 7221 7222
f 7213 7222 7214
f 7214 7222 7223
f 7214 7223 7215
f 7215 7223 7224
f 7215 7224 7216
f 7216 7224 7225
f 7216 7225 7217
f 7217 7225 7226
f 7217 7226 7218
f 7218 7226 7219
f 7218 7219 7211
f 7219 7227 7228
f 7219 7228 7220
f 7220 7228 7229
f 7220 7229 7221
f 7221 7229 7230
f 7221 7230 7222
f 7222 7230 7231
f 7222 7231 7223
f 7223 7231 7232
f 7223 7232 7224
f 7224 7232 7233
f 7224 7233 7225
f 7225 7233 7234
f 7225 7234 7226
f 7226 7234 7227
f 7226 7227 7219
f 7227 7235 7236
f 7227 7236 7228
f 7228 7236 7237
f 7228 7237 7229
f 7229 7237 7238
f 7229 7238 7230
f 7230 7238 7239
f 7230 7239 7231
f 7231 7239 7240
f 7231 7240 7232
f 7232 7240 7241
f 7232 7241 7233
f 7233 7241 7242
f 7233 7242 7234
f 7234 7242 7235
f 7234 7235 7227
f 7235 7243 7244
f 7235 7244 7236
f 7236 7244 7245
f 7236 7245 7237
f 7237 7245 7246
f 7237 7246 7238
f 7238 7246 7247
f 7238 7247 7239
f 7239 7247 7248
f 7239 7248 7240
f 7240 7248 7249
f 7240 7249 7241
f 7241 7249 7250
f 7241 7250 7242
f 7242 7250 7243
f 7242 7243 7235
f 7243 7251 7252
f 7243 7252 7244
f 7244 7252 7253
f 7244 7253 7245
f 7245 7253 7254
f 7245 7254 7246
f 7246 7254 7255
f 7246 7255 7247
f 7247 7255 7256
f 7247 7256 7248
f 7248 7256 7257
f 7248 7257 7249
f 7249 7257 7258
f 7249 7258 7250
f 7250 7258 7251
f 7250 7251 7243
f 7251 7259 7260
f 7251 7260 7252
f 7252 7260 7261
f 7252 7261 7253
f 7253 7261 7262
f 7253 7262 7254
f 7254 7262 7263
f 7254 7263 7255
f 7255 7263 7264
f 7255 7264 7256
f 7256 7264 7265
f 7256 7265 7257
f 7257 7265 7266
f 7257 7266 7258
f 7258 7266 7259
f 7258 7259 7251
f 7259 7267 7268
f 7259 7268 7260
f 7260 7268 7269
f 7260 7269 7261
f 7261 7269 7270
f 7261 7270 7262
f 7262 7270 7271
f 7262 7271 7263
f 7263 7271 7272
f 7263 7272 7264
f 7264 7272 7273
f 7264 7273 7265
f 7265 7273 7274
f 7265 7274 7266
f 7266 7274 7267
f 7266 7267 7259
f 7267 7275 7276
f 7267 7276 7268
f 7268 7276 7277
f 7268 7277 7269
f 7269 7277 7278
f 7269 7278 7270
f 7270 7278 7279
f 7270 7279 7271
f 7271 7279 7280
f 7271 7280 7272
f 7272 7280 7281
f 7272 7281 7273
f 7273 7281 7282
f 7273 7282 7274
f 7274 7282 7275
f 7274 7275 7267
f 7275 7283 7284
f 7275 7284 7276
f 7276 7284 7285
f 7276 7285 7277
f 7277 7285 7286
f 7277 7286 7278
f 7278 7286 7287
f 7278 7287 7279
f 7279 7287 7288
f 7279 7288 7280
f 7280 7288 7289
f 7280 7289 7281
f 7281 7289 7290
f 7281 7290 7282
f 7282 7290 7283
f 7282 7283 7275
f 7283 7291 7292
f 7283 7292 7284
f 7284 7292 7293
f 7284 7293 7285
f 7285 7293 7294
f 7285 7294 7286
f 7286 7294 7295
f 7286 7295 7287
f 7287 7295 7296
f 7287 7296 7288
f 7288 7296 7297
f 7288 7297 7289
f 7289 7297 7298
f 7289 7298 7290
f 7290 7298 7291
f 7290 7291 7283
f 7291 7299 7300
f 7291 7300 7292
f 7292 7300 7301
f 7292 7301 7293
f 7293 7301 7302
f 7293 7302 7294
f 7294 7302 7303
f 7294 7303 7295
f 7295 7303 7304
f 7295 7304 7296
f 7296 7304 7305
f 7296 7305 7297
f 7297 7305 7306
f 7297 7306 7298
f 7298 7306 7299
f 7298 7299 7291
f 7299 7307 7308
f 7299 7308 7300
f 7300 7308 7309
f 7300 7309 7301
f 7301 7309 7310
f 7301 7310 7302
f 7302 7310 7311
f 7302 7311 7303
f 7303 7311 7312
f 7303 7312 7304
f 7304 7312 7313
f 7304 7313 7305
f 7305 7313 7314
f 7305 7314 7306
f 7306 7314 7307
f 7306 7307 7299
f 7307 7315 7316
f 7307 7316 7308
f 7308 7316 7317
f 7308 7317 7309
f 7309 7317 7318
f 7309 7318 7310
f 7310 7318 7319
f 7310 7319 7311
f 7311 7319 7320
f 7311 7320 7312
f 7312 7320 7321
f 7312 7321 7313
f 7313 7321 7322
f 7313 7322 7314
f 7314 7322 7315
f 7314 7315 7307
f 7315 7323 7324
f 7315 7324 7316
f 7316 7324 7325
f 7316 7325 7317
f 7317 7325 7326
f 7317 7326 7318
f 7318 7326 7327
f 7318 7327 7319
f 7319 7327 7328
f 7319 7328 7320
f 7320 7328 7329
f 7320 7329 7321
f 7321 7329 7330
f 7321 7330 7322
f 7322 7330 7323
f 7322 7323 7315
f 7323 7331 7332
f 7323 7332 7324
f 7324 7332 7333
f 7324 7333 7325
f 7325 7333 7334
f 7325 7334 7326
f 7326 7334 7335
f 7326 7335 7327
f 7327 7335 7336
f 7327 7336 7328
f 7328 7336 7337
f 7328 7337 7329
f 7329 7337 7338
f 7329 7338 7330
f 7330 7338 7331
f 7330 7331 7323
f 7331 7339 7340
f 7331 7340 7332
f 7332 7340 7341
f 7332 7341 7333
f 7333 7341 7342
f 7333 7342 7334
f 7334 7342 7343
f 7334 7343 7335
f 7335 7343 7344
f 7335 7344 7336
f 7336 7344 7345
f 7336 7345 7337
f 7337 7345 7346
f 7337 7346 7338
f 7338 7346 7339
f 7338 7339 7331
f 7339 7347 7348
f 7339 7348 7340
f 7340 7348 7349
f 7340 7349 7341
f 7341 7349 7350
f 7341 7350 7342
f 7342 7350 7351
f 7342 7351 7343
f 7343 7351 7352
f 7343 7352 7344
f 7344 7352 7353
f 7344 7353 7345
f 7345 7353 7354
f 7345 7354 7346
f 7346 7354 7347
f 7346 7347 7339
f 7347 7355 7356
f 7347 7356 7348
f 7348 7356 7357
f 7348 7357 7349
f 7349 7357 7358
f 7349 7358 7350
f 7350 7358 7359
f 7350 7359 7351
f 7351 7359 7360
f 7351 7360 7352
f 7352 7360 7361
f 7352 7361 7353
f 7353 7361 7362
f 7353 7362 7354
f 7354 7362 7355
f 7354 7355 7347
f 7355 7363 7364
f 7355 7364 7356
f 7356 7364 7365
f 7356 7365 7357
f 7357 7365 7366
f 7357 7366 7358
f 7358 7366 7367
f 7358 7367 7359
f 7359 7367 7368
f 7359 7368 7360
f 7360 7368 7369
f 7360 7369 7361
f 7361 7369 7370
f 7361 7370 7362
f 7362 7370 7363
f 7362 7363 7355
f 7363 7371 7372
f 7363 7372 7364
f 7364 7372 7373
f 7364 7373 7365
f 7365 7373 7374
f 7365 7374 7366
f 7366 7374 7375
f 7366 7375 7367
f 7367 7375 7376
f 7367 7376 7368
f 7368 7376 7377
f 7368 7377 7369
f 7369 7377 7378
f 7369 7378 7370
f 7370 7378 7371
f 7370 7371 7363
f 7371 7379 7380
f 7371 7380 7372
f 7372 7380 7381
f 7372 7381 7373
f 7373 7381 7382
f 7373 7382 7374
f 7374 7382 7383
f 7374 7383 7375
f 7375 7383 7384
f 7375 7384 7376
f 7376 7384 7385
f 7376 7385 7377
f 7377 7385 7386
f 7377 7386 7378
f 7378 7386 7379
f 7378 7379 7371
f 7379 7387 7388
f 7379 7388 7380
f 7380 7388 7389
f 7380 7389 7381
f 7381 7389 7390
f 7381 7390 7382
f 7382 7390 7391
f 7382 7391 7383
f 7383 7391 7392
f 7383 7392 7384
f 7384 7392 7393
f 7384 7393 7385
f 7385 7393 7394
f 7385 7394 7386
f 7386 7394 7387
f 7386 7387 7379
f 7387 7395 7396
f 7387 7396 7388
f 7388 7396 7397
f 7388 7397 7389
f 7389 7397 7398
f 7389 7398 7390
f 7390 7398 7399
f 7390 7399 7391
f 7391 7399 7400
f 7391 7400 7392
f 7392 7400 7401
f 7392 7401 7393
f 7393 7401 7402
f 7393 7402 7394
f 7394 7402 7395
f 7394 7395 7387
f 7395 7403 7404
f 7395 7404 7396
f 7396 7404 7405
f 7396 7405 7397
f 7397 7405 7406
f 7397 7406 7398
f 7398 7406 7407
f 7398 7407 7399
f 7399 7407 7408
f 7399 7408 7400
f 7400 7408 7409
f 7400 7409 7401
f 7401 7409 7410
f 7401 7410 7402
f 7402 7410 7403
f 7402 7403 7395
f 7403 7411 7412
f 7403 7412 7404
f 7404 7412 7413
f 7404 7413 7405
f 7405 7413 7414
f 7405 7414 7406
f 7406 7414 7415
f 7406 7415 7407
f 7407 7415 7416
f 7407 7416 7408
f 7408 7416 7417
f 7408 7417 7409
f 7409 7417 7418
f 7409 7418 7410
f 7410 7418 7411
f 7410 7411 7403
f 7411 7419 7420
f 7411 7420 7412
f 7412 7420 7421
f 7412 7421 7413
f 7413 7421 7422
f 7413 7422 7414
f 7414 7422 7423
f 7414 7423 7415
f 7415 7423 7424
f 7415 7424 7416
f 7416 7424 7425
f 7416 7425 7417
f 7417 7425 7426
f 7417 7426 7418
f 7418 7426 7419
f 7418 7419 7411
f 7419 7427 7428
f 7419 7428 7420
f 7420 7428 7429
f 7420 7429 7421
f 7421 7429 7430
f 7421 7430 7422
f 7422 7430 7431
f 7422 7431 7423
f 7423 7431 7432
f 7423 7432 7424
f 7424 7432 7433
f 7424 7433 7425
f 7425 7433 7434
f 7425 7434 7426
f 7426 7434 7427
f 7426 7427 7419
f 7427 7435 7436
f 7427 7436 7428
f 7428 7436 7437
f 7428 7437 7429
f 7429 7437 7438
f 7429 7438 7430
f 7430 7438 7439
f 7430 7439 7431
f 7431 7439 7440
f 7431 7440 7432
f 7432 7440 7441
f 7432 7441 7433
f 7433 7441 7442
f 7433 7442 7434
f 7434 7442 7435
f 7434 7435 7427
f 7435 7443 7444
f 7435 7444 7436
f 7436 7444 7445
f 7436 7445 7437
f 7437 7445 7446
f 7437 7446 7438
f 7438 7446 7447
f 7438 7447 7439
f 7439 7447 7448
f 7439 7448 7440
f 7440 7448 7449
f 7440 7449 7441
f 7441 7449 7450
f 7441 7450 7442
f 7442 7450 7443
f 7442 7443 7435
f 7443 7451 7452
f 7443 7452 7444
f 7444 7452 7453
f 7444 7453 7445
f 7445 7453 7454
f 7445 7454 7446
f 7446 7454 7455
f 7446 7455 7447
f 7447 7455 7456
f 7447 7456 7448
f 7448 7456 7457
f 7448 7457 7449
f 7449 7457 7458
f 7449 7458 7450
f 7450 7458 7451
f 7450 7451 7443
f 7451 7459 7460
f 7451 7460 7452
f 7452 7460 7461
f 7452 7461 7453
f 7453 7461 7462
f 7453 7462 7454
f 7454 7462 7463
f 7454 7463 7455
f 7455 7463 7464
f 7455 7464 7456
f 7456 7464 7465
f 7456 7465 7457
f 7457 7465 7466
f 7457 7466 7458
f 7458 7466 7459
f 7458 7459 7451
f 7459 7467 7468
f 7459 7468 7460
f 7460 7468 7469
f 7460 7469 7461
f 7461 7469 7470
f 7461 7470 7462
f 7462 7470 7471
f 7462 7471 7463
f 7463 7471 7472
f 7463 7472 7464
f 7464 7472 7473
f 7464 7473 7465
f 7465 7473 7474
f 7465 7474 7466
f 7466 7474 7467
f 7466 7467 7459
f 7467 7475 7476
f 7467 7476 7468
f 7468 7476 7477
f 7468 7477 7469
f 7469 7477 7478
f 7469 7478 7470
f 7470 7478 7479
f 7470 7479 7471
f 7471 7479 7480
f 7471 7480 7472
f 7472 7480 7481
f 7472 7481 7473
f 7473 7481 7482
f 7473 7482 7474
f 7474 7482 7475
f 7474 7475 7467
f 7475 7483 7484
f 7475 7484 7476
f 7476 7484 7485
f 7476 7485 7477
f 7477 7485 7486
f 7477 7486 7478
f 7478 7486 7487
f 7478 7487 7479
f 7479 7487 7488
f 7479 7488 7480
f 7480 7488 7489
f 7480 7489 7481
f 7481 7489 7490
f 7481 7490 7482
f 7482 7490 7483
f 7482 7483 7475
f 7483 7491 7492
f 7483 7492 7484
f 7484 7492 7493
f 7484 7493 7485
f 7485 7493 7494
f 7485 7494 7486
f 7486 7494 7495
f 7486 7495 7487
f 7487 7495 7496
f 7487 7496 7488
f 7488 7496 7497
f 7488 7497 7489
f 7489 7497 7498
f 7489 7498 7490
f 7490 7498 7491
f 7490 7491 7483
g dual_bleed_hole_in_bell
usemtl dark_cavity
f 7499 7501 7502
f 7499 7502 7500
f 7501 7503 7504
f 7501 7504 7502
f 7503 7505 7506
f 7503 7506 7504
f 7505 7507 7508
f 7505 7508 7506
f 7507 7509 7510
f 7507 7510 7508
f 7509 7511 7512
f 7509 7512 7510
f 7511 7513 7514
f 7511 7514 7512
f 7513 7515 7516
f 7513 7516 7514
f 7515 7517 7518
f 7515 7518 7516
f 7517 7519 7520
f 7517 7520 7518
f 7519 7521 7522
f 7519 7522 7520
f 7521 7523 7524
f 7521 7524 7522
f 7523 7525 7526
f 7523 7526 7524
f 7525 7499 7500
f 7525 7500 7526
f 7527 7501 7499
f 7528 7500 7502
f 7527 7503 7501
f 7528 7502 7504
f 7527 7505 7503
f 7528 7504 7506
f 7527 7507 7505
f 7528 7506 7508
f 7527 7509 7507
f 7528 7508 7510
f 7527 7511 7509
f 7528 7510 7512
f 7527 7513 7511
f 7528 7512 7514
f 7527 7515 7513
f 7528 7514 7516
f 7527 7517 7515
f 7528 7516 7518
f 7527 7519 7517
f 7528 7518 7520
f 7527 7521 7519
f 7528 7520 7522
f 7527 7523 7521
f 7528 7522 7524
f 7527 7525 7523
f 7528 7524 7526
f 7527 7499 7525
f 7528 7526 7500
g dual_bleed_hole_lip
usemtl aluminum_light
f 7529 7534 7535
f 7529 7535 7530
f 7530 7535 7536
f 7530 7536 7531
f 7531 7536 7537
f 7531 7537 7532
f 7532 7537 7538
f 7532 7538 7533
f 7533 7538 7534
f 7533 7534 7529
f 7534 7539 7540
f 7534 7540 7535
f 7535 7540 7541
f 7535 7541 7536
f 7536 7541 7542
f 7536 7542 7537
f 7537 7542 7543
f 7537 7543 7538
f 7538 7543 7539
f 7538 7539 7534
f 7539 7544 7545
f 7539 7545 7540
f 7540 7545 7546
f 7540 7546 7541
f 7541 7546 7547
f 7541 7547 7542
f 7542 7547 7548
f 7542 7548 7543
f 7543 7548 7544
f 7543 7544 7539
f 7544 7549 7550
f 7544 7550 7545
f 7545 7550 7551
f 7545 7551 7546
f 7546 7551 7552
f 7546 7552 7547
f 7547 7552 7553
f 7547 7553 7548
f 7548 7553 7549
f 7548 7549 7544
f 7549 7554 7555
f 7549 7555 7550
f 7550 7555 7556
f 7550 7556 7551
f 7551 7556 7557
f 7551 7557 7552
f 7552 7557 7558
f 7552 7558 7553
f 7553 7558 7554
f 7553 7554 7549
f 7554 7559 7560
f 7554 7560 7555
f 7555 7560 7561
f 7555 7561 7556
f 7556 7561 7562
f 7556 7562 7557
f 7557 7562 7563
f 7557 7563 7558
f 7558 7563 7559
f 7558 7559 7554
f 7559 7564 7565
f 7559 7565 7560
f 7560 7565 7566
f 7560 7566 7561
f 7561 7566 7567
f 7561 7567 7562
f 7562 7567 7568
f 7562 7568 7563
f 7563 7568 7564
f 7563 7564 7559
f 7564 7569 7570
f 7564 7570 7565
f 7565 7570 7571
f 7565 7571 7566
f 7566 7571 7572
f 7566 7572 7567
f 7567 7572 7573
f 7567 7573 7568
f 7568 7573 7569
f 7568 7569 7564
f 7569 7574 7575
f 7569 7575 7570
f 7570 7575 7576
f 7570 7576 7571
f 7571 7576 7577
f 7571 7577 7572
f 7572 7577 7578
f 7572 7578 7573
f 7573 7578 7574
f 7573 7574 7569
f 7574 7579 7580
f 7574 7580 7575
f 7575 7580 7581
f 7575 7581 7576
f 7576 7581 7582
f 7576 7582 7577
f 7577 7582 7583
f 7577 7583 7578
f 7578 7583 7579
f 7578 7579 7574
f 7579 7584 7585
f 7579 7585 7580
f 7580 7585 7586
f 7580 7586 7581
f 7581 7586 7587
f 7581 7587 7582
f 7582 7587 7588
f 7582 7588 7583
f 7583 7588 7584
f 7583 7584 7579
f 7584 7589 7590
f 7584 7590 7585
f 7585 7590 7591
f 7585 7591 7586
f 7586 7591 7592
f 7586 7592 7587
f 7587 7592 7593
f 7587 7593 7588
f 7588 7593 7589
f 7588 7589 7584
f 7589 7594 7595
f 7589 7595 7590
f 7590 7595 7596
f 7590 7596 7591
f 7591 7596 7597
f 7591 7597 7592
f 7592 7597 7598
f 7592 7598 7593
f 7593 7598 7594
f 7593 7594 7589
f 7594 7529 7530
f 7594 7530 7595
f 7595 7530 7531
f 7595 7531 7596
f 7596 7531 7532
f 7596 7532 7597
f 7597 7532 7533
f 7597 7533 7598
f 7598 7533 7529
f 7598 7529 7594
g dual_bleed_hole_in_bell
usemtl dark_cavity
f 7599 7601 7602
f 7599 7602 7600
f 7601 7603 7604
f 7601 7604 7602
f 7603 7605 7606
f 7603 7606 7604
f 7605 7607 7608
f 7605 7608 7606
f 7607 7609 7610
f 7607 7610 7608
f 7609 7611 7612
f 7609 7612 7610
f 7611 7613 7614
f 7611 7614 7612
f 7613 7615 7616
f 7613 7616 7614
f 7615 7617 7618
f 7615 7618 7616
f 7617 7619 7620
f 7617 7620 7618
f 7619 7621 7622
f 7619 7622 7620
f 7621 7623 7624
f 7621 7624 7622
f 7623 7625 7626
f 7623 7626 7624
f 7625 7599 7600
f 7625 7600 7626
f 7627 7601 7599
f 7628 7600 7602
f 7627 7603 7601
f 7628 7602 7604
f 7627 7605 7603
f 7628 7604 7606
f 7627 7607 7605
f 7628 7606 7608
f 7627 7609 7607
f 7628 7608 7610
f 7627 7611 7609
f 7628 7610 7612
f 7627 7613 7611
f 7628 7612 7614
f 7627 7615 7613
f 7628 7614 7616
f 7627 7617 7615
f 7628 7616 7618
f 7627 7619 7617
f 7628 7618 7620
f 7627 7621 7619
f 7628 7620 7622
f 7627 7623 7621
f 7628 7622 7624
f 7627 7625 7623
f 7628 7624 7626
f 7627 7599 7625
f 7628 7626 7600
g dual_bleed_hole_lip
usemtl aluminum_light
f 7629 7634 7635
f 7629 7635 7630
f 7630 7635 7636
f 7630 7636 7631
f 7631 7636 7637
f 7631 7637 7632
f 7632 7637 7638
f 7632 7638 7633
f 7633 7638 7634
f 7633 7634 7629
f 7634 7639 7640
f 7634 7640 7635
f 7635 7640 7641
f 7635 7641 7636
f 7636 7641 7642
f 7636 7642 7637
f 7637 7642 7643
f 7637 7643 7638
f 7638 7643 7639
f 7638 7639 7634
f 7639 7644 7645
f 7639 7645 7640
f 7640 7645 7646
f 7640 7646 7641
f 7641 7646 7647
f 7641 7647 7642
f 7642 7647 7648
f 7642 7648 7643
f 7643 7648 7644
f 7643 7644 7639
f 7644 7649 7650
f 7644 7650 7645
f 7645 7650 7651
f 7645 7651 7646
f 7646 7651 7652
f 7646 7652 7647
f 7647 7652 7653
f 7647 7653 7648
f 7648 7653 7649
f 7648 7649 7644
f 7649 7654 7655
f 7649 7655 7650
f 7650 7655 7656
f 7650 7656 7651
f 7651 7656 7657
f 7651 7657 7652
f 7652 7657 7658
f 7652 7658 7653
f 7653 7658 7654
f 7653 7654 7649
f 7654 7659 7660
f 7654 7660 7655
f 7655 7660 7661
f 7655 7661 7656
f 7656 7661 7662
f 7656 7662 7657
f 7657 7662 7663
f 7657 7663 7658
f 7658 7663 7659
f 7658 7659 7654
f 7659 7664 7665
f 7659 7665 7660
f 7660 7665 7666
f 7660 7666 7661
f 7661 7666 7667
f 7661 7667 7662
f 7662 7667 7668
f 7662 7668 7663
f 7663 7668 7664
f 7663 7664 7659
f 7664 7669 7670
f 7664 7670 7665
f 7665 7670 7671
f 7665 7671 7666
f 7666 7671 7672
f 7666 7672 7667
f 7667 7672 7673
f 7667 7673 7668
f 7668 7673 7669
f 7668 7669 7664
f 7669 7674 7675
f 7669 7675 7670
f 7670 7675 7676
f 7670 7676 7671
f 7671 7676 7677
f 7671 7677 7672
f 7672 7677 7678
f 7672 7678 7673
f 7673 7678 7674
f 7673 7674 7669
f 7674 7679 7680
f 7674 7680 7675
f 7675 7680 7681
f 7675 7681 7676
f 7676 7681 7682
f 7676 7682 7677
f 7677 7682 7683
f 7677 7683 7678
f 7678 7683 7679
f 7678 7679 7674
f 7679 7684 7685
f 7679 7685 7680
f 7680 7685 7686
f 7680 7686 7681
f 7681 7686 7687
f 7681 7687 7682
f 7682 7687 7688
f 7682 7688 7683
f 7683 7688 7684
f 7683 7684 7679
f 7684 7689 7690
f 7684 7690 7685
f 7685 7690 7691
f 7685 7691 7686
f 7686 7691 7692
f 7686 7692 7687
f 7687 7692 7693
f 7687 7693 7688
f 7688 7693 7689
f 7688 7689 7684
f 7689 7694 7695
f 7689 7695 7690
f 7690 7695 7696
f 7690 7696 7691
f 7691 7696 7697
f 7691 7697 7692
f 7692 7697 7698
f 7692 7698 7693
f 7693 7698 7694
f 7693 7694 7689
f 7694 7629 7630
f 7694 7630 7695
f 7695 7630 7631
f 7695 7631 7696
f 7696 7631 7632
f 7696 7632 7697
f 7697 7632 7633
f 7697 7633 7698
f 7698 7633 7629
f 7698 7629 7694
g blind_casting_port_0
usemtl cast_aluminum
f 7699 7703 7704
f 7699 7704 7700
g blind_casting_port_0_inner
usemtl dark_cavity
f 7705 7701 7702
f 7705 7702 7706
g blind_casting_port_0_front_lip
usemtl cast_aluminum
f 7703 7699 7701
f 7703 7701 7705
g blind_casting_port_0_rear_lip
f 7700 7704 7706
f 7700 7706 7702
g blind_casting_port_0
f 7703 7707 7708
f 7703 7708 7704
g blind_casting_port_0_inner
usemtl dark_cavity
f 7709 7705 7706
f 7709 7706 7710
g blind_casting_port_0_front_lip
usemtl cast_aluminum
f 7707 7703 7705
f 7707 7705 7709
g blind_casting_port_0_rear_lip
f 7704 7708 7710
f 7704 7710 7706
g blind_casting_port_0
f 7707 7711 7712
f 7707 7712 7708
g blind_casting_port_0_inner
usemtl dark_cavity
f 7713 7709 7710
f 7713 7710 7714
g blind_casting_port_0_front_lip
usemtl cast_aluminum
f 7711 7707 7709
f 7711 7709 7713
g blind_casting_port_0_rear_lip
f 7708 7712 7714
f 7708 7714 7710
g blind_casting_port_0
f 7711 7715 7716
f 7711 7716 7712
g blind_casting_port_0_inner
usemtl dark_cavity
f 7717 7713 7714
f 7717 7714 7718
g blind_casting_port_0_front_lip
usemtl cast_aluminum
f 7715 7711 7713
f 7715 7713 7717
g blind_casting_port_0_rear_lip
f 7712 7716 7718
f 7712 7718 7714
g blind_casting_port_0
f 7715 7719 7720
f 7715 7720 7716
g blind_casting_port_0_inner
usemtl dark_cavity
f 7721 7717 7718
f 7721 7718 7722
g blind_casting_port_0_front_lip
usemtl cast_aluminum
f 7719 7715 7717
f 7719 7717 7721
g blind_casting_port_0_rear_lip
f 7716 7720 7722
f 7716 7722 7718
g blind_casting_port_0
f 7719 7723 7724
f 7719 7724 7720
g blind_casting_port_0_inner
usemtl dark_cavity
f 7725 7721 7722
f 7725 7722 7726
g blind_casting_port_0_front_lip
usemtl cast_aluminum
f 7723 7719 7721
f 7723 7721 7725
g blind_casting_port_0_rear_lip
f 7720 7724 7726
f 7720 7726 7722
g blind_casting_port_0
f 7723 7727 7728
f 7723 7728 7724
g blind_casting_port_0_inner
usemtl dark_cavity
f 7729 7725 7726
f 7729 7726 7730
g blind_casting_port_0_front_lip
usemtl cast_aluminum
f 7727 7723 7725
f 7727 7725 7729
g blind_casting_port_0_rear_lip
f 7724 7728 7730
f 7724 7730 7726
g blind_casting_port_0
f 7727 7731 7732
f 7727 7732 7728
g blind_casting_port_0_inner
usemtl dark_cavity
f 7733 7729 7730
f 7733 7730 7734
g blind_casting_port_0_front_lip
usemtl cast_aluminum
f 7731 7727 7729
f 7731 7729 7733
g blind_casting_port_0_rear_lip
f 7728 7732 7734
f 7728 7734 7730
g blind_casting_port_0
f 7731 7735 7736
f 7731 7736 7732
g blind_casting_port_0_inner
usemtl dark_cavity
f 7737 7733 7734
f 7737 7734 7738
g blind_casting_port_0_front_lip
usemtl cast_aluminum
f 7735 7731 7733
f 7735 7733 7737
g blind_casting_port_0_rear_lip
f 7732 7736 7738
f 7732 7738 7734
g blind_casting_port_0
f 7735 7739 7740
f 7735 7740 7736
g blind_casting_port_0_inner
usemtl dark_cavity
f 7741 7737 7738
f 7741 7738 7742
g blind_casting_port_0_front_lip
usemtl cast_aluminum
f 7739 7735 7737
f 7739 7737 7741
g blind_casting_port_0_rear_lip
f 7736 7740 7742
f 7736 7742 7738
g blind_casting_port_0
f 7739 7743 7744
f 7739 7744 7740
g blind_casting_port_0_inner
usemtl dark_cavity
f 7745 7741 7742
f 7745 7742 7746
g blind_casting_port_0_front_lip
usemtl cast_aluminum
f 7743 7739 7741
f 7743 7741 7745
g blind_casting_port_0_rear_lip
f 7740 7744 7746
f 7740 7746 7742
g blind_casting_port_0
f 7743 7747 7748
f 7743 7748 7744
g blind_casting_port_0_inner
usemtl dark_cavity
f 7749 7745 7746
f 7749 7746 7750
g blind_casting_port_0_front_lip
usemtl cast_aluminum
f 7747 7743 7745
f 7747 7745 7749
g blind_casting_port_0_rear_lip
f 7744 7748 7750
f 7744 7750 7746
g blind_casting_port_0
f 7747 7751 7752
f 7747 7752 7748
g blind_casting_port_0_inner
usemtl dark_cavity
f 7753 7749 7750
f 7753 7750 7754
g blind_casting_port_0_front_lip
usemtl cast_aluminum
f 7751 7747 7749
f 7751 7749 7753
g blind_casting_port_0_rear_lip
f 7748 7752 7754
f 7748 7754 7750
g blind_casting_port_0
f 7751 7755 7756
f 7751 7756 7752
g blind_casting_port_0_inner
usemtl dark_cavity
f 7757 7753 7754
f 7757 7754 7758
g blind_casting_port_0_front_lip
usemtl cast_aluminum
f 7755 7751 7753
f 7755 7753 7757
g blind_casting_port_0_rear_lip
f 7752 7756 7758
f 7752 7758 7754
g blind_casting_port_0
f 7755 7759 7760
f 7755 7760 7756
g blind_casting_port_0_inner
usemtl dark_cavity
f 7761 7757 7758
f 7761 7758 7762
g blind_casting_port_0_front_lip
usemtl cast_aluminum
f 7759 7755 7757
f 7759 7757 7761
g blind_casting_port_0_rear_lip
f 7756 7760 7762
f 7756 7762 7758
g blind_casting_port_0
f 7759 7763 7764
f 7759 7764 7760
g blind_casting_port_0_inner
usemtl dark_cavity
f 7765 7761 7762
f 7765 7762 7766
g blind_casting_port_0_front_lip
usemtl cast_aluminum
f 7763 7759 7761
f 7763 7761 7765
g blind_casting_port_0_rear_lip
f 7760 7764 7766
f 7760 7766 7762
g blind_casting_port_0
f 7763 7767 7768
f 7763 7768 7764
g blind_casting_port_0_inner
usemtl dark_cavity
f 7769 7765 7766
f 7769 7766 7770
g blind_casting_port_0_front_lip
usemtl cast_aluminum
f 7767 7763 7765
f 7767 7765 7769
g blind_casting_port_0_rear_lip
f 7764 7768 7770
f 7764 7770 7766
g blind_casting_port_0
f 7767 7699 7700
f 7767 7700 7768
g blind_casting_port_0_inner
usemtl dark_cavity
f 7701 7769 7770
f 7701 7770 7702
g blind_casting_port_0_front_lip
usemtl cast_aluminum
f 7699 7767 7769
f 7699 7769 7701
g blind_casting_port_0_rear_lip
f 7768 7700 7702
f 7768 7702 7770
g blind_casting_port_1
f 7771 7775 7776
f 7771 7776 7772
g blind_casting_port_1_inner
usemtl dark_cavity
f 7777 7773 7774
f 7777 7774 7778
g blind_casting_port_1_front_lip
usemtl cast_aluminum
f 7775 7771 7773
f 7775 7773 7777
g blind_casting_port_1_rear_lip
f 7772 7776 7778
f 7772 7778 7774
g blind_casting_port_1
f 7775 7779 7780
f 7775 7780 7776
g blind_casting_port_1_inner
usemtl dark_cavity
f 7781 7777 7778
f 7781 7778 7782
g blind_casting_port_1_front_lip
usemtl cast_aluminum
f 7779 7775 7777
f 7779 7777 7781
g blind_casting_port_1_rear_lip
f 7776 7780 7782
f 7776 7782 7778
g blind_casting_port_1
f 7779 7783 7784
f 7779 7784 7780
g blind_casting_port_1_inner
usemtl dark_cavity
f 7785 7781 7782
f 7785 7782 7786
g blind_casting_port_1_front_lip
usemtl cast_aluminum
f 7783 7779 7781
f 7783 7781 7785
g blind_casting_port_1_rear_lip
f 7780 7784 7786
f 7780 7786 7782
g blind_casting_port_1
f 7783 7787 7788
f 7783 7788 7784
g blind_casting_port_1_inner
usemtl dark_cavity
f 7789 7785 7786
f 7789 7786 7790
g blind_casting_port_1_front_lip
usemtl cast_aluminum
f 7787 7783 7785
f 7787 7785 7789
g blind_casting_port_1_rear_lip
f 7784 7788 7790
f 7784 7790 7786
g blind_casting_port_1
f 7787 7791 7792
f 7787 7792 7788
g blind_casting_port_1_inner
usemtl dark_cavity
f 7793 7789 7790
f 7793 7790 7794
g blind_casting_port_1_front_lip
usemtl cast_aluminum
f 7791 7787 7789
f 7791 7789 7793
g blind_casting_port_1_rear_lip
f 7788 7792 7794
f 7788 7794 7790
g blind_casting_port_1
f 7791 7795 7796
f 7791 7796 7792
g blind_casting_port_1_inner
usemtl dark_cavity
f 7797 7793 7794
f 7797 7794 7798
g blind_casting_port_1_front_lip
usemtl cast_aluminum
f 7795 7791 7793
f 7795 7793 7797
g blind_casting_port_1_rear_lip
f 7792 7796 7798
f 7792 7798 7794
g blind_casting_port_1
f 7795 7799 7800
f 7795 7800 7796
g blind_casting_port_1_inner
usemtl dark_cavity
f 7801 7797 7798
f 7801 7798 7802
g blind_casting_port_1_front_lip
usemtl cast_aluminum
f 7799 7795 7797
f 7799 7797 7801
g blind_casting_port_1_rear_lip
f 7796 7800 7802
f 7796 7802 7798
g blind_casting_port_1
f 7799 7803 7804
f 7799 7804 7800
g blind_casting_port_1_inner
usemtl dark_cavity
f 7805 7801 7802
f 7805 7802 7806
g blind_casting_port_1_front_lip
usemtl cast_aluminum
f 7803 7799 7801
f 7803 7801 7805
g blind_casting_port_1_rear_lip
f 7800 7804 7806
f 7800 7806 7802
g blind_casting_port_1
f 7803 7807 7808
f 7803 7808 7804
g blind_casting_port_1_inner
usemtl dark_cavity
f 7809 7805 7806
f 7809 7806 7810
g blind_casting_port_1_front_lip
usemtl cast_aluminum
f 7807 7803 7805
f 7807 7805 7809
g blind_casting_port_1_rear_lip
f 7804 7808 7810
f 7804 7810 7806
g blind_casting_port_1
f 7807 7811 7812
f 7807 7812 7808
g blind_casting_port_1_inner
usemtl dark_cavity
f 7813 7809 7810
f 7813 7810 7814
g blind_casting_port_1_front_lip
usemtl cast_aluminum
f 7811 7807 7809
f 7811 7809 7813
g blind_casting_port_1_rear_lip
f 7808 7812 7814
f 7808 7814 7810
g blind_casting_port_1
f 7811 7815 7816
f 7811 7816 7812
g blind_casting_port_1_inner
usemtl dark_cavity
f 7817 7813 7814
f 7817 7814 7818
g blind_casting_port_1_front_lip
usemtl cast_aluminum
f 7815 7811 7813
f 7815 7813 7817
g blind_casting_port_1_rear_lip
f 7812 7816 7818
f 7812 7818 7814
g blind_casting_port_1
f 7815 7819 7820
f 7815 7820 7816
g blind_casting_port_1_inner
usemtl dark_cavity
f 7821 7817 7818
f 7821 7818 7822
g blind_casting_port_1_front_lip
usemtl cast_aluminum
f 7819 7815 7817
f 7819 7817 7821
g blind_casting_port_1_rear_lip
f 7816 7820 7822
f 7816 7822 7818
g blind_casting_port_1
f 7819 7823 7824
f 7819 7824 7820
g blind_casting_port_1_inner
usemtl dark_cavity
f 7825 7821 7822
f 7825 7822 7826
g blind_casting_port_1_front_lip
usemtl cast_aluminum
f 7823 7819 7821
f 7823 7821 7825
g blind_casting_port_1_rear_lip
f 7820 7824 7826
f 7820 7826 7822
g blind_casting_port_1
f 7823 7827 7828
f 7823 7828 7824
g blind_casting_port_1_inner
usemtl dark_cavity
f 7829 7825 7826
f 7829 7826 7830
g blind_casting_port_1_front_lip
usemtl cast_aluminum
f 7827 7823 7825
f 7827 7825 7829
g blind_casting_port_1_rear_lip
f 7824 7828 7830
f 7824 7830 7826
g blind_casting_port_1
f 7827 7831 7832
f 7827 7832 7828
g blind_casting_port_1_inner
usemtl dark_cavity
f 7833 7829 7830
f 7833 7830 7834
g blind_casting_port_1_front_lip
usemtl cast_aluminum
f 7831 7827 7829
f 7831 7829 7833
g blind_casting_port_1_rear_lip
f 7828 7832 7834
f 7828 7834 7830
g blind_casting_port_1
f 7831 7835 7836
f 7831 7836 7832
g blind_casting_port_1_inner
usemtl dark_cavity
f 7837 7833 7834
f 7837 7834 7838
g blind_casting_port_1_front_lip
usemtl cast_aluminum
f 7835 7831 7833
f 7835 7833 7837
g blind_casting_port_1_rear_lip
f 7832 7836 7838
f 7832 7838 7834
g blind_casting_port_1
f 7835 7839 7840
f 7835 7840 7836
g blind_casting_port_1_inner
usemtl dark_cavity
f 7841 7837 7838
f 7841 7838 7842
g blind_casting_port_1_front_lip
usemtl cast_aluminum
f 7839 7835 7837
f 7839 7837 7841
g blind_casting_port_1_rear_lip
f 7836 7840 7842
f 7836 7842 7838
g blind_casting_port_1
f 7839 7771 7772
f 7839 7772 7840
g blind_casting_port_1_inner
usemtl dark_cavity
f 7773 7841 7842
f 7773 7842 7774
g blind_casting_port_1_front_lip
usemtl cast_aluminum
f 7771 7839 7841
f 7771 7841 7773
g blind_casting_port_1_rear_lip
f 7840 7772 7774
f 7840 7774 7842
g blind_casting_port_2
f 7843 7847 7848
f 7843 7848 7844
g blind_casting_port_2_inner
usemtl dark_cavity
f 7849 7845 7846
f 7849 7846 7850
g blind_casting_port_2_front_lip
usemtl cast_aluminum
f 7847 7843 7845
f 7847 7845 7849
g blind_casting_port_2_rear_lip
f 7844 7848 7850
f 7844 7850 7846
g blind_casting_port_2
f 7847 7851 7852
f 7847 7852 7848
g blind_casting_port_2_inner
usemtl dark_cavity
f 7853 7849 7850
f 7853 7850 7854
g blind_casting_port_2_front_lip
usemtl cast_aluminum
f 7851 7847 7849
f 7851 7849 7853
g blind_casting_port_2_rear_lip
f 7848 7852 7854
f 7848 7854 7850
g blind_casting_port_2
f 7851 7855 7856
f 7851 7856 7852
g blind_casting_port_2_inner
usemtl dark_cavity
f 7857 7853 7854
f 7857 7854 7858
g blind_casting_port_2_front_lip
usemtl cast_aluminum
f 7855 7851 7853
f 7855 7853 7857
g blind_casting_port_2_rear_lip
f 7852 7856 7858
f 7852 7858 7854
g blind_casting_port_2
f 7855 7859 7860
f 7855 7860 7856
g blind_casting_port_2_inner
usemtl dark_cavity
f 7861 7857 7858
f 7861 7858 7862
g blind_casting_port_2_front_lip
usemtl cast_aluminum
f 7859 7855 7857
f 7859 7857 7861
g blind_casting_port_2_rear_lip
f 7856 7860 7862
f 7856 7862 7858
g blind_casting_port_2
f 7859 7863 7864
f 7859 7864 7860
g blind_casting_port_2_inner
usemtl dark_cavity
f 7865 7861 7862
f 7865 7862 7866
g blind_casting_port_2_front_lip
usemtl cast_aluminum
f 7863 7859 7861
f 7863 7861 7865
g blind_casting_port_2_rear_lip
f 7860 7864 7866
f 7860 7866 7862
g blind_casting_port_2
f 7863 7867 7868
f 7863 7868 7864
g blind_casting_port_2_inner
usemtl dark_cavity
f 7869 7865 7866
f 7869 7866 7870
g blind_casting_port_2_front_lip
usemtl cast_aluminum
f 7867 7863 7865
f 7867 7865 7869
g blind_casting_port_2_rear_lip
f 7864 7868 7870
f 7864 7870 7866
g blind_casting_port_2
f 7867 7871 7872
f 7867 7872 7868
g blind_casting_port_2_inner
usemtl dark_cavity
f 7873 7869 7870
f 7873 7870 7874
g blind_casting_port_2_front_lip
usemtl cast_aluminum
f 7871 7867 7869
f 7871 7869 7873
g blind_casting_port_2_rear_lip
f 7868 7872 7874
f 7868 7874 7870
g blind_casting_port_2
f 7871 7875 7876
f 7871 7876 7872
g blind_casting_port_2_inner
usemtl dark_cavity
f 7877 7873 7874
f 7877 7874 7878
g blind_casting_port_2_front_lip
usemtl cast_aluminum
f 7875 7871 7873
f 7875 7873 7877
g blind_casting_port_2_rear_lip
f 7872 7876 7878
f 7872 7878 7874
g blind_casting_port_2
f 7875 7879 7880
f 7875 7880 7876
g blind_casting_port_2_inner
usemtl dark_cavity
f 7881 7877 7878
f 7881 7878 7882
g blind_casting_port_2_front_lip
usemtl cast_aluminum
f 7879 7875 7877
f 7879 7877 7881
g blind_casting_port_2_rear_lip
f 7876 7880 7882
f 7876 7882 7878
g blind_casting_port_2
f 7879 7883 7884
f 7879 7884 7880
g blind_casting_port_2_inner
usemtl dark_cavity
f 7885 7881 7882
f 7885 7882 7886
g blind_casting_port_2_front_lip
usemtl cast_aluminum
f 7883 7879 7881
f 7883 7881 7885
g blind_casting_port_2_rear_lip
f 7880 7884 7886
f 7880 7886 7882
g blind_casting_port_2
f 7883 7887 7888
f 7883 7888 7884
g blind_casting_port_2_inner
usemtl dark_cavity
f 7889 7885 7886
f 7889 7886 7890
g blind_casting_port_2_front_lip
usemtl cast_aluminum
f 7887 7883 7885
f 7887 7885 7889
g blind_casting_port_2_rear_lip
f 7884 7888 7890
f 7884 7890 7886
g blind_casting_port_2
f 7887 7891 7892
f 7887 7892 7888
g blind_casting_port_2_inner
usemtl dark_cavity
f 7893 7889 7890
f 7893 7890 7894
g blind_casting_port_2_front_lip
usemtl cast_aluminum
f 7891 7887 7889
f 7891 7889 7893
g blind_casting_port_2_rear_lip
f 7888 7892 7894
f 7888 7894 7890
g blind_casting_port_2
f 7891 7895 7896
f 7891 7896 7892
g blind_casting_port_2_inner
usemtl dark_cavity
f 7897 7893 7894
f 7897 7894 7898
g blind_casting_port_2_front_lip
usemtl cast_aluminum
f 7895 7891 7893
f 7895 7893 7897
g blind_casting_port_2_rear_lip
f 7892 7896 7898
f 7892 7898 7894
g blind_casting_port_2
f 7895 7899 7900
f 7895 7900 7896
g blind_casting_port_2_inner
usemtl dark_cavity
f 7901 7897 7898
f 7901 7898 7902
g blind_casting_port_2_front_lip
usemtl cast_aluminum
f 7899 7895 7897
f 7899 7897 7901
g blind_casting_port_2_rear_lip
f 7896 7900 7902
f 7896 7902 7898
g blind_casting_port_2
f 7899 7903 7904
f 7899 7904 7900
g blind_casting_port_2_inner
usemtl dark_cavity
f 7905 7901 7902
f 7905 7902 7906
g blind_casting_port_2_front_lip
usemtl cast_aluminum
f 7903 7899 7901
f 7903 7901 7905
g blind_casting_port_2_rear_lip
f 7900 7904 7906
f 7900 7906 7902
g blind_casting_port_2
f 7903 7907 7908
f 7903 7908 7904
g blind_casting_port_2_inner
usemtl dark_cavity
f 7909 7905 7906
f 7909 7906 7910
g blind_casting_port_2_front_lip
usemtl cast_aluminum
f 7907 7903 7905
f 7907 7905 7909
g blind_casting_port_2_rear_lip
f 7904 7908 7910
f 7904 7910 7906
g blind_casting_port_2
f 7907 7911 7912
f 7907 7912 7908
g blind_casting_port_2_inner
usemtl dark_cavity
f 7913 7909 7910
f 7913 7910 7914
g blind_casting_port_2_front_lip
usemtl cast_aluminum
f 7911 7907 7909
f 7911 7909 7913
g blind_casting_port_2_rear_lip
f 7908 7912 7914
f 7908 7914 7910
g blind_casting_port_2
f 7911 7843 7844
f 7911 7844 7912
g blind_casting_port_2_inner
usemtl dark_cavity
f 7845 7913 7914
f 7845 7914 7846
g blind_casting_port_2_front_lip
usemtl cast_aluminum
f 7843 7911 7913
f 7843 7913 7845
g blind_casting_port_2_rear_lip
f 7912 7844 7846
f 7912 7846 7914
g blind_casting_port_3
f 7915 7919 7920
f 7915 7920 7916
g blind_casting_port_3_inner
usemtl dark_cavity
f 7921 7917 7918
f 7921 7918 7922
g blind_casting_port_3_front_lip
usemtl cast_aluminum
f 7919 7915 7917
f 7919 7917 7921
g blind_casting_port_3_rear_lip
f 7916 7920 7922
f 7916 7922 7918
g blind_casting_port_3
f 7919 7923 7924
f 7919 7924 7920
g blind_casting_port_3_inner
usemtl dark_cavity
f 7925 7921 7922
f 7925 7922 7926
g blind_casting_port_3_front_lip
usemtl cast_aluminum
f 7923 7919 7921
f 7923 7921 7925
g blind_casting_port_3_rear_lip
f 7920 7924 7926
f 7920 7926 7922
g blind_casting_port_3
f 7923 7927 7928
f 7923 7928 7924
g blind_casting_port_3_inner
usemtl dark_cavity
f 7929 7925 7926
f 7929 7926 7930
g blind_casting_port_3_front_lip
usemtl cast_aluminum
f 7927 7923 7925
f 7927 7925 7929
g blind_casting_port_3_rear_lip
f 7924 7928 7930
f 7924 7930 7926
g blind_casting_port_3
f 7927 7931 7932
f 7927 7932 7928
g blind_casting_port_3_inner
usemtl dark_cavity
f 7933 7929 7930
f 7933 7930 7934
g blind_casting_port_3_front_lip
usemtl cast_aluminum
f 7931 7927 7929
f 7931 7929 7933
g blind_casting_port_3_rear_lip
f 7928 7932 7934
f 7928 7934 7930
g blind_casting_port_3
f 7931 7935 7936
f 7931 7936 7932
g blind_casting_port_3_inner
usemtl dark_cavity
f 7937 7933 7934
f 7937 7934 7938
g blind_casting_port_3_front_lip
usemtl cast_aluminum
f 7935 7931 7933
f 7935 7933 7937
g blind_casting_port_3_rear_lip
f 7932 7936 7938
f 7932 7938 7934
g blind_casting_port_3
f 7935 7939 7940
f 7935 7940 7936
g blind_casting_port_3_inner
usemtl dark_cavity
f 7941 7937 7938
f 7941 7938 7942
g blind_casting_port_3_front_lip
usemtl cast_aluminum
f 7939 7935 7937
f 7939 7937 7941
g blind_casting_port_3_rear_lip
f 7936 7940 7942
f 7936 7942 7938
g blind_casting_port_3
f 7939 7943 7944
f 7939 7944 7940
g blind_casting_port_3_inner
usemtl dark_cavity
f 7945 7941 7942
f 7945 7942 7946
g blind_casting_port_3_front_lip
usemtl cast_aluminum
f 7943 7939 7941
f 7943 7941 7945
g blind_casting_port_3_rear_lip
f 7940 7944 7946
f 7940 7946 7942
g blind_casting_port_3
f 7943 7947 7948
f 7943 7948 7944
g blind_casting_port_3_inner
usemtl dark_cavity
f 7949 7945 7946
f 7949 7946 7950
g blind_casting_port_3_front_lip
usemtl cast_aluminum
f 7947 7943 7945
f 7947 7945 7949
g blind_casting_port_3_rear_lip
f 7944 7948 7950
f 7944 7950 7946
g blind_casting_port_3
f 7947 7951 7952
f 7947 7952 7948
g blind_casting_port_3_inner
usemtl dark_cavity
f 7953 7949 7950
f 7953 7950 7954
g blind_casting_port_3_front_lip
usemtl cast_aluminum
f 7951 7947 7949
f 7951 7949 7953
g blind_casting_port_3_rear_lip
f 7948 7952 7954
f 7948 7954 7950
g blind_casting_port_3
f 7951 7955 7956
f 7951 7956 7952
g blind_casting_port_3_inner
usemtl dark_cavity
f 7957 7953 7954
f 7957 7954 7958
g blind_casting_port_3_front_lip
usemtl cast_aluminum
f 7955 7951 7953
f 7955 7953 7957
g blind_casting_port_3_rear_lip
f 7952 7956 7958
f 7952 7958 7954
g blind_casting_port_3
f 7955 7959 7960
f 7955 7960 7956
g blind_casting_port_3_inner
usemtl dark_cavity
f 7961 7957 7958
f 7961 7958 7962
g blind_casting_port_3_front_lip
usemtl cast_aluminum
f 7959 7955 7957
f 7959 7957 7961
g blind_casting_port_3_rear_lip
f 7956 7960 7962
f 7956 7962 7958
g blind_casting_port_3
f 7959 7963 7964
f 7959 7964 7960
g blind_casting_port_3_inner
usemtl dark_cavity
f 7965 7961 7962
f 7965 7962 7966
g blind_casting_port_3_front_lip
usemtl cast_aluminum
f 7963 7959 7961
f 7963 7961 7965
g blind_casting_port_3_rear_lip
f 7960 7964 7966
f 7960 7966 7962
g blind_casting_port_3
f 7963 7967 7968
f 7963 7968 7964
g blind_casting_port_3_inner
usemtl dark_cavity
f 7969 7965 7966
f 7969 7966 7970
g blind_casting_port_3_front_lip
usemtl cast_aluminum
f 7967 7963 7965
f 7967 7965 7969
g blind_casting_port_3_rear_lip
f 7964 7968 7970
f 7964 7970 7966
g blind_casting_port_3
f 7967 7971 7972
f 7967 7972 7968
g blind_casting_port_3_inner
usemtl dark_cavity
f 7973 7969 7970
f 7973 7970 7974
g blind_casting_port_3_front_lip
usemtl cast_aluminum
f 7971 7967 7969
f 7971 7969 7973
g blind_casting_port_3_rear_lip
f 7968 7972 7974
f 7968 7974 7970
g blind_casting_port_3
f 7971 7975 7976
f 7971 7976 7972
g blind_casting_port_3_inner
usemtl dark_cavity
f 7977 7973 7974
f 7977 7974 7978
g blind_casting_port_3_front_lip
usemtl cast_aluminum
f 7975 7971 7973
f 7975 7973 7977
g blind_casting_port_3_rear_lip
f 7972 7976 7978
f 7972 7978 7974
g blind_casting_port_3
f 7975 7979 7980
f 7975 7980 7976
g blind_casting_port_3_inner
usemtl dark_cavity
f 7981 7977 7978
f 7981 7978 7982
g blind_casting_port_3_front_lip
usemtl cast_aluminum
f 7979 7975 7977
f 7979 7977 7981
g blind_casting_port_3_rear_lip
f 7976 7980 7982
f 7976 7982 7978
g blind_casting_port_3
f 7979 7983 7984
f 7979 7984 7980
g blind_casting_port_3_inner
usemtl dark_cavity
f 7985 7981 7982
f 7985 7982 7986
g blind_casting_port_3_front_lip
usemtl cast_aluminum
f 7983 7979 7981
f 7983 7981 7985
g blind_casting_port_3_rear_lip
f 7980 7984 7986
f 7980 7986 7982
g blind_casting_port_3
f 7983 7915 7916
f 7983 7916 7984
g blind_casting_port_3_inner
usemtl dark_cavity
f 7917 7985 7986
f 7917 7986 7918
g blind_casting_port_3_front_lip
usemtl cast_aluminum
f 7915 7983 7985
f 7915 7985 7917
g blind_casting_port_3_rear_lip
f 7984 7916 7918
f 7984 7918 7986
g tower_casting_seam_0
usemtl aluminum_light
f 7987 7993 7994
f 7987 7994 7988
f 7988 7994 7995
f 7988 7995 7989
f 7989 7995 7996
f 7989 7996 7990
f 7990 7996 7997
f 7990 7997 7991
f 7991 7997 7998
f 7991 7998 7992
f 7992 7998 7993
f 7992 7993 7987
f 7993 7999 8000
f 7993 8000 7994
f 7994 8000 8001
f 7994 8001 7995
f 7995 8001 8002
f 7995 8002 7996
f 7996 8002 8003
f 7996 8003 7997
f 7997 8003 8004
f 7997 8004 7998
f 7998 8004 7999
f 7998 7999 7993
f 7999 8005 8006
f 7999 8006 8000
f 8000 8006 8007
f 8000 8007 8001
f 8001 8007 8008
f 8001 8008 8002
f 8002 8008 8009
f 8002 8009 8003
f 8003 8009 8010
f 8003 8010 8004
f 8004 8010 8005
f 8004 8005 7999
f 8005 8011 8012
f 8005 8012 8006
f 8006 8012 8013
f 8006 8013 8007
f 8007 8013 8014
f 8007 8014 8008
f 8008 8014 8015
f 8008 8015 8009
f 8009 8015 8016
f 8009 8016 8010
f 8010 8016 8011
f 8010 8011 8005
f 8011 8017 8018
f 8011 8018 8012
f 8012 8018 8019
f 8012 8019 8013
f 8013 8019 8020
f 8013 8020 8014
f 8014 8020 8021
f 8014 8021 8015
f 8015 8021 8022
f 8015 8022 8016
f 8016 8022 8017
f 8016 8017 8011
f 8017 8023 8024
f 8017 8024 8018
f 8018 8024 8025
f 8018 8025 8019
f 8019 8025 8026
f 8019 8026 8020
f 8020 8026 8027
f 8020 8027 8021
f 8021 8027 8028
f 8021 8028 8022
f 8022 8028 8023
f 8022 8023 8017
f 8023 8029 8030
f 8023 8030 8024
f 8024 8030 8031
f 8024 8031 8025
f 8025 8031 8032
f 8025 8032 8026
f 8026 8032 8033
f 8026 8033 8027
f 8027 8033 8034
f 8027 8034 8028
f 8028 8034 8029
f 8028 8029 8023
f 8029 8035 8036
f 8029 8036 8030
f 8030 8036 8037
f 8030 8037 8031
f 8031 8037 8038
f 8031 8038 8032
f 8032 8038 8039
f 8032 8039 8033
f 8033 8039 8040
f 8033 8040 8034
f 8034 8040 8035
f 8034 8035 8029
f 8035 8041 8042
f 8035 8042 8036
f 8036 8042 8043
f 8036 8043 8037
f 8037 8043 8044
f 8037 8044 8038
f 8038 8044 8045
f 8038 8045 8039
f 8039 8045 8046
f 8039 8046 8040
f 8040 8046 8041
f 8040 8041 8035
f 8041 8047 8048
f 8041 8048 8042
f 8042 8048 8049
f 8042 8049 8043
f 8043 8049 8050
f 8043 8050 8044
f 8044 8050 8051
f 8044 8051 8045
f 8045 8051 8052
f 8045 8052 8046
f 8046 8052 8047
f 8046 8047 8041
f 8047 8053 8054
f 8047 8054 8048
f 8048 8054 8055
f 8048 8055 8049
f 8049 8055 8056
f 8049 8056 8050
f 8050 8056 8057
f 8050 8057 8051
f 8051 8057 8058
f 8051 8058 8052
f 8052 8058 8053
f 8052 8053 8047
f 8053 8059 8060
f 8053 8060 8054
f 8054 8060 8061
f 8054 8061 8055
f 8055 8061 8062
f 8055 8062 8056
f 8056 8062 8063
f 8056 8063 8057
f 8057 8063 8064
f 8057 8064 8058
f 8058 8064 8059
f 8058 8059 8053
f 8059 8065 8066
f 8059 8066 8060
f 8060 8066 8067
f 8060 8067 8061
f 8061 8067 8068
f 8061 8068 8062
f 8062 8068 8069
f 8062 8069 8063
f 8063 8069 8070
f 8063 8070 8064
f 8064 8070 8065
f 8064 8065 8059
f 8065 8071 8072
f 8065 8072 8066
f 8066 8072 8073
f 8066 8073 8067
f 8067 8073 8074
f 8067 8074 8068
f 8068 8074 8075
f 8068 8075 8069
f 8069 8075 8076
f 8069 8076 8070
f 8070 8076 8071
f 8070 8071 8065
f 8071 8077 8078
f 8071 8078 8072
f 8072 8078 8079
f 8072 8079 8073
f 8073 8079 8080
f 8073 8080 8074
f 8074 8080 8081
f 8074 8081 8075
f 8075 8081 8082
f 8075 8082 8076
f 8076 8082 8077
f 8076 8077 8071
f 8077 8083 8084
f 8077 8084 8078
f 8078 8084 8085
f 8078 8085 8079
f 8079 8085 8086
f 8079 8086 8080
f 8080 8086 8087
f 8080 8087 8081
f 8081 8087 8088
f 8081 8088 8082
f 8082 8088 8083
f 8082 8083 8077
f 8083 8089 8090
f 8083 8090 8084
f 8084 8090 8091
f 8084 8091 8085
f 8085 8091 8092
f 8085 8092 8086
f 8086 8092 8093
f 8086 8093 8087
f 8087 8093 8094
f 8087 8094 8088
f 8088 8094 8089
f 8088 8089 8083
f 8089 8095 8096
f 8089 8096 8090
f 8090 8096 8097
f 8090 8097 8091
f 8091 8097 8098
f 8091 8098 8092
f 8092 8098 8099
f 8092 8099 8093
f 8093 8099 8100
f 8093 8100 8094
f 8094 8100 8095
f 8094 8095 8089
f 8095 8101 8102
f 8095 8102 8096
f 8096 8102 8103
f 8096 8103 8097
f 8097 8103 8104
f 8097 8104 8098
f 8098 8104 8105
f 8098 8105 8099
f 8099 8105 8106
f 8099 8106 8100
f 8100 8106 8101
f 8100 8101 8095
f 8101 8107 8108
f 8101 8108 8102
f 8102 8108 8109
f 8102 8109 8103
f 8103 8109 8110
f 8103 8110 8104
f 8104 8110 8111
f 8104 8111 8105
f 8105 8111 8112
f 8105 8112 8106
f 8106 8112 8107
f 8106 8107 8101
f 8107 8113 8114
f 8107 8114 8108
f 8108 8114 8115
f 8108 8115 8109
f 8109 8115 8116
f 8109 8116 8110
f 8110 8116 8117
f 8110 8117 8111
f 8111 8117 8118
f 8111 8118 8112
f 8112 8118 8113
f 8112 8113 8107
f 8113 8119 8120
f 8113 8120 8114
f 8114 8120 8121
f 8114 8121 8115
f 8115 8121 8122
f 8115 8122 8116
f 8116 8122 8123
f 8116 8123 8117
f 8117 8123 8124
f 8117 8124 8118
f 8118 8124 8119
f 8118 8119 8113
f 8119 8125 8126
f 8119 8126 8120
f 8120 8126 8127
f 8120 8127 8121
f 8121 8127 8128
f 8121 8128 8122
f 8122 8128 8129
f 8122 8129 8123
f 8123 8129 8130
f 8123 8130 8124
f 8124 8130 8125
f 8124 8125 8119
f 8125 8131 8132
f 8125 8132 8126
f 8126 8132 8133
f 8126 8133 8127
f 8127 8133 8134
f 8127 8134 8128
f 8128 8134 8135
f 8128 8135 8129
f 8129 8135 8136
f 8129 8136 8130
f 8130 8136 8131
f 8130 8131 8125
f 8131 8137 8138
f 8131 8138 8132
f 8132 8138 8139
f 8132 8139 8133
f 8133 8139 8140
f 8133 8140 8134
f 8134 8140 8141
f 8134 8141 8135
f 8135 8141 8142
f 8135 8142 8136
f 8136 8142 8137
f 8136 8137 8131
f 8137 8143 8144
f 8137 8144 8138
f 8138 8144 8145
f 8138 8145 8139
f 8139 8145 8146
f 8139 8146 8140
f 8140 8146 8147
f 8140 8147 8141
f 8141 8147 8148
f 8141 8148 8142
f 8142 8148 8143
f 8142 8143 8137
f 8143 8149 8150
f 8143 8150 8144
f 8144 8150 8151
f 8144 8151 8145
f 8145 8151 8152
f 8145 8152 8146
f 8146 8152 8153
f 8146 8153 8147
f 8147 8153 8154
f 8147 8154 8148
f 8148 8154 8149
f 8148 8149 8143
f 8149 8155 8156
f 8149 8156 8150
f 8150 8156 8157
f 8150 8157 8151
f 8151 8157 8158
f 8151 8158 8152
f 8152 8158 8159
f 8152 8159 8153
f 8153 8159 8160
f 8153 8160 8154
f 8154 8160 8155
f 8154 8155 8149
f 8155 8161 8162
f 8155 8162 8156
f 8156 8162 8163
f 8156 8163 8157
f 8157 8163 8164
f 8157 8164 8158
f 8158 8164 8165
f 8158 8165 8159
f 8159 8165 8166
f 8159 8166 8160
f 8160 8166 8161
f 8160 8161 8155
f 8161 8167 8168
f 8161 8168 8162
f 8162 8168 8169
f 8162 8169 8163
f 8163 8169 8170
f 8163 8170 8164
f 8164 8170 8171
f 8164 8171 8165
f 8165 8171 8172
f 8165 8172 8166
f 8166 8172 8167
f 8166 8167 8161
f 8167 8173 8174
f 8167 8174 8168
f 8168 8174 8175
f 8168 8175 8169
f 8169 8175 8176
f 8169 8176 8170
f 8170 8176 8177
f 8170 8177 8171
f 8171 8177 8178
f 8171 8178 8172
f 8172 8178 8173
f 8172 8173 8167
f 8173 8179 8180
f 8173 8180 8174
f 8174 8180 8181
f 8174 8181 8175
f 8175 8181 8182
f 8175 8182 8176
f 8176 8182 8183
f 8176 8183 8177
f 8177 8183 8184
f 8177 8184 8178
f 8178 8184 8179
f 8178 8179 8173
f 8179 8185 8186
f 8179 8186 8180
f 8180 8186 8187
f 8180 8187 8181
f 8181 8187 8188
f 8181 8188 8182
f 8182 8188 8189
f 8182 8189 8183
f 8183 8189 8190
f 8183 8190 8184
f 8184 8190 8185
f 8184 8185 8179
f 8185 8191 8192
f 8185 8192 8186
f 8186 8192 8193
f 8186 8193 8187
f 8187 8193 8194
f 8187 8194 8188
f 8188 8194 8195
f 8188 8195 8189
f 8189 8195 8196
f 8189 8196 8190
f 8190 8196 8191
f 8190 8191 8185
f 8191 8197 8198
f 8191 8198 8192
f 8192 8198 8199
f 8192 8199 8193
f 8193 8199 8200
f 8193 8200 8194
f 8194 8200 8201
f 8194 8201 8195
f 8195 8201 8202
f 8195 8202 8196
f 8196 8202 8197
f 8196 8197 8191
f 8197 8203 8204
f 8197 8204 8198
f 8198 8204 8205
f 8198 8205 8199
f 8199 8205 8206
f 8199 8206 8200
f 8200 8206 8207
f 8200 8207 8201
f 8201 8207 8208
f 8201 8208 8202
f 8202 8208 8203
f 8202 8203 8197
f 8203 8209 8210
f 8203 8210 8204
f 8204 8210 8211
f 8204 8211 8205
f 8205 8211 8212
f 8205 8212 8206
f 8206 8212 8213
f 8206 8213 8207
f 8207 8213 8214
f 8207 8214 8208
f 8208 8214 8209
f 8208 8209 8203
f 8209 8215 8216
f 8209 8216 8210
f 8210 8216 8217
f 8210 8217 8211
f 8211 8217 8218
f 8211 8218 8212
f 8212 8218 8219
f 8212 8219 8213
f 8213 8219 8220
f 8213 8220 8214
f 8214 8220 8215
f 8214 8215 8209
f 8215 8221 8222
f 8215 8222 8216
f 8216 8222 8223
f 8216 8223 8217
f 8217 8223 8224
f 8217 8224 8218
f 8218 8224 8225
f 8218 8225 8219
f 8219 8225 8226
f 8219 8226 8220
f 8220 8226 8221
f 8220 8221 8215
f 8221 8227 8228
f 8221 8228 8222
f 8222 8228 8229
f 8222 8229 8223
f 8223 8229 8230
f 8223 8230 8224
f 8224 8230 8231
f 8224 8231 8225
f 8225 8231 8232
f 8225 8232 8226
f 8226 8232 8227
f 8226 8227 8221
f 8227 8233 8234
f 8227 8234 8228
f 8228 8234 8235
f 8228 8235 8229
f 8229 8235 8236
f 8229 8236 8230
f 8230 8236 8237
f 8230 8237 8231
f 8231 8237 8238
f 8231 8238 8232
f 8232 8238 8233
f 8232 8233 8227
f 8233 8239 8240
f 8233 8240 8234
f 8234 8240 8241
f 8234 8241 8235
f 8235 8241 8242
f 8235 8242 8236
f 8236 8242 8243
f 8236 8243 8237
f 8237 8243 8244
f 8237 8244 8238
f 8238 8244 8239
f 8238 8239 8233
f 8239 8245 8246
f 8239 8246 8240
f 8240 8246 8247
f 8240 8247 8241
f 8241 8247 8248
f 8241 8248 8242
f 8242 8248 8249
f 8242 8249 8243
f 8243 8249 8250
f 8243 8250 8244
f 8244 8250 8245
f 8244 8245 8239
f 8245 8251 8252
f 8245 8252 8246
f 8246 8252 8253
f 8246 8253 8247
f 8247 8253 8254
f 8247 8254 8248
f 8248 8254 8255
f 8248 8255 8249
f 8249 8255 8256
f 8249 8256 8250
f 8250 8256 8251
f 8250 8251 8245
f 8251 8257 8258
f 8251 8258 8252
f 8252 8258 8259
f 8252 8259 8253
f 8253 8259 8260
f 8253 8260 8254
f 8254 8260 8261
f 8254 8261 8255
f 8255 8261 8262
f 8255 8262 8256
f 8256 8262 8257
f 8256 8257 8251
f 8257 8263 8264
f 8257 8264 8258
f 8258 8264 8265
f 8258 8265 8259
f 8259 8265 8266
f 8259 8266 8260
f 8260 8266 8267
f 8260 8267 8261
f 8261 8267 8268
f 8261 8268 8262
f 8262 8268 8263
f 8262 8263 8257
f 8263 8269 8270
f 8263 8270 8264
f 8264 8270 8271
f 8264 8271 8265
f 8265 8271 8272
f 8265 8272 8266
f 8266 8272 8273
f 8266 8273 8267
f 8267 8273 8274
f 8267 8274 8268
f 8268 8274 8269
f 8268 8269 8263
f 8269 7987 7988
f 8269 7988 8270
f 8270 7988 7989
f 8270 7989 8271
f 8271 7989 7990
f 8271 7990 8272
f 8272 7990 7991
f 8272 7991 8273
f 8273 7991 7992
f 8273 7992 8274
f 8274 7992 7987
f 8274 7987 8269
g tower_casting_seam_1
f 8275 8281 8282
f 8275 8282 8276
f 8276 8282 8283
f 8276 8283 8277
f 8277 8283 8284
f 8277 8284 8278
f 8278 8284 8285
f 8278 8285 8279
f 8279 8285 8286
f 8279 8286 8280
f 8280 8286 8281
f 8280 8281 8275
f 8281 8287 8288
f 8281 8288 8282
f 8282 8288 8289
f 8282 8289 8283
f 8283 8289 8290
f 8283 8290 8284
f 8284 8290 8291
f 8284 8291 8285
f 8285 8291 8292
f 8285 8292 8286
f 8286 8292 8287
f 8286 8287 8281
f 8287 8293 8294
f 8287 8294 8288
f 8288 8294 8295
f 8288 8295 8289
f 8289 8295 8296
f 8289 8296 8290
f 8290 8296 8297
f 8290 8297 8291
f 8291 8297 8298
f 8291 8298 8292
f 8292 8298 8293
f 8292 8293 8287
f 8293 8299 8300
f 8293 8300 8294
f 8294 8300 8301
f 8294 8301 8295
f 8295 8301 8302
f 8295 8302 8296
f 8296 8302 8303
f 8296 8303 8297
f 8297 8303 8304
f 8297 8304 8298
f 8298 8304 8299
f 8298 8299 8293
f 8299 8305 8306
f 8299 8306 8300
f 8300 8306 8307
f 8300 8307 8301
f 8301 8307 8308
f 8301 8308 8302
f 8302 8308 8309
f 8302 8309 8303
f 8303 8309 8310
f 8303 8310 8304
f 8304 8310 8305
f 8304 8305 8299
f 8305 8311 8312
f 8305 8312 8306
f 8306 8312 8313
f 8306 8313 8307
f 8307 8313 8314
f 8307 8314 8308
f 8308 8314 8315
f 8308 8315 8309
f 8309 8315 8316
f 8309 8316 8310
f 8310 8316 8311
f 8310 8311 8305
f 8311 8317 8318
f 8311 8318 8312
f 8312 8318 8319
f 8312 8319 8313
f 8313 8319 8320
f 8313 8320 8314
f 8314 8320 8321
f 8314 8321 8315
f 8315 8321 8322
f 8315 8322 8316
f 8316 8322 8317
f 8316 8317 8311
f 8317 8323 8324
f 8317 8324 8318
f 8318 8324 8325
f 8318 8325 8319
f 8319 8325 8326
f 8319 8326 8320
f 8320 8326 8327
f 8320 8327 8321
f 8321 8327 8328
f 8321 8328 8322
f 8322 8328 8323
f 8322 8323 8317
f 8323 8329 8330
f 8323 8330 8324
f 8324 8330 8331
f 8324 8331 8325
f 8325 8331 8332
f 8325 8332 8326
f 8326 8332 8333
f 8326 8333 8327
f 8327 8333 8334
f 8327 8334 8328
f 8328 8334 8329
f 8328 8329 8323
f 8329 8335 8336
f 8329 8336 8330
f 8330 8336 8337
f 8330 8337 8331
f 8331 8337 8338
f 8331 8338 8332
f 8332 8338 8339
f 8332 8339 8333
f 8333 8339 8340
f 8333 8340 8334
f 8334 8340 8335
f 8334 8335 8329
f 8335 8341 8342
f 8335 8342 8336
f 8336 8342 8343
f 8336 8343 8337
f 8337 8343 8344
f 8337 8344 8338
f 8338 8344 8345
f 8338 8345 8339
f 8339 8345 8346
f 8339 8346 8340
f 8340 8346 8341
f 8340 8341 8335
f 8341 8347 8348
f 8341 8348 8342
f 8342 8348 8349
f 8342 8349 8343
f 8343 8349 8350
f 8343 8350 8344
f 8344 8350 8351
f 8344 8351 8345
f 8345 8351 8352
f 8345 8352 8346
f 8346 8352 8347
f 8346 8347 8341
f 8347 8353 8354
f 8347 8354 8348
f 8348 8354 8355
f 8348 8355 8349
f 8349 8355 8356
f 8349 8356 8350
f 8350 8356 8357
f 8350 8357 8351
f 8351 8357 8358
f 8351 8358 8352
f 8352 8358 8353
f 8352 8353 8347
f 8353 8359 8360
f 8353 8360 8354
f 8354 8360 8361
f 8354 8361 8355
f 8355 8361 8362
f 8355 8362 8356
f 8356 8362 8363
f 8356 8363 8357
f 8357 8363 8364
f 8357 8364 8358
f 8358 8364 8359
f 8358 8359 8353
f 8359 8365 8366
f 8359 8366 8360
f 8360 8366 8367
f 8360 8367 8361
f 8361 8367 8368
f 8361 8368 8362
f 8362 8368 8369
f 8362 8369 8363
f 8363 8369 8370
f 8363 8370 8364
f 8364 8370 8365
f 8364 8365 8359
f 8365 8371 8372
f 8365 8372 8366
f 8366 8372 8373
f 8366 8373 8367
f 8367 8373 8374
f 8367 8374 8368
f 8368 8374 8375
f 8368 8375 8369
f 8369 8375 8376
f 8369 8376 8370
f 8370 8376 8371
f 8370 8371 8365
f 8371 8377 8378
f 8371 8378 8372
f 8372 8378 8379
f 8372 8379 8373
f 8373 8379 8380
f 8373 8380 8374
f 8374 8380 8381
f 8374 8381 8375
f 8375 8381 8382
f 8375 8382 8376
f 8376 8382 8377
f 8376 8377 8371
f 8377 8383 8384
f 8377 8384 8378
f 8378 8384 8385
f 8378 8385 8379
f 8379 8385 8386
f 8379 8386 8380
f 8380 8386 8387
f 8380 8387 8381
f 8381 8387 8388
f 8381 8388 8382
f 8382 8388 8383
f 8382 8383 8377
f 8383 8389 8390
f 8383 8390 8384
f 8384 8390 8391
f 8384 8391 8385
f 8385 8391 8392
f 8385 8392 8386
f 8386 8392 8393
f 8386 8393 8387
f 8387 8393 8394
f 8387 8394 8388
f 8388 8394 8389
f 8388 8389 8383
f 8389 8395 8396
f 8389 8396 8390
f 8390 8396 8397
f 8390 8397 8391
f 8391 8397 8398
f 8391 8398 8392
f 8392 8398 8399
f 8392 8399 8393
f 8393 8399 8400
f 8393 8400 8394
f 8394 8400 8395
f 8394 8395 8389
f 8395 8401 8402
f 8395 8402 8396
f 8396 8402 8403
f 8396 8403 8397
f 8397 8403 8404
f 8397 8404 8398
f 8398 8404 8405
f 8398 8405 8399
f 8399 8405 8406
f 8399 8406 8400
f 8400 8406 8401
f 8400 8401 8395
f 8401 8407 8408
f 8401 8408 8402
f 8402 8408 8409
f 8402 8409 8403
f 8403 8409 8410
f 8403 8410 8404
f 8404 8410 8411
f 8404 8411 8405
f 8405 8411 8412
f 8405 8412 8406
f 8406 8412 8407
f 8406 8407 8401
f 8407 8413 8414
f 8407 8414 8408
f 8408 8414 8415
f 8408 8415 8409
f 8409 8415 8416
f 8409 8416 8410
f 8410 8416 8417
f 8410 8417 8411
f 8411 8417 8418
f 8411 8418 8412
f 8412 8418 8413
f 8412 8413 8407
f 8413 8419 8420
f 8413 8420 8414
f 8414 8420 8421
f 8414 8421 8415
f 8415 8421 8422
f 8415 8422 8416
f 8416 8422 8423
f 8416 8423 8417
f 8417 8423 8424
f 8417 8424 8418
f 8418 8424 8419
f 8418 8419 8413
f 8419 8425 8426
f 8419 8426 8420
f 8420 8426 8427
f 8420 8427 8421
f 8421 8427 8428
f 8421 8428 8422
f 8422 8428 8429
f 8422 8429 8423
f 8423 8429 8430
f 8423 8430 8424
f 8424 8430 8425
f 8424 8425 8419
f 8425 8431 8432
f 8425 8432 8426
f 8426 8432 8433
f 8426 8433 8427
f 8427 8433 8434
f 8427 8434 8428
f 8428 8434 8435
f 8428 8435 8429
f 8429 8435 8436
f 8429 8436 8430
f 8430 8436 8431
f 8430 8431 8425
f 8431 8437 8438
f 8431 8438 8432
f 8432 8438 8439
f 8432 8439 8433
f 8433 8439 8440
f 8433 8440 8434
f 8434 8440 8441
f 8434 8441 8435
f 8435 8441 8442
f 8435 8442 8436
f 8436 8442 8437
f 8436 8437 8431
f 8437 8443 8444
f 8437 8444 8438
f 8438 8444 8445
f 8438 8445 8439
f 8439 8445 8446
f 8439 8446 8440
f 8440 8446 8447
f 8440 8447 8441
f 8441 8447 8448
f 8441 8448 8442
f 8442 8448 8443
f 8442 8443 8437
f 8443 8449 8450
f 8443 8450 8444
f 8444 8450 8451
f 8444 8451 8445
f 8445 8451 8452
f 8445 8452 8446
f 8446 8452 8453
f 8446 8453 8447
f 8447 8453 8454
f 8447 8454 8448
f 8448 8454 8449
f 8448 8449 8443
f 8449 8455 8456
f 8449 8456 8450
f 8450 8456 8457
f 8450 8457 8451
f 8451 8457 8458
f 8451 8458 8452
f 8452 8458 8459
f 8452 8459 8453
f 8453 8459 8460
f 8453 8460 8454
f 8454 8460 8455
f 8454 8455 8449
f 8455 8461 8462
f 8455 8462 8456
f 8456 8462 8463
f 8456 8463 8457
f 8457 8463 8464
f 8457 8464 8458
f 8458 8464 8465
f 8458 8465 8459
f 8459 8465 8466
f 8459 8466 8460
f 8460 8466 8461
f 8460 8461 8455
f 8461 8467 8468
f 8461 8468 8462
f 8462 8468 8469
f 8462 8469 8463
f 8463 8469 8470
f 8463 8470 8464
f 8464 8470 8471
f 8464 8471 8465
f 8465 8471 8472
f 8465 8472 8466
f 8466 8472 8467
f 8466 8467 8461
f 8467 8473 8474
f 8467 8474 8468
f 8468 8474 8475
f 8468 8475 8469
f 8469 8475 8476
f 8469 8476 8470
f 8470 8476 8477
f 8470 8477 8471
f 8471 8477 8478
f 8471 8478 8472
f 8472 8478 8473
f 8472 8473 8467
f 8473 8479 8480
f 8473 8480 8474
f 8474 8480 8481
f 8474 8481 8475
f 8475 8481 8482
f 8475 8482 8476
f 8476 8482 8483
f 8476 8483 8477
f 8477 8483 8484
f 8477 8484 8478
f 8478 8484 8479
f 8478 8479 8473
f 8479 8485 8486
f 8479 8486 8480
f 8480 8486 8487
f 8480 8487 8481
f 8481 8487 8488
f 8481 8488 8482
f 8482 8488 8489
f 8482 8489 8483
f 8483 8489 8490
f 8483 8490 8484
f 8484 8490 8485
f 8484 8485 8479
f 8485 8491 8492
f 8485 8492 8486
f 8486 8492 8493
f 8486 8493 8487
f 8487 8493 8494
f 8487 8494 8488
f 8488 8494 8495
f 8488 8495 8489
f 8489 8495 8496
f 8489 8496 8490
f 8490 8496 8491
f 8490 8491 8485
f 8491 8497 8498
f 8491 8498 8492
f 8492 8498 8499
f 8492 8499 8493
f 8493 8499 8500
f 8493 8500 8494
f 8494 8500 8501
f 8494 8501 8495
f 8495 8501 8502
f 8495 8502 8496
f 8496 8502 8497
f 8496 8497 8491
f 8497 8503 8504
f 8497 8504 8498
f 8498 8504 8505
f 8498 8505 8499
f 8499 8505 8506
f 8499 8506 8500
f 8500 8506 8507
f 8500 8507 8501
f 8501 8507 8508
f 8501 8508 8502
f 8502 8508 8503
f 8502 8503 8497
f 8503 8509 8510
f 8503 8510 8504
f 8504 8510 8511
f 8504 8511 8505
f 8505 8511 8512
f 8505 8512 8506
f 8506 8512 8513
f 8506 8513 8507
f 8507 8513 8514
f 8507 8514 8508
f 8508 8514 8509
f 8508 8509 8503
f 8509 8515 8516
f 8509 8516 8510
f 8510 8516 8517
f 8510 8517 8511
f 8511 8517 8518
f 8511 8518 8512
f 8512 8518 8519
f 8512 8519 8513
f 8513 8519 8520
f 8513 8520 8514
f 8514 8520 8515
f 8514 8515 8509
f 8515 8521 8522
f 8515 8522 8516
f 8516 8522 8523
f 8516 8523 8517
f 8517 8523 8524
f 8517 8524 8518
f 8518 8524 8525
f 8518 8525 8519
f 8519 8525 8526
f 8519 8526 8520
f 8520 8526 8521
f 8520 8521 8515
f 8521 8527 8528
f 8521 8528 8522
f 8522 8528 8529
f 8522 8529 8523
f 8523 8529 8530
f 8523 8530 8524
f 8524 8530 8531
f 8524 8531 8525
f 8525 8531 8532
f 8525 8532 8526
f 8526 8532 8527
f 8526 8527 8521
f 8527 8533 8534
f 8527 8534 8528
f 8528 8534 8535
f 8528 8535 8529
f 8529 8535 8536
f 8529 8536 8530
f 8530 8536 8537
f 8530 8537 8531
f 8531 8537 8538
f 8531 8538 8532
f 8532 8538 8533
f 8532 8533 8527
f 8533 8539 8540
f 8533 8540 8534
f 8534 8540 8541
f 8534 8541 8535
f 8535 8541 8542
f 8535 8542 8536
f 8536 8542 8543
f 8536 8543 8537
f 8537 8543 8544
f 8537 8544 8538
f 8538 8544 8539
f 8538 8539 8533
f 8539 8545 8546
f 8539 8546 8540
f 8540 8546 8547
f 8540 8547 8541
f 8541 8547 8548
f 8541 8548 8542
f 8542 8548 8549
f 8542 8549 8543
f 8543 8549 8550
f 8543 8550 8544
f 8544 8550 8545
f 8544 8545 8539
f 8545 8551 8552
f 8545 8552 8546
f 8546 8552 8553
f 8546 8553 8547
f 8547 8553 8554
f 8547 8554 8548
f 8548 8554 8555
f 8548 8555 8549
f 8549 8555 8556
f 8549 8556 8550
f 8550 8556 8551
f 8550 8551 8545
f 8551 8557 8558
f 8551 8558 8552
f 8552 8558 8559
f 8552 8559 8553
f 8553 8559 8560
f 8553 8560 8554
f 8554 8560 8561
f 8554 8561 8555
f 8555 8561 8562
f 8555 8562 8556
f 8556 8562 8557
f 8556 8557 8551
f 8557 8275 8276
f 8557 8276 8558
f 8558 8276 8277
f 8558 8277 8559
f 8559 8277 8278
f 8559 8278 8560
f 8560 8278 8279
f 8560 8279 8561
f 8561 8279 8280
f 8561 8280 8562
f 8562 8280 8275
f 8562 8275 8557
g tower_casting_seam_2
f 8563 8569 8570
f 8563 8570 8564
f 8564 8570 8571
f 8564 8571 8565
f 8565 8571 8572
f 8565 8572 8566
f 8566 8572 8573
f 8566 8573 8567
f 8567 8573 8574
f 8567 8574 8568
f 8568 8574 8569
f 8568 8569 8563
f 8569 8575 8576
f 8569 8576 8570
f 8570 8576 8577
f 8570 8577 8571
f 8571 8577 8578
f 8571 8578 8572
f 8572 8578 8579
f 8572 8579 8573
f 8573 8579 8580
f 8573 8580 8574
f 8574 8580 8575
f 8574 8575 8569
f 8575 8581 8582
f 8575 8582 8576
f 8576 8582 8583
f 8576 8583 8577
f 8577 8583 8584
f 8577 8584 8578
f 8578 8584 8585
f 8578 8585 8579
f 8579 8585 8586
f 8579 8586 8580
f 8580 8586 8581
f 8580 8581 8575
f 8581 8587 8588
f 8581 8588 8582
f 8582 8588 8589
f 8582 8589 8583
f 8583 8589 8590
f 8583 8590 8584
f 8584 8590 8591
f 8584 8591 8585
f 8585 8591 8592
f 8585 8592 8586
f 8586 8592 8587
f 8586 8587 8581
f 8587 8593 8594
f 8587 8594 8588
f 8588 8594 8595
f 8588 8595 8589
f 8589 8595 8596
f 8589 8596 8590
f 8590 8596 8597
f 8590 8597 8591
f 8591 8597 8598
f 8591 8598 8592
f 8592 8598 8593
f 8592 8593 8587
f 8593 8599 8600
f 8593 8600 8594
f 8594 8600 8601
f 8594 8601 8595
f 8595 8601 8602
f 8595 8602 8596
f 8596 8602 8603
f 8596 8603 8597
f 8597 8603 8604
f 8597 8604 8598
f 8598 8604 8599
f 8598 8599 8593
f 8599 8605 8606
f 8599 8606 8600
f 8600 8606 8607
f 8600 8607 8601
f 8601 8607 8608
f 8601 8608 8602
f 8602 8608 8609
f 8602 8609 8603
f 8603 8609 8610
f 8603 8610 8604
f 8604 8610 8605
f 8604 8605 8599
f 8605 8611 8612
f 8605 8612 8606
f 8606 8612 8613
f 8606 8613 8607
f 8607 8613 8614
f 8607 8614 8608
f 8608 8614 8615
f 8608 8615 8609
f 8609 8615 8616
f 8609 8616 8610
f 8610 8616 8611
f 8610 8611 8605
f 8611 8617 8618
f 8611 8618 8612
f 8612 8618 8619
f 8612 8619 8613
f 8613 8619 8620
f 8613 8620 8614
f 8614 8620 8621
f 8614 8621 8615
f 8615 8621 8622
f 8615 8622 8616
f 8616 8622 8617
f 8616 8617 8611
f 8617 8623 8624
f 8617 8624 8618
f 8618 8624 8625
f 8618 8625 8619
f 8619 8625 8626
f 8619 8626 8620
f 8620 8626 8627
f 8620 8627 8621
f 8621 8627 8628
f 8621 8628 8622
f 8622 8628 8623
f 8622 8623 8617
f 8623 8629 8630
f 8623 8630 8624
f 8624 8630 8631
f 8624 8631 8625
f 8625 8631 8632
f 8625 8632 8626
f 8626 8632 8633
f 8626 8633 8627
f 8627 8633 8634
f 8627 8634 8628
f 8628 8634 8629
f 8628 8629 8623
f 8629 8635 8636
f 8629 8636 8630
f 8630 8636 8637
f 8630 8637 8631
f 8631 8637 8638
f 8631 8638 8632
f 8632 8638 8639
f 8632 8639 8633
f 8633 8639 8640
f 8633 8640 8634
f 8634 8640 8635
f 8634 8635 8629
f 8635 8641 8642
f 8635 8642 8636
f 8636 8642 8643
f 8636 8643 8637
f 8637 8643 8644
f 8637 8644 8638
f 8638 8644 8645
f 8638 8645 8639
f 8639 8645 8646
f 8639 8646 8640
f 8640 8646 8641
f 8640 8641 8635
f 8641 8647 8648
f 8641 8648 8642
f 8642 8648 8649
f 8642 8649 8643
f 8643 8649 8650
f 8643 8650 8644
f 8644 8650 8651
f 8644 8651 8645
f 8645 8651 8652
f 8645 8652 8646
f 8646 8652 8647
f 8646 8647 8641
f 8647 8653 8654
f 8647 8654 8648
f 8648 8654 8655
f 8648 8655 8649
f 8649 8655 8656
f 8649 8656 8650
f 8650 8656 8657
f 8650 8657 8651
f 8651 8657 8658
f 8651 8658 8652
f 8652 8658 8653
f 8652 8653 8647
f 8653 8659 8660
f 8653 8660 8654
f 8654 8660 8661
f 8654 8661 8655
f 8655 8661 8662
f 8655 8662 8656
f 8656 8662 8663
f 8656 8663 8657
f 8657 8663 8664
f 8657 8664 8658
f 8658 8664 8659
f 8658 8659 8653
f 8659 8665 8666
f 8659 8666 8660
f 8660 8666 8667
f 8660 8667 8661
f 8661 8667 8668
f 8661 8668 8662
f 8662 8668 8669
f 8662 8669 8663
f 8663 8669 8670
f 8663 8670 8664
f 8664 8670 8665
f 8664 8665 8659
f 8665 8671 8672
f 8665 8672 8666
f 8666 8672 8673
f 8666 8673 8667
f 8667 8673 8674
f 8667 8674 8668
f 8668 8674 8675
f 8668 8675 8669
f 8669 8675 8676
f 8669 8676 8670
f 8670 8676 8671
f 8670 8671 8665
f 8671 8677 8678
f 8671 8678 8672
f 8672 8678 8679
f 8672 8679 8673
f 8673 8679 8680
f 8673 8680 8674
f 8674 8680 8681
f 8674 8681 8675
f 8675 8681 8682
f 8675 8682 8676
f 8676 8682 8677
f 8676 8677 8671
f 8677 8683 8684
f 8677 8684 8678
f 8678 8684 8685
f 8678 8685 8679
f 8679 8685 8686
f 8679 8686 8680
f 8680 8686 8687
f 8680 8687 8681
f 8681 8687 8688
f 8681 8688 8682
f 8682 8688 8683
f 8682 8683 8677
f 8683 8689 8690
f 8683 8690 8684
f 8684 8690 8691
f 8684 8691 8685
f 8685 8691 8692
f 8685 8692 8686
f 8686 8692 8693
f 8686 8693 8687
f 8687 8693 8694
f 8687 8694 8688
f 8688 8694 8689
f 8688 8689 8683
f 8689 8695 8696
f 8689 8696 8690
f 8690 8696 8697
f 8690 8697 8691
f 8691 8697 8698
f 8691 8698 8692
f 8692 8698 8699
f 8692 8699 8693
f 8693 8699 8700
f 8693 8700 8694
f 8694 8700 8695
f 8694 8695 8689
f 8695 8701 8702
f 8695 8702 8696
f 8696 8702 8703
f 8696 8703 8697
f 8697 8703 8704
f 8697 8704 8698
f 8698 8704 8705
f 8698 8705 8699
f 8699 8705 8706
f 8699 8706 8700
f 8700 8706 8701
f 8700 8701 8695
f 8701 8707 8708
f 8701 8708 8702
f 8702 8708 8709
f 8702 8709 8703
f 8703 8709 8710
f 8703 8710 8704
f 8704 8710 8711
f 8704 8711 8705
f 8705 8711 8712
f 8705 8712 8706
f 8706 8712 8707
f 8706 8707 8701
f 8707 8713 8714
f 8707 8714 8708
f 8708 8714 8715
f 8708 8715 8709
f 8709 8715 8716
f 8709 8716 8710
f 8710 8716 8717
f 8710 8717 8711
f 8711 8717 8718
f 8711 8718 8712
f 8712 8718 8713
f 8712 8713 8707
f 8713 8719 8720
f 8713 8720 8714
f 8714 8720 8721
f 8714 8721 8715
f 8715 8721 8722
f 8715 8722 8716
f 8716 8722 8723
f 8716 8723 8717
f 8717 8723 8724
f 8717 8724 8718
f 8718 8724 8719
f 8718 8719 8713
f 8719 8725 8726
f 8719 8726 8720
f 8720 8726 8727
f 8720 8727 8721
f 8721 8727 8728
f 8721 8728 8722
f 8722 8728 8729
f 8722 8729 8723
f 8723 8729 8730
f 8723 8730 8724
f 8724 8730 8725
f 8724 8725 8719
f 8725 8731 8732
f 8725 8732 8726
f 8726 8732 8733
f 8726 8733 8727
f 8727 8733 8734
f 8727 8734 8728
f 8728 8734 8735
f 8728 8735 8729
f 8729 8735 8736
f 8729 8736 8730
f 8730 8736 8731
f 8730 8731 8725
f 8731 8737 8738
f 8731 8738 8732
f 8732 8738 8739
f 8732 8739 8733
f 8733 8739 8740
f 8733 8740 8734
f 8734 8740 8741
f 8734 8741 8735
f 8735 8741 8742
f 8735 8742 8736
f 8736 8742 8737
f 8736 8737 8731
f 8737 8743 8744
f 8737 8744 8738
f 8738 8744 8745
f 8738 8745 8739
f 8739 8745 8746
f 8739 8746 8740
f 8740 8746 8747
f 8740 8747 8741
f 8741 8747 8748
f 8741 8748 8742
f 8742 8748 8743
f 8742 8743 8737
f 8743 8749 8750
f 8743 8750 8744
f 8744 8750 8751
f 8744 8751 8745
f 8745 8751 8752
f 8745 8752 8746
f 8746 8752 8753
f 8746 8753 8747
f 8747 8753 8754
f 8747 8754 8748
f 8748 8754 8749
f 8748 8749 8743
f 8749 8755 8756
f 8749 8756 8750
f 8750 8756 8757
f 8750 8757 8751
f 8751 8757 8758
f 8751 8758 8752
f 8752 8758 8759
f 8752 8759 8753
f 8753 8759 8760
f 8753 8760 8754
f 8754 8760 8755
f 8754 8755 8749
f 8755 8761 8762
f 8755 8762 8756
f 8756 8762 8763
f 8756 8763 8757
f 8757 8763 8764
f 8757 8764 8758
f 8758 8764 8765
f 8758 8765 8759
f 8759 8765 8766
f 8759 8766 8760
f 8760 8766 8761
f 8760 8761 8755
f 8761 8767 8768
f 8761 8768 8762
f 8762 8768 8769
f 8762 8769 8763
f 8763 8769 8770
f 8763 8770 8764
f 8764 8770 8771
f 8764 8771 8765
f 8765 8771 8772
f 8765 8772 8766
f 8766 8772 8767
f 8766 8767 8761
f 8767 8773 8774
f 8767 8774 8768
f 8768 8774 8775
f 8768 8775 8769
f 8769 8775 8776
f 8769 8776 8770
f 8770 8776 8777
f 8770 8777 8771
f 8771 8777 8778
f 8771 8778 8772
f 8772 8778 8773
f 8772 8773 8767
f 8773 8779 8780
f 8773 8780 8774
f 8774 8780 8781
f 8774 8781 8775
f 8775 8781 8782
f 8775 8782 8776
f 8776 8782 8783
f 8776 8783 8777
f 8777 8783 8784
f 8777 8784 8778
f 8778 8784 8779
f 8778 8779 8773
f 8779 8785 8786
f 8779 8786 8780
f 8780 8786 8787
f 8780 8787 8781
f 8781 8787 8788
f 8781 8788 8782
f 8782 8788 8789
f 8782 8789 8783
f 8783 8789 8790
f 8783 8790 8784
f 8784 8790 8785
f 8784 8785 8779
f 8785 8791 8792
f 8785 8792 8786
f 8786 8792 8793
f 8786 8793 8787
f 8787 8793 8794
f 8787 8794 8788
f 8788 8794 8795
f 8788 8795 8789
f 8789 8795 8796
f 8789 8796 8790
f 8790 8796 8791
f 8790 8791 8785
f 8791 8797 8798
f 8791 8798 8792
f 8792 8798 8799
f 8792 8799 8793
f 8793 8799 8800
f 8793 8800 8794
f 8794 8800 8801
f 8794 8801 8795
f 8795 8801 8802
f 8795 8802 8796
f 8796 8802 8797
f 8796 8797 8791
f 8797 8803 8804
f 8797 8804 8798
f 8798 8804 8805
f 8798 8805 8799
f 8799 8805 8806
f 8799 8806 8800
f 8800 8806 8807
f 8800 8807 8801
f 8801 8807 8808
f 8801 8808 8802
f 8802 8808 8803
f 8802 8803 8797
f 8803 8809 8810
f 8803 8810 8804
f 8804 8810 8811
f 8804 8811 8805
f 8805 8811 8812
f 8805 8812 8806
f 8806 8812 8813
f 8806 8813 8807
f 8807 8813 8814
f 8807 8814 8808
f 8808 8814 8809
f 8808 8809 8803
f 8809 8815 8816
f 8809 8816 8810
f 8810 8816 8817
f 8810 8817 8811
f 8811 8817 8818
f 8811 8818 8812
f 8812 8818 8819
f 8812 8819 8813
f 8813 8819 8820
f 8813 8820 8814
f 8814 8820 8815
f 8814 8815 8809
f 8815 8821 8822
f 8815 8822 8816
f 8816 8822 8823
f 8816 8823 8817
f 8817 8823 8824
f 8817 8824 8818
f 8818 8824 8825
f 8818 8825 8819
f 8819 8825 8826
f 8819 8826 8820
f 8820 8826 8821
f 8820 8821 8815
f 8821 8827 8828
f 8821 8828 8822
f 8822 8828 8829
f 8822 8829 8823
f 8823 8829 8830
f 8823 8830 8824
f 8824 8830 8831
f 8824 8831 8825
f 8825 8831 8832
f 8825 8832 8826
f 8826 8832 8827
f 8826 8827 8821
f 8827 8833 8834
f 8827 8834 8828
f 8828 8834 8835
f 8828 8835 8829
f 8829 8835 8836
f 8829 8836 8830
f 8830 8836 8837
f 8830 8837 8831
f 8831 8837 8838
f 8831 8838 8832
f 8832 8838 8833
f 8832 8833 8827
f 8833 8839 8840
f 8833 8840 8834
f 8834 8840 8841
f 8834 8841 8835
f 8835 8841 8842
f 8835 8842 8836
f 8836 8842 8843
f 8836 8843 8837
f 8837 8843 8844
f 8837 8844 8838
f 8838 8844 8839
f 8838 8839 8833
f 8839 8845 8846
f 8839 8846 8840
f 8840 8846 8847
f 8840 8847 8841
f 8841 8847 8848
f 8841 8848 8842
f 8842 8848 8849
f 8842 8849 8843
f 8843 8849 8850
f 8843 8850 8844
f 8844 8850 8845
f 8844 8845 8839
f 8845 8563 8564
f 8845 8564 8846
f 8846 8564 8565
f 8846 8565 8847
f 8847 8565 8566
f 8847 8566 8848
f 8848 8566 8567
f 8848 8567 8849
f 8849 8567 8568
f 8849 8568 8850
f 8850 8568 8563
f 8850 8563 8845
g front_equalizer_tube_low
usemtl cast_aluminum
f 8851 8853 8854
f 8851 8854 8852
f 8853 8855 8856
f 8853 8856 8854
f 8855 8857 8858
f 8855 8858 8856
f 8857 8859 8860
f 8857 8860 8858
f 8859 8861 8862
f 8859 8862 8860
f 8861 8863 8864
f 8861 8864 8862
f 8863 8865 8866
f 8863 8866 8864
f 8865 8867 8868
f 8865 8868 8866
f 8867 8869 8870
f 8867 8870 8868
f 8869 8871 8872
f 8869 8872 8870
f 8871 8873 8874
f 8871 8874 8872
f 8873 8851 8852
f 8873 8852 8874
f 8875 8853 8851
f 8876 8852 8854
f 8875 8855 8853
f 8876 8854 8856
f 8875 8857 8855
f 8876 8856 8858
f 8875 8859 8857
f 8876 8858 8860
f 8875 8861 8859
f 8876 8860 8862
f 8875 8863 8861
f 8876 8862 8864
f 8875 8865 8863
f 8876 8864 8866
f 8875 8867 8865
f 8876 8866 8868
f 8875 8869 8867
f 8876 8868 8870
f 8875 8871 8869
f 8876 8870 8872
f 8875 8873 8871
f 8876 8872 8874
f 8875 8851 8873
f 8876 8874 8852
g front_equalizer_tube_high
f 8877 8879 8880
f 8877 8880 8878
f 8879 8881 8882
f 8879 8882 8880
f 8881 8883 8884
f 8881 8884 8882
f 8883 8885 8886
f 8883 8886 8884
f 8885 8887 8888
f 8885 8888 8886
f 8887 8889 8890
f 8887 8890 8888
f 8889 8891 8892
f 8889 8892 8890
f 8891 8893 8894
f 8891 8894 8892
f 8893 8895 8896
f 8893 8896 8894
f 8895 8897 8898
f 8895 8898 8896
f 8897 8899 8900
f 8897 8900 8898
f 8899 8877 8878
f 8899 8878 8900
f 8901 8879 8877
f 8902 8878 8880
f 8901 8881 8879
f 8902 8880 8882
f 8901 8883 8881
f 8902 8882 8884
f 8901 8885 8883
f 8902 8884 8886
f 8901 8887 8885
f 8902 8886 8888
f 8901 8889 8887
f 8902 8888 8890
f 8901 8891 8889
f 8902 8890 8892
f 8901 8893 8891
f 8902 8892 8894
f 8901 8895 8893
f 8902 8894 8896
f 8901 8897 8895
f 8902 8896 8898
f 8901 8899 8897
f 8902 8898 8900
f 8901 8877 8899
f 8902 8900 8878
g triangular_side_bracket_a
usemtl steel
f 8903 8904 8905
f 8903 8905 8906
f 8907 8910 8909
f 8907 8909 8908
f 8903 8907 8908
f 8903 8908 8904
f 8904 8908 8909
f 8904 8909 8905
f 8905 8909 8910
f 8905 8910 8906
f 8906 8910 8907
f 8906 8907 8903
g triangular_side_bracket_a_end0
f 8911 8913 8914
f 8911 8914 8912
f 8913 8915 8916
f 8913 8916 8914
f 8915 8917 8918
f 8915 8918 8916
f 8917 8919 8920
f 8917 8920 8918
f 8919 8921 8922
f 8919 8922 8920
f 8921 8923 8924
f 8921 8924 8922
f 8923 8925 8926
f 8923 8926 8924
f 8925 8927 8928
f 8925 8928 8926
f 8927 8929 8930
f 8927 8930 8928
f 8929 8931 8932
f 8929 8932 8930
f 8931 8933 8934
f 8931 8934 8932
f 8933 8935 8936
f 8933 8936 8934
f 8935 8937 8938
f 8935 8938 8936
f 8937 8939 8940
f 8937 8940 8938
f 8939 8941 8942
f 8939 8942 8940
f 8941 8943 8944
f 8941 8944 8942
f 8943 8945 8946
f 8943 8946 8944
f 8945 8911 8912
f 8945 8912 8946
f 8947 8913 8911
f 8948 8912 8914
f 8947 8915 8913
f 8948 8914 8916
f 8947 8917 8915
f 8948 8916 8918
f 8947 8919 8917
f 8948 8918 8920
f 8947 8921 8919
f 8948 8920 8922
f 8947 8923 8921
f 8948 8922 8924
f 8947 8925 8923
f 8948 8924 8926
f 8947 8927 8925
f 8948 8926 8928
f 8947 8929 8927
f 8948 8928 8930
f 8947 8931 8929
f 8948 8930 8932
f 8947 8933 8931
f 8948 8932 8934
f 8947 8935 8933
f 8948 8934 8936
f 8947 8937 8935
f 8948 8936 8938
f 8947 8939 8937
f 8948 8938 8940
f 8947 8941 8939
f 8948 8940 8942
f 8947 8943 8941
f 8948 8942 8944
f 8947 8945 8943
f 8948 8944 8946
f 8947 8911 8945
f 8948 8946 8912
g triangular_side_bracket_a_end1
f 8949 8951 8952
f 8949 8952 8950
f 8951 8953 8954
f 8951 8954 8952
f 8953 8955 8956
f 8953 8956 8954
f 8955 8957 8958
f 8955 8958 8956
f 8957 8959 8960
f 8957 8960 8958
f 8959 8961 8962
f 8959 8962 8960
f 8961 8963 8964
f 8961 8964 8962
f 8963 8965 8966
f 8963 8966 8964
f 8965 8967 8968
f 8965 8968 8966
f 8967 8969 8970
f 8967 8970 8968
f 8969 8971 8972
f 8969 8972 8970
f 8971 8973 8974
f 8971 8974 8972
f 8973 8975 8976
f 8973 8976 8974
f 8975 8977 8978
f 8975 8978 8976
f 8977 8979 8980
f 8977 8980 8978
f 8979 8981 8982
f 8979 8982 8980
f 8981 8983 8984
f 8981 8984 8982
f 8983 8949 8950
f 8983 8950 8984
f 8985 8951 8949
f 8986 8950 8952
f 8985 8953 8951
f 8986 8952 8954
f 8985 8955 8953
f 8986 8954 8956
f 8985 8957 8955
f 8986 8956 8958
f 8985 8959 8957
f 8986 8958 8960
f 8985 8961 8959
f 8986 8960 8962
f 8985 8963 8961
f 8986 8962 8964
f 8985 8965 8963
f 8986 8964 8966
f 8985 8967 8965
f 8986 8966 8968
f 8985 8969 8967
f 8986 8968 8970
f 8985 8971 8969
f 8986 8970 8972
f 8985 8973 8971
f 8986 8972 8974
f 8985 8975 8973
f 8986 8974 8976
f 8985 8977 8975
f 8986 8976 8978
f 8985 8979 8977
f 8986 8978 8980
f 8985 8981 8979
f 8986 8980 8982
f 8985 8983 8981
f 8986 8982 8984
f 8985 8949 8983
f 8986 8984 8950
g triangular_side_bracket_b
f 8987 8988 8989
f 8987 8989 8990
f 8991 8994 8993
f 8991 8993 8992
f 8987 8991 8992
f 8987 8992 8988
f 8988 8992 8993
f 8988 8993 8989
f 8989 8993 8994
f 8989 8994 8990
f 8990 8994 8991
f 8990 8991 8987
g triangular_side_bracket_b_end0
f 8995 8997 8998
f 8995 8998 8996
f 8997 8999 9000
f 8997 9000 8998
f 8999 9001 9002
f 8999 9002 9000
f 9001 9003 9004
f 9001 9004 9002
f 9003 9005 9006
f 9003 9006 9004
f 9005 9007 9008
f 9005 9008 9006
f 9007 9009 9010
f 9007 9010 9008
f 9009 9011 9012
f 9009 9012 9010
f 9011 9013 9014
f 9011 9014 9012
f 9013 9015 9016
f 9013 9016 9014
f 9015 9017 9018
f 9015 9018 9016
f 9017 9019 9020
f 9017 9020 9018
f 9019 9021 9022
f 9019 9022 9020
f 9021 9023 9024
f 9021 9024 9022
f 9023 9025 9026
f 9023 9026 9024
f 9025 9027 9028
f 9025 9028 9026
f 9027 9029 9030
f 9027 9030 9028
f 9029 8995 8996
f 9029 8996 9030
f 9031 8997 8995
f 9032 8996 8998
f 9031 8999 8997
f 9032 8998 9000
f 9031 9001 8999
f 9032 9000 9002
f 9031 9003 9001
f 9032 9002 9004
f 9031 9005 9003
f 9032 9004 9006
f 9031 9007 9005
f 9032 9006 9008
f 9031 9009 9007
f 9032 9008 9010
f 9031 9011 9009
f 9032 9010 9012
f 9031 9013 9011
f 9032 9012 9014
f 9031 9015 9013
f 9032 9014 9016
f 9031 9017 9015
f 9032 9016 9018
f 9031 9019 9017
f 9032 9018 9020
f 9031 9021 9019
f 9032 9020 9022
f 9031 9023 9021
f 9032 9022 9024
f 9031 9025 9023
f 9032 9024 9026
f 9031 9027 9025
f 9032 9026 9028
f 9031 9029 9027
f 9032 9028 9030
f 9031 8995 9029
f 9032 9030 8996
g triangular_side_bracket_b_end1
f 9033 9035 9036
f 9033 9036 9034
f 9035 9037 9038
f 9035 9038 9036
f 9037 9039 9040
f 9037 9040 9038
f 9039 9041 9042
f 9039 9042 9040
f 9041 9043 9044
f 9041 9044 9042
f 9043 9045 9046
f 9043 9046 9044
f 9045 9047 9048
f 9045 9048 9046
f 9047 9049 9050
f 9047 9050 9048
f 9049 9051 9052
f 9049 9052 9050
f 9051 9053 9054
f 9051 9054 9052
f 9053 9055 9056
f 9053 9056 9054
f 9055 9057 9058
f 9055 9058 9056
f 9057 9059 9060
f 9057 9060 9058
f 9059 9061 9062
f 9059 9062 9060
f 9061 9063 9064
f 9061 9064 9062
f 9063 9065 9066
f 9063 9066 9064
f 9065 9067 9068
f 9065 9068 9066
f 9067 9033 9034
f 9067 9034 9068
f 9069 9035 9033
f 9070 9034 9036
f 9069 9037 9035
f 9070 9036 9038
f 9069 9039 9037
f 9070 9038 9040
f 9069 9041 9039
f 9070 9040 9042
f 9069 9043 9041
f 9070 9042 9044
f 9069 9045 9043
f 9070 9044 9046
f 9069 9047 9045
f 9070 9046 9048
f 9069 9049 9047
f 9070 9048 9050
f 9069 9051 9049
f 9070 9050 9052
f 9069 9053 9051
f 9070 9052 9054
f 9069 9055 9053
f 9070 9054 9056
f 9069 9057 9055
f 9070 9056 9058
f 9069 9059 9057
f 9070 9058 9060
f 9069 9061 9059
f 9070 9060 9062
f 9069 9063 9061
f 9070 9062 9064
f 9069 9065 9063
f 9070 9064 9066
f 9069 9067 9065
f 9070 9066 9068
f 9069 9033 9067
f 9070 9068 9034
g triangular_side_bracket_c
f 9071 9072 9073
f 9071 9073 9074
f 9075 9078 9077
f 9075 9077 9076
f 9071 9075 9076
f 9071 9076 9072
f 9072 9076 9077
f 9072 9077 9073
f 9073 9077 9078
f 9073 9078 9074
f 9074 9078 9075
f 9074 9075 9071
g triangular_side_bracket_c_end0
f 9079 9081 9082
f 9079 9082 9080
f 9081 9083 9084
f 9081 9084 9082
f 9083 9085 9086
f 9083 9086 9084
f 9085 9087 9088
f 9085 9088 9086
f 9087 9089 9090
f 9087 9090 9088
f 9089 9091 9092
f 9089 9092 9090
f 9091 9093 9094
f 9091 9094 9092
f 9093 9095 9096
f 9093 9096 9094
f 9095 9097 9098
f 9095 9098 9096
f 9097 9099 9100
f 9097 9100 9098
f 9099 9101 9102
f 9099 9102 9100
f 9101 9103 9104
f 9101 9104 9102
f 9103 9105 9106
f 9103 9106 9104
f 9105 9107 9108
f 9105 9108 9106
f 9107 9109 9110
f 9107 9110 9108
f 9109 9111 9112
f 9109 9112 9110
f 9111 9113 9114
f 9111 9114 9112
f 9113 9079 9080
f 9113 9080 9114
f 9115 9081 9079
f 9116 9080 9082
f 9115 9083 9081
f 9116 9082 9084
f 9115 9085 9083
f 9116 9084 9086
f 9115 9087 9085
f 9116 9086 9088
f 9115 9089 9087
f 9116 9088 9090
f 9115 9091 9089
f 9116 9090 9092
f 9115 9093 9091
f 9116 9092 9094
f 9115 9095 9093
f 9116 9094 9096
f 9115 9097 9095
f 9116 9096 9098
f 9115 9099 9097
f 9116 9098 9100
f 9115 9101 9099
f 9116 9100 9102
f 9115 9103 9101
f 9116 9102 9104
f 9115 9105 9103
f 9116 9104 9106
f 9115 9107 9105
f 9116 9106 9108
f 9115 9109 9107
f 9116 9108 9110
f 9115 9111 9109
f 9116 9110 9112
f 9115 9113 9111
f 9116 9112 9114
f 9115 9079 9113
f 9116 9114 9080
g triangular_side_bracket_c_end1
f 9117 9119 9120
f 9117 9120 9118
f 9119 9121 9122
f 9119 9122 9120
f 9121 9123 9124
f 9121 9124 9122
f 9123 9125 9126
f 9123 9126 9124
f 9125 9127 9128
f 9125 9128 9126
f 9127 9129 9130
f 9127 9130 9128
f 9129 9131 9132
f 9129 9132 9130
f 9131 9133 9134
f 9131 9134 9132
f 9133 9135 9136
f 9133 9136 9134
f 9135 9137 9138
f 9135 9138 9136
f 9137 9139 9140
f 9137 9140 9138
f 9139 9141 9142
f 9139 9142 9140
f 9141 9143 9144
f 9141 9144 9142
f 9143 9145 9146
f 9143 9146 9144
f 9145 9147 9148
f 9145 9148 9146
f 9147 9149 9150
f 9147 9150 9148
f 9149 9151 9152
f 9149 9152 9150
f 9151 9117 9118
f 9151 9118 9152
f 9153 9119 9117
f 9154 9118 9120
f 9153 9121 9119
f 9154 9120 9122
f 9153 9123 9121
f 9154 9122 9124
f 9153 9125 9123
f 9154 9124 9126
f 9153 9127 9125
f 9154 9126 9128
f 9153 9129 9127
f 9154 9128 9130
f 9153 9131 9129
f 9154 9130 9132
f 9153 9133 9131
f 9154 9132 9134
f 9153 9135 9133
f 9154 9134 9136
f 9153 9137 9135
f 9154 9136 9138
f 9153 9139 9137
f 9154 9138 9140
f 9153 9141 9139
f 9154 9140 9142
f 9153 9143 9141
f 9154 9142 9144
f 9153 9145 9143
f 9154 9144 9146
f 9153 9147 9145
f 9154 9146 9148
f 9153 9149 9147
f 9154 9148 9150
f 9153 9151 9149
f 9154 9150 9152
f 9153 9117 9151
f 9154 9152 9118
